player,team,position,nineties,goals_p90,xg_p90,np_xg_p90,shots_p90,assists_p90,xa_p90,key_passes_p90,xg_chain_p90,xg_buildup_p90,market_value_in_eur,valuation_date
Bukayo Saka,Arsenal,F M S,24.877777777777776,0.2813756141134435,0.3497577532701604,0.3191614176831763,2.853952657436356,0.2009825815096025,0.3437926698278082,2.492184010719072,0.7682583848777336,0.3230931387915575,110000000.0,2026-06-03
Cristhian Mosquera,Arsenal,D S,10.844444444444443,0.0,0.007916874496541,0.007916874496541,0.0922131147540983,0.0,0.02706022602964,0.4610655737704918,0.4968485401821185,0.4781001966568778,40000000.0,2026-06-03
David Raya,Arsenal,GK,37.0,0.0,0.0,0.0,0.0,0.0,0.0040376749191735,0.081081081081081,0.1733107640332467,0.1708515418341031,30000000.0,2026-06-03
Declan Rice,Arsenal,D M S,34.56666666666667,0.1157184185149469,0.1076459273042133,0.1076459273042133,1.1571841851494695,0.1446480231436837,0.2360496532779075,1.8225650916104144,0.5349346457216296,0.3748370762896457,120000000.0,2026-06-03
Eberechi Eze,Arsenal,F M S,21.42222222222222,0.3267634854771784,0.2244145078178789,0.2244145078178789,2.940871369294606,0.0933609958506224,0.1229338802849387,0.7935684647302905,0.4834224586085227,0.1901795993620893,65000000.0,2026-06-03
Gabriel,Arsenal,D S,30.53333333333333,0.0982532751091703,0.1522623639407376,0.1522623639407376,0.8842794759825326,0.131004366812227,0.0892477085626802,0.2292576419213973,0.291289680690289,0.272159048530993,450000.0,2026-05-26
Gabriel,Arsenal,D S,30.53333333333333,0.0982532751091703,0.1522623639407376,0.1522623639407376,0.8842794759825326,0.131004366812227,0.0892477085626802,0.2292576419213973,0.291289680690289,0.272159048530993,900000.0,2026-05-26
Gabriel,Arsenal,D S,30.53333333333333,0.0982532751091703,0.1522623639407376,0.1522623639407376,0.8842794759825326,0.131004366812227,0.0892477085626802,0.2292576419213973,0.291289680690289,0.272159048530993,75000000.0,2026-06-03
Gabriel Martinelli,Arsenal,F M S,11.38888888888889,0.0878048780487804,0.4703762846022117,0.4703762846022117,2.546341463414634,0.3512195121951219,0.2255857733509889,1.1414634146341462,0.8800910360202556,0.3166701625214844,45000000.0,2026-06-03
Jurriën Timber,Arsenal,D S,27.5,0.109090909090909,0.1465760304169221,0.1465760304169221,0.9090909090909092,0.1818181818181818,0.0941506339406425,1.018181818181818,0.4159486916254867,0.3148871067572724,70000000.0,2026-06-03
Leandro Trossard,Arsenal,F M S,22.511111111111116,0.2665350444225073,0.2999927938629864,0.2999927938629864,2.354392892398815,0.2665350444225073,0.2215798439868051,1.5992102665350445,0.6029302288335908,0.2203606755674061,18000000.0,2026-06-03
Martin Odegaard,Arsenal,M S,14.966666666666669,0.0668151447661469,0.0814556696748813,0.0814556696748813,1.469933184855234,0.4008908685968819,0.3326338855238561,2.538975501113586,0.7840068861510281,0.5070524894630324,65000000.0,2026-06-03
Martín Zubimendi,Arsenal,D M S,33.77777777777778,0.1480263157894736,0.0871666774313014,0.0871666774313014,0.7993421052631579,0.0296052631578947,0.0322053042657085,0.5625,0.3989812934673146,0.3308598661341851,75000000.0,2026-06-03
Mikel Merino,Arsenal,F M S,11.133333333333333,0.3592814371257485,0.4686685908072723,0.4686685908072723,1.9760479041916168,0.2694610778443114,0.2057011972019772,1.0778443113772456,0.7516940714356428,0.3424071887519188,25000000.0,2026-06-03
Noni Madueke,Arsenal,F M S,13.844444444444443,0.1444622792937399,0.1442035424551458,0.1442035424551458,1.8057784911717496,0.0722311396468699,0.2897174772096388,1.5890850722311396,0.4859810181105596,0.2379251967511628,50000000.0,2026-06-03
Piero Hincapié,Arsenal,D S,19.844444444444445,0.0503919372900335,0.0207934684765682,0.0207934684765682,0.1511758118701008,0.1007838745800671,0.1072041732483321,0.6550951847704367,0.4272919427707775,0.3468484151586973,50000000.0,2026-06-03
Riccardo Calafiori,Arsenal,D S,19.5,0.0512820512820512,0.1779237609261121,0.1779237609261121,1.641025641025641,0.1025641025641025,0.0332525004752171,0.4615384615384615,0.4183501467490808,0.3363264645330416,55000000.0,2026-06-03
Viktor Gyokeres,Arsenal,F S,25.05555555555556,0.5587583148558758,0.5536269494177497,0.4624892148269781,2.195121951219512,0.0399113082039911,0.1059141844436691,0.7982261640798226,0.589697686240837,0.1300925408178184,65000000.0,2026-06-03
William Saliba,Arsenal,D S,28.988888888888887,0.0344959754695285,0.0544263218019418,0.0544263218019418,0.1724798773476427,0.0,0.0450527043595493,0.3449597546952855,0.3800535814721679,0.362274871482994,100000000.0,2026-06-03
Amadou Onana,Aston Villa,M S,19.92222222222222,0.1003904071388734,0.1391674118709677,0.1391674118709677,0.9537088678192972,0.0,0.0252948627000538,0.3513664249860569,0.3420945530268013,0.2666954668233565,45000000.0,2026-06-03
Boubacar Kamara,Aston Villa,M S,15.933333333333334,0.0627615062761506,0.0660349753837268,0.0660349753837268,0.4393305439330544,0.1882845188284518,0.0457545998993341,0.9414225941422594,0.357612092320702,0.2680067991580673,40000000.0,2026-06-03
Douglas Luiz,Aston Villa,M S,10.4,0.0961538461538461,0.0675439526541875,0.0675439526541875,1.0576923076923077,0.0,0.175282859440463,1.8269230769230769,0.391425068418567,0.2702795470563265,18000000.0,2026-06-03
Emiliano Buendía,Aston Villa,M S,19.75555555555556,0.3037120359955005,0.1915655245572848,0.1915655245572848,2.4803149606299213,0.1012373453318335,0.1835554099408124,1.5185601799775028,0.4660032432279113,0.1865737571268938,16000000.0,2026-06-03
Emiliano Martinez,Aston Villa,GK,31.522222222222226,0.0,0.0,0.0,0.0,0.0317236517448008,0.0112250974355216,0.0634473034896016,0.1458606134035195,0.1346355169134363,12000000.0,2026-06-03
Emiliano Martinez,Aston Villa,GK,31.522222222222226,0.0,0.0,0.0,0.0,0.0317236517448008,0.0112250974355216,0.0634473034896016,0.1458606134035195,0.1346355169134363,6500000.0,2026-05-26
Evann Guessand,Aston Villa,M S,10.22222222222222,0.0978260869565217,0.181395789851313,0.181395789851313,1.0760869565217392,0.1956521739130435,0.1210826496067254,0.4891304347826087,0.3697212188423652,0.1274256007138478,25000000.0,2026-06-03
Ezri Konsa Ngoyo,Aston Villa,D,33.733333333333334,0.0,0.031839454428775,0.031839454428775,0.3260869565217391,0.0,0.0178306475797071,0.1482213438735178,0.2775028475703811,0.2620129120488293,40000000.0,2026-06-03
Ian Maatsen,Aston Villa,D S,17.633333333333333,0.0,0.0736966456281327,0.0736966456281327,1.1342155009451795,0.0567107750472589,0.1682431891997167,1.4177693761814745,0.2882615263117847,0.2112307944220609,30000000.0,2026-06-03
John McGinn,Aston Villa,M S,24.677777777777777,0.2026114362899594,0.1215424850408637,0.1215424850408637,1.134624043223773,0.1620891490319675,0.1970394534670665,1.580369203061684,0.4429459266233745,0.2387639109417628,13000000.0,2026-06-03
Lamare Bogarde,Aston Villa,D M S,11.233333333333333,0.0,0.0,0.0,0.0,0.0,0.0036634206329679,0.1780415430267062,0.1742184778968375,0.170555057927126,18000000.0,2026-06-03
Lucas Digne,Aston Villa,D S,20.633333333333333,0.0,0.0340879890881177,0.0340879890881177,0.6785137318255251,0.2907915993537964,0.1479406232956153,1.260096930533118,0.268060120517728,0.2007900663803486,6000000.0,2026-06-03
Matthew Cash,Aston Villa,D S,33.77777777777778,0.0888157894736842,0.0360568128710024,0.0360568128710024,0.888157894736842,0.0888157894736842,0.0951776343220109,0.9177631578947368,0.3049670432902578,0.2389903912921191,22000000.0,2026-06-03
Morgan Rogers,Aston Villa,F M,36.67777777777778,0.2726446531354135,0.1948270233620553,0.1948270233620553,2.290215086337473,0.1635867918812481,0.2038022644718518,1.308694335049985,0.496347080323686,0.1957669954265077,90000000.0,2026-06-03
Ollie Watkins,Aston Villa,F S,32.31111111111111,0.4951856946354883,0.5827012733669064,0.5827012733669064,2.568775790921596,0.092847317744154,0.0871533509523209,0.7118294360385145,0.6730162889467349,0.1343444566193717,25000000.0,2026-06-03
Pau Torres,Aston Villa,D S,18.655555555555555,0.0,0.0848327671411209,0.0848327671411209,0.4824300178677784,0.0,0.0003695454056851,0.053603335318642,0.2414144003822592,0.2374356971557754,20000000.0,2026-06-03
Tyrone Mings,Aston Villa,D S,14.6,0.0,0.1021998255730491,0.1021998255730491,0.6164383561643836,0.0,0.0485832157404455,0.3424657534246575,0.2673398959769369,0.2459762749351459,3000000.0,2026-06-03
Victor Lindelöf,Aston Villa,D M S,10.422222222222222,0.0,0.0149802592342723,0.0149802592342723,0.2878464818763326,0.0959488272921108,0.0573869820819226,0.1918976545842217,0.2441504269814504,0.2425465810853344,5000000.0,2026-06-03
Youri Tielemans,Aston Villa,M S,20.677777777777777,0.0,0.08898268875149,0.08898268875149,1.160666308436325,0.1934443847393874,0.1442257291950137,1.5475550779150995,0.4752443585102434,0.3621009772284129,30000000.0,2026-06-03
Adam Smith,Bournemouth,D S,11.988888888888887,0.0,0.0,0.0,0.0,0.1668211306765523,0.0415771493154808,0.5004633920296571,0.3784481161192018,0.3388971548641413,300000.0,2026-06-03
Adrien Truffert,Bournemouth,D,37.67777777777778,0.0265408434090238,0.0527815122527557,0.0527815122527557,0.4246534945443821,0.1327042170451194,0.1169955051459857,0.8758478324977883,0.4044524812974767,0.2643169842103446,30000000.0,2026-06-03
Alejandro Jiménez,Bournemouth,D M S,26.155555555555555,0.038232795242141,0.0462780472843851,0.0462780472843851,0.8028887000849618,0.0,0.065105947845488,0.5734919286321155,0.2799532795285357,0.1861781960221905,3000000.0,2026-05-20
Alex Scott,Bournemouth,M S,32.388888888888886,0.0926243567753001,0.1080659217749104,0.1080659217749104,1.358490566037736,0.0308747855917667,0.089287168105128,0.8027444253859349,0.4707227866221252,0.339362343246082,50000000.0,2026-06-03
Amine Adli,Bournemouth,M S,11.511111111111113,0.2606177606177606,0.3105238121017296,0.3105238121017296,1.7374517374517375,0.0868725868725868,0.1110162157529396,1.4768339768339769,0.532974876467009,0.1884339535501012,20000000.0,2026-06-03
Antoine Semenyo,Bournemouth,F M,35.77777777777778,0.4751552795031056,0.3587921803747737,0.3162423689554659,2.3198757763975157,0.1118012422360248,0.1154395172094799,1.062111801242236,0.58333942887622,0.2206318469324745,80000000.0,2026-06-03
Bafode Diakite,Bournemouth,D S,14.177777777777775,0.0,0.0009781332850035,0.0009781332850035,0.0705329153605015,0.0,0.0059646915726153,0.1410658307210031,0.2769497870744957,0.2735074760748488,25000000.0,2026-06-03
David Brooks,Bournemouth,M S,13.233333333333333,0.0755667506297229,0.4942160941453965,0.4942160941453965,3.627204030226701,0.2267002518891687,0.3171415363323479,1.889168765743073,0.9215648141067936,0.2014974404304694,12000000.0,2026-06-03
Djordje Petrovic,Bournemouth,GK,38.0,0.0,0.0,0.0,0.0,0.0,0.0,0.0,0.0794209715861238,0.0794209715861238,28000000.0,2026-06-03
Djordje Petrovic,Bournemouth,GK,38.0,0.0,0.0,0.0,0.0,0.0,0.0,0.0,0.0794209715861238,0.0794209715861238,1200000.0,2026-06-05
Eli Junior Kroupi,Bournemouth,F M S,18.977777777777774,0.6850117096018735,0.4662886125513241,0.3860717555464396,2.740046838407494,0.0,0.0956787420294969,1.1592505854800936,0.6142283153809625,0.2678431862358885,70000000.0,2026-06-03
Evanilson,Bournemouth,F S,31.22222222222222,0.192170818505338,0.3788994851512205,0.3788994851512205,2.306049822064057,0.0320284697508896,0.098299210075806,0.9608540925266904,0.5108555018557136,0.1116387555475124,35000000.0,2026-06-03
James Hill,Bournemouth,D S,23.33333333333333,0.0,0.0407250781410506,0.0407250781410506,0.5142857142857143,0.1285714285714286,0.061250018541302,0.5571428571428572,0.3239809389758323,0.3075498050610934,23000000.0,2026-06-03
Justin Kluivert,Bournemouth,M S,10.377777777777778,0.1927194860813704,0.2209933741791951,0.2209933741791951,1.6381156316916488,0.0,0.2211284760098577,2.119914346895075,0.5118402049775042,0.2233214760538214,25000000.0,2026-06-03
Marcos Senesi,Bournemouth,D,36.644444444444446,0.0,0.0505040222417457,0.0505040222417457,0.4366282595512432,0.1364463311097634,0.109885267937627,0.6549423893268648,0.3892894886945769,0.2976099686474602,25000000.0,2026-06-03
Marcus Tavernier,Bournemouth,M S,30.877777777777776,0.2267002518891687,0.3043527914276169,0.2550507427808856,2.267002518891688,0.129543001079525,0.1994559863604372,1.6840590140338252,0.5773888264935881,0.2640349301836309,25000000.0,2026-06-03
Rayan,Bournemouth,M S,12.733333333333333,0.3926701570680628,0.2095610415319185,0.2095610415319185,2.198952879581152,0.1570680628272251,0.2182385173787153,1.099476439790576,0.4977393058172539,0.2216957364699447,60000000.0,2026-06-03
Ryan Christie,Bournemouth,M S,10.466666666666669,0.1910828025477706,0.1710894468661611,0.1710894468661611,2.388535031847134,0.0,0.1547365724020133,1.0509554140127388,0.7349083489578241,0.4313885330987774,8000000.0,2026-06-03
Tyler Adams,Bournemouth,M S,20.05555555555556,0.0997229916897506,0.0463200523169747,0.0463200523169747,0.4986149584487534,0.0997229916897506,0.0613441039650724,0.3490304709141274,0.3425440397165158,0.2925664822356852,25000000.0,2026-06-03
Caoimhin Kelleher,Brentford,GK,37.0,0.0,0.0,0.0,0.0,0.0,0.0028757148397129,0.054054054054054,0.1445458426165419,0.141670127978196,28000000.0,2026-06-03
Dango Ouattara,Brentford,F M S,25.58888888888889,0.2735562310030395,0.3397694346222006,0.3397694346222006,2.188449848024316,0.1172383847155883,0.2291303003207657,1.0551454624402954,0.5177431525375421,0.0987065618447684,35000000.0,2026-06-03
Jordan Henderson,Brentford,M S,21.5,0.0465116279069767,0.0256452454730521,0.0256452454730521,0.2790697674418604,0.1395348837209302,0.1544433269909648,0.8837209302325582,0.4088300913572311,0.2851928753215213,1200000.0,2026-06-03
Keane Lewis-Potter,Brentford,D F M S,21.655555555555555,0.1385325808106721,0.1484573719064476,0.1484573719064476,1.4315033350436122,0.1385325808106721,0.1253389121592809,0.8773730118009235,0.3621638230138433,0.147384018587066,25000000.0,2026-06-03
Kevin Schade,Brentford,F M S,30.9,0.2588996763754045,0.3829349499665996,0.3583016542530948,1.8446601941747571,0.0970873786407767,0.1477429492573908,0.9385113268608416,0.562304108973267,0.1277355460335521,35000000.0,2026-06-03
Kristoffer Ajer,Brentford,D S,20.1,0.0,0.0524335652960473,0.0524335652960473,0.4975124378109452,0.0497512437810945,0.0449893393771565,0.2487562189054726,0.2732244370255007,0.1927150316091616,18000000.0,2026-06-03
Mathias Jensen,Brentford,M S,25.08888888888889,0.1195748449955713,0.0633045168060634,0.0633045168060634,1.1558901682905225,0.0398582816651904,0.2125712972550106,1.3153232949512843,0.4142572101126396,0.2792415954172611,10000000.0,2026-06-03
Mathias Jensen,Brentford,M S,25.08888888888889,0.1195748449955713,0.0633045168060634,0.0633045168060634,1.1558901682905225,0.0398582816651904,0.2125712972550106,1.3153232949512843,0.4142572101126396,0.2792415954172611,750000.0,2026-05-25
Michael Kayode,Brentford,D,36.45555555555556,0.0274306613837244,0.0320694864384378,0.0320694864384378,0.2468759524535202,0.0274306613837244,0.0873590139936143,0.9052118256629076,0.3578685797099222,0.2624772650583403,40000000.0,2026-06-03
Mikkel Damsgaard,Brentford,M S,23.166666666666668,0.1726618705035971,0.1283915701905171,0.1283915701905171,1.2949640287769784,0.1726618705035971,0.2792240443954364,1.8129496402877696,0.5329842271564675,0.2794145475671016,30000000.0,2026-06-03
Nathan Collins,Brentford,D S,32.95555555555556,0.0303438975050573,0.0885176783978979,0.0885176783978979,0.6068779501011463,0.0606877950101146,0.0737252820029462,0.2730950775455158,0.304529810454935,0.2582445581627611,30000000.0,2026-06-03
Rico Henry,Brentford,D S,14.61111111111111,0.0,0.0099690708441539,0.0099690708441539,0.3422053231939163,0.0684410646387832,0.0216391429361734,0.2737642585551331,0.1655245997549916,0.15274047246734,13000000.0,2026-06-03
Sepp van den Berg,Brentford,D S,30.64444444444445,0.0,0.1087598139089224,0.1087598139089224,0.7505438723712835,0.0652646845540246,0.0716981070522729,0.2284263959390862,0.2850827579254837,0.209676222173339,32000000.0,2026-06-03
Thiago,Brentford,F S,36.577777777777776,0.6014580801944107,0.6749937942711001,0.4877074134116257,2.296476306196841,0.0273390036452004,0.09432083623821,0.6561360874848117,0.6204165242168767,0.1347167316240282,3500000.0,2026-06-02
Vitaly Janelt,Brentford,M S,15.78888888888889,0.0633356790992259,0.0474928008336088,0.0474928008336088,0.7600281491907107,0.2533427163969036,0.2413759407188211,1.3300492610837438,0.4006635328200315,0.2300916191250777,16000000.0,2026-06-03
Yehor Yarmolyuk,Brentford,M S,29.766666666666666,0.0335946248600224,0.0462024657562592,0.0462024657562592,0.5375139977603584,0.0671892497200448,0.0422414634710496,0.4703247480403135,0.312026893899412,0.2660451958337663,32000000.0,2026-06-03
Bart Verbruggen,Brighton,GK,38.0,0.0,0.0,0.0,0.0,0.0,0.0020122173193253,0.0263157894736842,0.1941347508936336,0.1941347508936336,40000000.0,2026-06-03
Carlos Baleba,Brighton,M S,18.8,0.0,0.0304973068488563,0.0304973068488563,1.0638297872340423,0.0,0.0432171383278167,0.4787234042553191,0.3114905828075047,0.2451010620558356,55000000.0,2026-06-03
Danny Welbeck,Brighton,F S,25.4,0.5118110236220472,0.5007440972281254,0.4108422608151446,2.204724409448819,0.0393700787401574,0.0890760015197626,0.7874015748031497,0.5899550869151599,0.1888459790718016,3000000.0,2026-06-03
Diego Gómez,Brighton,F M S,24.288888888888888,0.2058554437328454,0.2642257451799792,0.2642257451799792,1.7291857273559013,0.041171088746569,0.0861482963490846,0.8234217749313816,0.5931192494022226,0.2923545995318183,25000000.0,2026-06-03
Ferdi Kadioglu,Brighton,D M S,34.94444444444444,0.0286168521462639,0.0577951942604562,0.0577951942604562,0.8012718600953895,0.0,0.0642321790629236,0.629570747217806,0.400887435542002,0.3346973671348371,35000000.0,2026-06-03
Georginio Rutter,Brighton,F M S,19.822222222222223,0.1513452914798206,0.1479779431155795,0.1479779431155795,2.118834080717489,0.1513452914798206,0.2319924293019111,1.2612107623318385,0.547776817805614,0.2125923547605595,30000000.0,2026-06-03
Jack Hinshelwood,Brighton,D M S,19.7,0.2030456852791878,0.2417271030206365,0.2417271030206365,1.8781725888324876,0.1522842639593908,0.1196583002559878,0.8121827411167513,0.5896321252026231,0.3017995897018667,28000000.0,2026-06-03
Jan Paul van Hecke,Brighton,D,35.71111111111111,0.0840074673304293,0.0940485624712384,0.0940485624712384,0.6440572495332919,0.0840074673304293,0.0287183940841792,0.3360298693217175,0.3954572486039193,0.3700109047892862,45000000.0,2026-06-03
Joël Veltman,Brighton,D S,11.38888888888889,0.0878048780487804,0.0934490001056252,0.0934490001056252,0.3512195121951219,0.0,0.0221284978273438,0.3512195121951219,0.2163113209714249,0.2038614801699068,1500000.0,2026-06-03
Kaoru Mitoma,Brighton,F M S,19.14444444444445,0.1567034242600116,0.2501604387572319,0.2501604387572319,1.6715031921067904,0.0522344747533372,0.1850751196091007,1.567034242600116,0.5895497415104509,0.2412409927518697,22000000.0,2026-06-03
Lewis Dunk,Brighton,D S,31.45555555555556,0.0317908866125044,0.0425008267653742,0.0425008267653742,0.7311903920876015,0.0,0.0173390710134886,0.2225362062875309,0.4034099624176743,0.4006321216610706,3500000.0,2026-06-03
Mats Wieffer,Brighton,D S,21.355555555555554,0.0936524453694068,0.0902543694912829,0.0902543694912829,0.8428720083246619,0.1404786680541103,0.1343454984980989,0.8896982310093653,0.4815598095609234,0.3871457449147918,25000000.0,2026-06-03
Maxim De Cuyper,Brighton,D M S,15.688888888888888,0.1274787535410765,0.1110230646526214,0.1110230646526214,0.8286118980169972,0.1912181303116147,0.2986589818863098,2.039660056657224,0.4359923927087031,0.2227613708748358,22000000.0,2026-06-03
Pascal Groß,Brighton,M S,18.166666666666668,0.055045871559633,0.0689721103381673,0.0689721103381673,0.9908256880733944,0.165137614678899,0.1813314968224512,2.146788990825688,0.5511478364057497,0.4558089441799242,2500000.0,2026-06-03
Yankuba Minteh,Brighton,M S,26.77777777777778,0.1120331950207468,0.1774778905637655,0.1774778905637655,1.5311203319502074,0.1493775933609958,0.2181480831903293,1.6431535269709543,0.6128654936985479,0.320180874124664,45000000.0,2026-06-03
Yasin Ayari,Brighton,M S,21.31111111111111,0.140771637122002,0.0993821558632865,0.0993821558632865,1.923879040667362,0.140771637122002,0.0657309680532302,0.7038581856100105,0.3707353985160434,0.2569901134539105,35000000.0,2026-06-03
Axel Tuanzebe,Burnley,D,13.433333333333334,0.0744416873449131,0.0415583905156137,0.0415583905156137,0.1488833746898263,0.0,0.0,0.0,0.2065497589651171,0.1649913684495034,5000000.0,2026-06-03
Bashir Humphreys,Burnley,D S,17.61111111111111,0.0,0.0298751961052041,0.0298751961052041,0.5110410094637224,0.0,0.0490840651588485,0.5110410094637224,0.1895485261179013,0.1666093377531609,12000000.0,2026-06-03
Lesley Ugochukwu,Burnley,M S,26.744444444444444,0.1121728292480265,0.0980561138697566,0.0980561138697566,0.8226007478188617,0.0373909430826755,0.0168020249660524,0.3739094308267553,0.2717093867685074,0.1835551992133043,22000000.0,2026-06-03
Florentino Luís,Burnley,M S,23.844444444444445,0.0,0.0435400217813192,0.0435400217813192,0.5452003727865796,0.0838769804287045,0.0225439056049327,0.5452003727865796,0.2059937891257859,0.1746945788663745,16000000.0,2026-06-03
Hannibal,Burnley,M S,13.9,0.0719424460431654,0.053943843687985,0.053943843687985,1.3669064748201438,0.2877697841726618,0.2041862854104248,1.5107913669064748,0.4282800545714956,0.2428469989153978,15000000.0,2026-06-03
Hjalmar Ekdal,Burnley,D S,17.166666666666668,0.0,0.0354298489367209,0.0354298489367209,0.3495145631067961,0.0,0.0097948257241723,0.233009708737864,0.1579608039080517,0.15069556966858,5000000.0,2026-06-03
Jacob Bruun Larsen,Burnley,F M S,11.144444444444444,0.0,0.1285050694616223,0.1285050694616223,1.5254237288135597,0.0897308075772682,0.1236747275826225,1.0767696909272184,0.406357468805041,0.2021206392983675,4000000.0,2026-06-03
Jaidon Anthony,Burnley,F M S,30.855555555555554,0.2592725963269716,0.180338814892854,0.180338814892854,1.7824990997479295,0.0648181490817429,0.1417702586022177,1.1991357580122437,0.4029258214363874,0.1890692581530952,20000000.0,2026-06-03
James Ward-Prowse,Burnley,M S,12.022222222222222,0.0,0.0150590205079636,0.0150590205079636,0.4158964879852125,0.0831792975970425,0.2852600373933694,1.9131238447319776,0.2971361428086065,0.255843292553384,5000000.0,2026-06-03
Josh Cullen,Burnley,M,17.033333333333335,0.1174168297455968,0.0595436384445767,0.0595436384445767,0.6457925636007827,0.1174168297455968,0.1066651705236934,0.7632093933463796,0.3618054367499808,0.2715589460386455,4000000.0,2026-06-03
Josh Laurent,Burnley,D M S,19.11111111111111,0.0523255813953488,0.0546109057356451,0.0546109057356451,0.7848837209302326,0.0,0.0384860238504357,0.627906976744186,0.1656691285478341,0.0881023551878887,1500000.0,2026-06-03
Kyle Walker,Burnley,D M S,34.45555555555556,0.0,0.0027003253592969,0.0027003253592969,0.1160915833602063,0.0580457916801031,0.0483344134119913,0.3772976459206708,0.2681649565697918,0.2632966409270675,1500000.0,2026-06-03
Loum Tchaouna,Burnley,F M S,14.088888888888889,0.1419558359621451,0.0893627659546957,0.0893627659546957,1.6324921135646688,0.0709779179810725,0.0851477669663609,0.9227129337539433,0.29907888277472,0.140117437766765,13000000.0,2026-06-03
Lucas Pires,Burnley,D S,15.455555555555556,0.0,0.0584025786537476,0.0584025786537476,1.0352264557872035,0.0,0.0983427479223091,1.2940330697340043,0.2480337993488904,0.1523424294997491,4000000.0,2026-06-03
Lyle Foster,Burnley,F M S,15.27777777777778,0.1963636363636363,0.2351248067346485,0.2351248067346485,1.309090909090909,0.1309090909090909,0.0750080170414664,0.6545454545454545,0.3910961720482869,0.1394338518245653,8000000.0,2026-06-03
Marcus Edwards,Burnley,F M S,11.71111111111111,0.0853889943074003,0.1949865246930317,0.1949865246930317,1.9639468690702089,0.2561669829222011,0.2174011362713021,1.7077798861480078,0.5202748552600958,0.2696655770548155,6000000.0,2026-06-03
Martin Dubravka,Burnley,GK,35.0,0.0,0.0,0.0,0.0,0.0,0.0,0.0,0.0810996691563299,0.0810996691563299,500000.0,2026-06-03
Maxime Estève,Burnley,D,32.733333333333334,0.0,0.0137965932162194,0.0137965932162194,0.305498981670061,0.0,0.0214492120019439,0.1832993890020366,0.1355812263384825,0.1310471766542969,28000000.0,2026-06-03
Quilindschy Hartman,Burnley,D,20.477777777777774,0.0,0.0184329407470532,0.0184329407470532,0.4395008138903961,0.2441671188279978,0.1362515756192329,0.9766684753119912,0.2556667577048811,0.1990231473304076,16000000.0,2026-06-03
Zian Flemming,Burnley,F S,19.944444444444443,0.5515320334261838,0.4790704863452065,0.402741577657858,2.607242339832869,0.0,0.0343372191725335,0.5013927576601672,0.392353132694005,0.0861687169495897,12000000.0,2026-06-03
Alejandro Garnacho,Chelsea,F M S,14.27777777777778,0.0700389105058365,0.2879856950404115,0.2879856950404115,2.311284046692607,0.2801556420233463,0.2954916375388431,2.0311284046692606,0.9072480737757126,0.4570707322210653,28000000.0,2026-06-03
Andrey Santos,Chelsea,M S,13.522222222222222,0.0739523418241577,0.1889594178417224,0.1889594178417224,0.8134757600657354,0.0,0.0509071287040154,0.5916187345932621,0.4677212481358645,0.3250215687745403,40000000.0,2026-06-03
Cole Palmer,Chelsea,F M S,22.3,0.4484304932735425,0.4599784189342384,0.2551796332402614,2.8699551569506725,0.0448430493273542,0.0952078309327765,1.0762331838565022,0.7561443859686231,0.4725640413305417,100000000.0,2026-06-03
Enzo Fernández,Chelsea,M S,34.98888888888889,0.2858050174658622,0.3405994574887463,0.297090282267987,2.057796125754208,0.1143220069863448,0.2533928645143588,1.9434741187678628,0.797463997029698,0.4618492049734984,90000000.0,2026-06-03
Jorrel Hato,Chelsea,D S,12.566666666666666,0.0,0.0269211581673482,0.0269211581673482,0.3183023872679045,0.0,0.056466195900339,0.636604774535809,0.4913350275720147,0.463064161551726,40000000.0,2026-06-03
João Pedro,Chelsea,F M S,29.977777777777774,0.5003706449221645,0.5245132597123278,0.5245132597123278,2.435137138621201,0.1667902149740548,0.1328840829967745,0.9673832468495182,0.6431402129192234,0.159982461116385,1500000.0,2026-05-20
João Pedro,Chelsea,F M S,29.977777777777774,0.5003706449221645,0.5245132597123278,0.5245132597123278,2.435137138621201,0.1667902149740548,0.1328840829967745,0.9673832468495182,0.6431402129192234,0.159982461116385,400000.0,2024-06-05
João Pedro,Chelsea,F M S,29.977777777777774,0.5003706449221645,0.5245132597123278,0.5245132597123278,2.435137138621201,0.1667902149740548,0.1328840829967745,0.9673832468495182,0.6431402129192234,0.159982461116385,800000.0,2026-05-26
João Pedro,Chelsea,F M S,29.977777777777774,0.5003706449221645,0.5245132597123278,0.5245132597123278,2.435137138621201,0.1667902149740548,0.1328840829967745,0.9673832468495182,0.6431402129192234,0.159982461116385,1500000.0,2026-05-26
João Pedro,Chelsea,F M S,29.977777777777774,0.5003706449221645,0.5245132597123278,0.5245132597123278,2.435137138621201,0.1667902149740548,0.1328840829967745,0.9673832468495182,0.6431402129192234,0.159982461116385,80000000.0,2026-06-03
João Pedro,Chelsea,F M S,29.977777777777774,0.5003706449221645,0.5245132597123278,0.5245132597123278,2.435137138621201,0.1667902149740548,0.1328840829967745,0.9673832468495182,0.6431402129192234,0.159982461116385,400000.0,2026-06-03
João Pedro,Chelsea,F M S,29.977777777777774,0.5003706449221645,0.5245132597123278,0.5245132597123278,2.435137138621201,0.1667902149740548,0.1328840829967745,0.9673832468495182,0.6431402129192234,0.159982461116385,300000.0,2026-06-04
Liam Delap,Chelsea,F S,11.822222222222225,0.0845864661654135,0.4254783435262515,0.4254783435262515,3.045112781954887,0.0,0.0143166782012335,0.2537593984962406,0.6357445572572935,0.2876478820493011,28000000.0,2026-06-03
Malo Gusto,Chelsea,D M S,25.622222222222224,0.0780572419774501,0.0757866026550945,0.0757866026550945,0.4683434518647008,0.1170858629661752,0.1485286322272894,1.0537727666955767,0.6376456660569902,0.5289679315144717,35000000.0,2026-06-03
Marc Cucurella,Chelsea,D M S,30.155555555555555,0.0331613854089904,0.0625455644882133,0.0625455644882133,0.6632277081798084,0.1326455416359616,0.1506083356813639,1.2932940309506264,0.5027002933886048,0.3980534039053437,50000000.0,2026-06-03
Moisés Caicedo,Chelsea,M S,31.23333333333333,0.096051227321238,0.049017345832945,0.049017345832945,0.8644610458911419,0.032017075773746,0.0841031979725734,0.576307363927428,0.5509893921389778,0.4917839436673559,100000000.0,2026-06-03
Pedro Neto,Chelsea,F M S,29.633333333333333,0.1687289088863892,0.1737792528872415,0.1737792528872415,1.5523059617547807,0.202474690663667,0.2677335740560487,1.7885264341957257,0.6504524367179458,0.3316167304952314,60000000.0,2026-06-03
Reece James,Chelsea,D M S,21.41111111111111,0.0934094447327451,0.057354262925116,0.057354262925116,1.027503892060197,0.1868188894654903,0.1865079397355947,1.2610275038920602,0.5385816056855491,0.4555929139194614,60000000.0,2026-06-03
Robert Sánchez,Chelsea,GK,33.93333333333333,0.0,0.0,0.0,0.0,0.0294695481335952,0.026076091984049,0.1473477406679764,0.2992626625224802,0.2731865705384311,22000000.0,2026-06-03
Trevoh Chalobah,Chelsea,D S,30.9,0.0970873786407767,0.0595949330098902,0.0595949330098902,0.5177993527508091,0.0,0.0204069778612516,0.1618122977346278,0.4766511413778109,0.4723898782530456,40000000.0,2026-06-03
Wesley Fofana,Chelsea,D S,19.38888888888889,0.0,0.0278598821607223,0.0278598821607223,0.4126074498567335,0.0515759312320916,0.0339641721764403,0.154727793696275,0.4521071920891887,0.4505281625769199,28000000.0,2026-06-03
Adam Wharton,Crystal Palace,M S,28.844444444444445,0.034668721109399,0.0399416950617404,0.0399416950617404,1.1093990755007703,0.1733436055469953,0.229665246104767,1.5254237288135593,0.5089078933281826,0.3661553431818913,70000000.0,2026-06-03
Brennan Johnson,Crystal Palace,D F M S,18.988888888888887,0.1053247513165594,0.1365756170225813,0.1365756170225813,1.211234640140433,0.0526623756582797,0.0674629933377886,1.0005851375073145,0.2759311966502122,0.101849825452248,30000000.0,2026-06-03
Chris Richards,Crystal Palace,D S,31.322222222222223,0.0319262149698474,0.056875076068287,0.056875076068287,0.4788932245477119,0.0,0.015565099666419,0.2873359347286272,0.2493280094082567,0.2395368219195009,28000000.0,2026-06-03
Daichi Kamada,Crystal Palace,M S,21.377777777777776,0.0,0.0695670788271232,0.0695670788271232,0.8887733887733889,0.0,0.1209556149210386,0.9355509355509356,0.4623601556050818,0.3417553603620096,10000000.0,2026-06-03
Daniel Muñoz,Crystal Palace,D,26.855555555555554,0.1489449731071576,0.1171826064296877,0.1171826064296877,0.9681423251965248,0.1117087298303682,0.1886414247459008,1.005378568473314,0.3882116348631788,0.1652621777429961,22000000.0,2026-06-03
Dean Henderson,Crystal Palace,GK,37.0,0.0,0.0,0.0,0.0,0.0,0.0004182605928665,0.027027027027027,0.1016528303357395,0.1016528303357395,28000000.0,2026-06-03
Ismaila Sarr,Crystal Palace,F M S,24.23333333333333,0.3713892709766162,0.47634005105889,0.3821100680954354,1.980742778541953,0.0412654745529573,0.0908031610277528,0.7840440165061898,0.5239003415038858,0.1313364201134385,40000000.0,2026-06-03
Jaydee Canvot,Crystal Palace,D S,14.822222222222225,0.0,0.1056406029669017,0.1056406029669017,0.472263868065967,0.0,0.00555663423353,0.2023988005997001,0.2594569565119526,0.2576843165056682,28000000.0,2026-06-03
Jean-Philippe Mateta,Crystal Palace,F S,24.72222222222222,0.4853932584269663,0.6462779660405737,0.523122552589754,2.548314606741573,0.0,0.0505463987086596,0.3640449438202247,0.6136491424581978,0.0968261416122484,30000000.0,2026-06-03
Jefferson Lerma,Crystal Palace,D M S,18.81111111111111,0.0,0.117408697021937,0.117408697021937,1.0100413467217957,0.106320141760189,0.0948533381908093,0.6910809214412287,0.4048715998807551,0.3212329470681778,6000000.0,2026-06-03
Jørgen Strand Larsen,Crystal Palace,F S,26.14444444444445,0.1529961750956226,0.2491621852722185,0.1909342236877045,1.6829579260518486,0.0382490437739056,0.0262603271971078,0.3824904377390565,0.2704116121596268,0.0982632291061139,40000000.0,2026-06-03
Marc Guehi,Crystal Palace,D,35.0,0.0857142857142857,0.1342096142470836,0.1342096142470836,0.9142857142857144,0.0857142857142857,0.077902636530676,0.5142857142857142,0.504936584697238,0.4425177794215935,70000000.0,2026-06-03
Maxence Lacroix,Crystal Palace,D,34.37777777777778,0.0290885585003232,0.0874644913454795,0.0874644913454795,0.7272139625080801,0.0581771170006464,0.0374336695598357,0.2036199095022624,0.3125356073336556,0.2903386377822788,50000000.0,2026-06-03
Tyrick Mitchell,Crystal Palace,D S,36.2,0.0276243093922651,0.0548266161500749,0.0548266161500749,0.5248618784530387,0.0552486187845303,0.0838711201239027,0.8011049723756906,0.363410527133563,0.2726655115903411,25000000.0,2026-06-03
Will Hughes,Crystal Palace,M S,17.41111111111111,0.0,0.0735881463900902,0.0735881463900902,0.9763880025526483,0.0,0.1106512845608559,1.206126356094448,0.4054123034133756,0.3091550894656908,5000000.0,2026-06-03
Yeremi Pino,Crystal Palace,F M S,23.711111111111112,0.0843486410496719,0.1844274152538127,0.1844274152538127,1.8978444236176195,0.0843486410496719,0.3585700286751317,2.0243673851921278,0.5679479554154139,0.19346954122067,30000000.0,2026-06-03
Beto,Everton,F S,17.244444444444444,0.5219072164948454,0.6348522552337076,0.6348522552337076,2.493556701030928,0.0579896907216494,0.0582324532124684,0.6958762886597939,0.7015138530393236,0.0540249388348119,18000000.0,2026-06-03
Dwight McNeil,Everton,F M S,13.155555555555557,0.0,0.1112285616014756,0.1112285616014756,1.8243243243243243,0.0760135135135135,0.1321941755107931,1.1402027027027029,0.3512510432031107,0.1922480974069519,18000000.0,2026-06-03
Idrissa Gueye,Everton,M,23.55555555555556,0.0849056603773584,0.0812636592407834,0.0812636592407834,1.231132075471698,0.1273584905660377,0.0719019636195504,0.5518867924528301,0.3879631353709143,0.2927668145462378,500000.0,2026-06-03
Idrissa Gueye,Everton,M,23.55555555555556,0.0849056603773584,0.0812636592407834,0.0812636592407834,1.231132075471698,0.1273584905660377,0.0719019636195504,0.5518867924528301,0.3879631353709143,0.2927668145462378,8000000.0,2026-05-29
Iliman Ndiaye,Everton,M,31.166666666666668,0.1925133689839572,0.197127183789716,0.1482821239786033,1.3796791443850267,0.0962566844919786,0.1430061758759825,0.962566844919786,0.4961644073619561,0.220288620504705,55000000.0,2026-06-03
Jack Grealish,Everton,F M S,18.27777777777778,0.1094224924012158,0.1687808325938812,0.1687808325938812,1.4224924012158051,0.3282674772036474,0.2493919556264094,2.0790273556231003,0.5083023500501385,0.180135037965144,20000000.0,2026-06-03
Jake O'Brien,Everton,D S,34.95555555555556,0.0286077558804831,0.0373864814743295,0.0373864814743295,0.371900826446281,0.0286077558804831,0.0207244728923374,0.4863318499682136,0.1855913304930431,0.1445520099415873,18000000.0,2026-06-03
James Garner,Everton,D M,37.96666666666667,0.0526777875329236,0.0546702009211175,0.0546702009211175,1.1852502194907812,0.1843722563652326,0.159786861059538,1.4749780509218613,0.2971912697906081,0.2194933695890356,45000000.0,2026-06-03
James Tarkowski,Everton,D,37.0,0.054054054054054,0.0775426392116256,0.0775426392116256,0.5405405405405406,0.081081081081081,0.0555867966566536,0.4864864864864865,0.1844360321709836,0.1505147769191377,5000000.0,2026-06-03
Jordan Pickford,Everton,GK,38.0,0.0,0.0,0.0,0.0,0.0,0.0061413559474443,0.0526315789473684,0.0815474649303053,0.0793864906912571,13000000.0,2026-06-03
Kiernan Dewsbury-Hall,Everton,M S,29.433333333333334,0.2718006795016987,0.1471145308469996,0.1471145308469996,1.3250283125707814,0.1359003397508493,0.2233701635949474,1.2231030577576445,0.4851006917309517,0.2758991128489763,35000000.0,2026-06-03
Michael Keane,Everton,D S,28.73333333333333,0.1044083526682134,0.124213352751877,0.124213352751877,0.9048723897911832,0.0348027842227378,0.0045287565451348,0.0696055684454756,0.1863156809750296,0.1490797384549148,3000000.0,2026-06-03
Thierno Barry,Everton,F S,21.344444444444445,0.3748047891723061,0.4286514512054284,0.4286514512054284,1.780322748568454,0.0,0.0470351133513022,0.5622071837584591,0.4801705593019258,0.1008291078420168,30000000.0,2026-06-03
Tim Iroegbunam,Everton,M S,16.622222222222224,0.0,0.0307362221547447,0.0307362221547447,0.7219251336898395,0.1203208556149732,0.1111600694139512,0.481283422459893,0.2655865838452376,0.1711390340043341,18000000.0,2026-06-03
Vitalii Mykolenko,Everton,D,32.922222222222224,0.0,0.0084276996500138,0.0084276996500138,0.2733715828552143,0.030374620317246,0.0346826070902659,0.6682416469794127,0.2458744732348089,0.2140069713516187,25000000.0,2026-06-03
Alex Iwobi,Fulham,M,27.477777777777774,0.1455721795390214,0.0874602350828513,0.0874602350828513,1.419328750505459,0.109179134654266,0.1321055479061492,1.5285078851597251,0.3793823908151305,0.2402808661077411,20000000.0,2026-06-03
Antonee Robinson,Fulham,D S,16.488888888888887,0.0606469002695417,0.0592669937069304,0.0131044631279161,0.3638814016172507,0.0,0.066106822743329,1.2735849056603774,0.2766268537191529,0.2334231223077626,22000000.0,2026-06-03
Bernd Leno,Fulham,GK,38.0,0.0,0.0,0.0,0.0,0.0,0.0,0.0,0.1290148394672494,0.1290148394672494,6000000.0,2026-06-03
Calvin Bassey,Fulham,D S,28.03333333333333,0.0356718192627824,0.0424828435494769,0.0424828435494769,0.3923900118906064,0.0,0.0153726822387661,0.356718192627824,0.2207582653472454,0.2102208304950938,28000000.0,2026-06-03
Emile Smith-Rowe,Fulham,M S,21.477777777777774,0.1396792550439731,0.198411040520705,0.198411040520705,1.6761510605276773,0.0,0.0660030252506895,0.8380755302638386,0.4000074118645587,0.1930782862250446,20000000.0,2026-06-03
Harry Wilson,Fulham,M S,30.566666666666663,0.3271537622682661,0.1884322548681218,0.1884322548681218,2.5517993456924755,0.2290076335877862,0.1800546730536411,1.2104689203925845,0.3628695333293246,0.135201573140326,25000000.0,2026-06-03
Joachim Andersen,Fulham,D,32.022222222222226,0.0,0.0518173978119147,0.0518173978119147,0.4996530187369881,0.0312283136710617,0.0181410258014135,0.1873698820263705,0.2891688858398664,0.2788027708524014,20000000.0,2026-06-03
Jorge Cuenca,Fulham,D S,10.544444444444444,0.0,0.004819741293992,0.004819741293992,0.0948366701791359,0.0,0.048923893067181,0.2845100105374078,0.2191099586128183,0.2191099586128183,8000000.0,2026-06-03
Joshua King,Fulham,F M S,14.511111111111113,0.0689127105666156,0.2618412247318403,0.2618412247318403,1.7917304747320062,0.1378254211332312,0.0716391979156213,1.0336906584992342,0.4263578877024135,0.1792760284340856,1200000.0,2026-06-04
Kenny Tete,Fulham,D S,20.05555555555556,0.0498614958448753,0.0363377720798646,0.0363377720798646,0.7977839335180055,0.0,0.0473212316900574,0.5484764542936288,0.1966724231364489,0.1574422606883616,8000000.0,2026-06-03
Kevin,Fulham,M S,11.133333333333333,0.0898203592814371,0.1198210808431763,0.1198210808431763,2.245508982035928,0.0898203592814371,0.1114114848506486,1.25748502994012,0.4329369280732678,0.2597270682900252,25000000.0,2026-06-03
Oscar Bobb,Fulham,F M S,11.622222222222222,0.0,0.1229629831755423,0.1229629831755423,1.032504780114723,0.0860420650095602,0.1735548450331956,1.892925430210325,0.4955752103110458,0.3049762036658496,28000000.0,2026-06-03
Raúl Jiménez,Fulham,F S,24.61111111111111,0.3656884875846501,0.4882586016729642,0.3645471862304964,2.966139954853273,0.1218961625282167,0.0789940301370943,1.015801354401806,0.4287207110976259,0.0633030391338178,3000000.0,2026-06-03
Raúl Jiménez,Fulham,F S,24.61111111111111,0.3656884875846501,0.4882586016729642,0.3645471862304964,2.966139954853273,0.1218961625282167,0.0789940301370943,1.015801354401806,0.4287207110976259,0.0633030391338178,200000.0,2025-12-30
Rodrigo Muniz,Fulham,F S,11.122222222222222,0.0899100899100899,0.4086675930704985,0.4086675930704985,2.8771228771228774,0.0899100899100899,0.0864473337048923,0.7192807192807193,0.4343544091139878,0.116707550158927,20000000.0,2026-06-03
Ryan Sessegnon,Fulham,D M S,20.33333333333333,0.1475409836065573,0.1007357753630055,0.1007357753630055,0.7868852459016394,0.0491803278688524,0.1095950718908036,0.6885245901639344,0.4061989933863038,0.2502450975971144,22000000.0,2026-06-03
Samuel Chukwueze,Fulham,M S,11.688888888888888,0.2566539923954373,0.1996198492018442,0.1996198492018442,2.1387832699619773,0.3422053231939164,0.2426261890382141,2.0532319391634983,0.6078380089918923,0.2440197026700546,18000000.0,2026-06-03
Sander Berge,Fulham,M S,32.611111111111114,0.0,0.0412884268281407,0.0412884268281407,0.4293015332197614,0.0306643952299829,0.0608709877867765,0.6439522998296422,0.3257113794528036,0.2759476232467761,25000000.0,2026-06-03
Sasa Lukic,Fulham,M S,19.23333333333333,0.0519930675909878,0.1216241012955249,0.1216241012955249,0.9358752166377816,0.1039861351819757,0.1124743908075567,1.4038128249566724,0.3237225958815997,0.1745927585950653,10000000.0,2026-06-03
Timothy Castagne,Fulham,D M S,20.544444444444444,0.0,0.0715606724475689,0.0715606724475689,0.6814494321254733,0.0,0.0849870598047423,0.8761492698756085,0.3325523633264073,0.2725594126498009,8000000.0,2026-06-03
Anton Stach,Leeds,M S,26.6,0.18796992481203,0.1098033899259298,0.1098033899259298,2.0676691729323307,0.112781954887218,0.2239904103842669,2.293233082706766,0.3815013210156133,0.2333408785997925,28000000.0,2026-06-03
Ao Tanaka,Leeds,M S,14.77777777777778,0.1353383458646616,0.1487493609407342,0.1487493609407342,1.150375939849624,0.0,0.0918762431500997,1.218045112781955,0.460564967104815,0.2918866773493083,13000000.0,2026-06-03
Brenden Aaronson,Leeds,F M S,27.966666666666665,0.1430274135876043,0.2102963797552722,0.2102963797552722,1.6448152562574494,0.1787842669845053,0.2024806856984745,1.2157330154946366,0.4721188749696203,0.1247267727434848,22000000.0,2026-06-03
Dominic Calvert-Lewin,Leeds,F S,30.355555555555554,0.4612005856515374,0.6150873613886066,0.4897130313868012,2.404831625183016,0.0329428989751098,0.05086764922341,0.6588579795021963,0.5938362982737699,0.0911975908263601,22000000.0,2026-06-03
Ethan Ampadu,Leeds,M,34.77777777777778,0.0287539936102236,0.0559583085592086,0.0559583085592086,0.7476038338658146,0.0287539936102236,0.0338248946099949,0.5463258785942492,0.3412062085528201,0.3073885322878726,30000000.0,2026-06-03
Gabriel Gudmundsson,Leeds,D M S,29.522222222222226,0.0,0.0297311273756435,0.0297311273756435,0.6097101994730899,0.0,0.1050528375544761,0.7113285660519383,0.2291691137178414,0.1446743072899136,20000000.0,2026-06-03
Ilia Gruev,Leeds,M S,14.555555555555555,0.0,0.0504110345460531,0.0504110345460531,0.4809160305343511,0.2061068702290076,0.1026137458117863,0.7557251908396947,0.2462577338095839,0.153232678173835,12000000.0,2026-06-03
Jaka Bijol,Leeds,D S,21.05555555555556,0.0474934036939313,0.0341232200214604,0.0341232200214604,0.7124010554089709,0.0949868073878627,0.0664519518908693,0.3324538258575197,0.2607857530794074,0.2139058293268516,20000000.0,2026-06-03
James Justin,Leeds,D M S,21.05555555555556,0.0949868073878627,0.1217145273034364,0.1217145273034364,1.1398416886543534,0.0474934036939313,0.1221887047026591,0.6174142480211081,0.2441933474117658,0.1308970889740065,12000000.0,2026-06-03
Jayden Bogle,Leeds,D M S,31.355555555555554,0.031892274982282,0.0603422290110243,0.0603422290110243,0.5740609496810772,0.0637845499645641,0.1124252532598906,0.6697377746279235,0.3514909382096362,0.2030623309092476,15000000.0,2026-06-03
Joe Rodon,Leeds,D S,32.82222222222222,0.0609343263371699,0.0562437836991303,0.0562437836991303,0.5484089370345294,0.0,0.0140599631083298,0.2742044685172647,0.1901951981878656,0.1767057429345863,18000000.0,2026-06-03
Karl Darlow,Leeds,GK,22.0,0.0,0.0,0.0,0.0,0.0,0.0,0.0,0.0823433602398092,0.0823433602398092,200000.0,2026-06-03
Lucas Perri,Leeds,GK,16.0,0.0,0.0,0.0,0.0,0.0,0.0,0.0,0.1546557093970477,0.1546557093970477,10000000.0,2026-06-03
Lukas Nmecha,Leeds,F S,11.955555555555556,0.5018587360594795,0.6808799167845717,0.4898802995453259,2.509293680297397,0.0836431226765799,0.1409002586153637,0.9200743494423792,0.5822801611431248,0.1227415703777154,10000000.0,2026-06-03
Noah Okafor,Leeds,F M S,17.68888888888889,0.4522613065326633,0.3559690355042454,0.3559690355042454,1.978643216080402,0.0565326633165829,0.127725119014556,1.0741206030150754,0.617108654579494,0.2160597671216456,25000000.0,2026-06-03
Pascal Struijk,Leeds,D S,32.666666666666664,0.0,0.0908383880456795,0.0908383880456795,0.9489795918367347,0.0306122448979591,0.0334812890719242,0.3673469387755102,0.2179693854223861,0.1892339291849306,22000000.0,2026-06-03
Sean Longstaff,Leeds,M S,11.1,0.1801801801801802,0.1241134013141598,0.1241134013141598,1.4414414414414416,0.1801801801801802,0.249389671796077,2.2522522522522523,0.3104369087262196,0.1638051417765316,15000000.0,2026-06-03
Alexis Mac Allister,Liverpool,M S,29.81111111111111,0.0670890793887439,0.1365835597669893,0.1365835597669893,1.7443160641073423,0.1341781587774879,0.0955886005184797,1.1405143496086472,0.4423172324354352,0.2799171929956149,70000000.0,2026-06-03
Alisson,Liverpool,GK,26.0,0.0,0.0,0.0,0.0,0.0,0.0,0.0,0.1760724340923703,0.1760724340923703,15000000.0,2026-06-03
Alisson,Liverpool,GK,26.0,0.0,0.0,0.0,0.0,0.0,0.0,0.0,0.1760724340923703,0.1760724340923703,800000.0,2026-05-26
Alisson,Liverpool,GK,26.0,0.0,0.0,0.0,0.0,0.0,0.0,0.0,0.1760724340923703,0.1760724340923703,9000000.0,2026-06-02
Andrew Robertson,Liverpool,D S,12.88888888888889,0.0775862068965517,0.0812572817767745,0.0812572817767745,0.7758620689655172,0.0,0.1171164267600096,1.5517241379310345,0.453959134214654,0.3469866207110342,7000000.0,2026-06-03
Cody Gakpo,Liverpool,F M S,30.64444444444445,0.2284263959390862,0.3206486303421403,0.3206486303421403,2.8390137781000724,0.1631617113850616,0.2151232387227606,1.7295141406816532,0.6112562183579773,0.190275764616883,60000000.0,2026-06-03
Conor Bradley,Liverpool,D S,10.688888888888888,0.0,0.0205661383072173,0.0205661383072173,0.5613305613305614,0.0935550935550935,0.1116777207168001,0.3742203742203742,0.3192507790831419,0.2250450855148124,25000000.0,2026-06-03
Curtis Jones,Liverpool,D M S,21.22222222222222,0.0471204188481675,0.1133866737991649,0.1133866737991649,1.036649214659686,0.094240837696335,0.1335437758557537,1.036649214659686,0.5004274971997706,0.3410153541109325,35000000.0,2026-06-03
Dominik Szoboszlai,Liverpool,D F M,35.95555555555556,0.1668726823238566,0.1313891746788729,0.110219459993965,1.9468479604449935,0.1946847960444993,0.2457247208919012,2.169344870210136,0.5991630589103669,0.4188957611819538,100000000.0,2026-06-03
Florian Wirtz,Liverpool,F M S,26.95555555555556,0.1854905193734542,0.2810860940186891,0.2810860940186891,1.8920032976092331,0.1112943116240725,0.1997460156943271,2.225886232481451,0.7657605365551363,0.398546791488039,100000000.0,2026-06-03
Hugo Ekitike,Liverpool,F S,20.38888888888889,0.5395095367847411,0.5852299355762205,0.5852299355762205,3.188010899182561,0.1961852861035422,0.1221893791728513,1.0299727520435966,0.8005830521317204,0.2396617635414613,80000000.0,2026-06-03
Ibrahima Konaté,Liverpool,D,34.81111111111111,0.0287264602617299,0.0562643535444712,0.0562643535444712,0.3447175231407596,0.0,0.0208348411997733,0.2298116820938398,0.3193229687525904,0.3101757773282312,45000000.0,2026-06-03
Jeremie Frimpong,Liverpool,D M S,11.411111111111111,0.0,0.0450502095894548,0.0450502095894548,0.8763388510223953,0.0876338851022395,0.2358526325156185,1.314508276533593,0.5218989675558066,0.3561776041251833,35000000.0,2026-06-03
Milos Kerkez,Liverpool,D S,25.23333333333333,0.0792602377807133,0.0552280241675192,0.0552280241675192,0.35667107001321,0.0396301188903566,0.0738505912819185,1.0303830911492735,0.3760541456565753,0.2718380223000065,35000000.0,2026-06-03
Mohamed Salah,Liverpool,F M S,24.03333333333333,0.2912621359223301,0.3677262126076733,0.3360548324045956,2.787794729542302,0.2912621359223301,0.2674681282681044,2.0388349514563107,0.7228815442935438,0.2620402145898292,22000000.0,2026-06-03
Ryan Gravenberch,Liverpool,M S,33.422222222222224,0.1496010638297872,0.0458234446798203,0.0458234446798203,1.1369680851063828,0.0897606382978723,0.0708770600117822,0.867686170212766,0.3902240686720494,0.3207099810738037,80000000.0,2026-06-03
Virgil van Dijk,Liverpool,D,38.0,0.1578947368421052,0.128716751589979,0.128716751589979,0.7894736842105263,0.0,0.0086457056336497,0.2894736842105263,0.3285673638364594,0.2995573811870264,15000000.0,2026-06-03
Abduqodir Khusanov,Manchester City,D S,15.78888888888889,0.0,0.042612182774714,0.042612182774714,0.4433497536945812,0.0,0.0361987785878607,0.3800140745953553,0.4835080878938863,0.4513764036144277,50000000.0,2026-06-03
Bernardo Silva,Manchester City,M S,32.41111111111111,0.0617072334590332,0.0894623402893073,0.0894623402893073,0.9256085018854988,0.1234144669180665,0.1629957439167821,1.4501199862872811,0.7771643632904773,0.5986446637454652,22000000.0,2026-06-03
Erling Haaland,Manchester City,F S,33.1,0.8157099697885196,0.8699497344180536,0.7779655821643927,3.776435045317221,0.2416918429003021,0.1663953804740192,0.755287009063444,0.9889834662308504,0.1559984467338399,200000000.0,2026-06-03
Gianluigi Donnarumma,Manchester City,GK,34.0,0.0,0.0,0.0,0.0,0.0,0.0,0.0,0.211107677725308,0.211107677725308,45000000.0,2026-06-03
Josko Gvardiol,Manchester City,D S,15.266666666666667,0.131004366812227,0.12192608902483,0.12192608902483,1.1135371179039302,0.131004366812227,0.0286640664440575,0.2620087336244541,0.6613319788095602,0.6254328043488825,70000000.0,2026-06-03
Jéremy Doku,Manchester City,F M S,19.81111111111111,0.2523836231071228,0.2019041117732019,0.2019041117732019,1.968592260235558,0.2523836231071228,0.3812715346939064,2.9781267526640494,0.9511816091166913,0.4897369160272486,75000000.0,2026-06-03
Matheus Nunes,Manchester City,D S,31.83333333333333,0.031413612565445,0.0212190581183314,0.0212190581183314,0.2198952879581152,0.1570680628272251,0.0973524388842557,0.8795811518324608,0.6943717049678584,0.6373530641900308,50000000.0,2026-06-03
Rayan Cherki,Manchester City,F M S,19.91111111111111,0.2008928571428571,0.2331030485012369,0.2331030485012369,2.7622767857142856,0.6026785714285714,0.5416429230120099,3.013392857142857,1.0451560481825646,0.5603710518438935,90000000.0,2026-06-03
Nico González,Manchester City,M S,17.511111111111113,0.0571065989847715,0.0347668447869777,0.0347668447869777,0.7994923857868019,0.0,0.0507398611135534,0.6281725888324873,0.8448926469093652,0.8093559583010822,40000000.0,2026-06-03
Nico González,Manchester City,M S,17.511111111111113,0.0571065989847715,0.0347668447869777,0.0347668447869777,0.7994923857868019,0.0,0.0507398611135534,0.6281725888324873,0.8448926469093652,0.8093559583010822,22000000.0,2026-06-05
Nico O'Reilly,Manchester City,D M S,29.4,0.1700680272108843,0.2288099071707855,0.2288099071707855,1.3945578231292517,0.1020408163265306,0.130865297400627,0.7823129251700681,0.72248998465536,0.5033270906986428,70000000.0,2026-06-03
Phil Foden,Manchester City,F M S,23.14444444444445,0.3024483917426788,0.2889929833431628,0.2889929833431628,2.3763802208353337,0.2160345655304848,0.2638703436186994,2.28996639462314,0.8604215875901087,0.4860423150214361,70000000.0,2026-06-03
Rayan Ait Nouri,Manchester City,D M S,10.9,0.0,0.0457020973735446,0.0457020973735446,0.8256880733944953,0.18348623853211,0.1589911292657392,1.1009174311926606,0.6702134394249237,0.6043525330653978,40000000.0,2026-06-03
Rodri,Manchester City,M S,16.666666666666668,0.06,0.0713086903654038,0.0713086903654038,1.02,0.0,0.1365677726268768,1.5599999999999998,0.7282756327092647,0.6423566937446594,50000000.0,2026-06-03
Rúben Dias,Manchester City,D S,23.8,0.0840336134453781,0.0183639450765707,0.0183639450765707,0.4201680672268907,0.0,0.0177542164436533,0.2941176470588235,0.6170829375344916,0.5987000187561542,55000000.0,2026-06-03
Tijjani Reijnders,Manchester City,F M S,18.244444444444444,0.2740560292326431,0.2664875882324943,0.2664875882324943,2.6857490864799027,0.1096224116930572,0.1684509600023767,0.9866017052375152,0.7230681212262753,0.3931949355602083,50000000.0,2026-06-03
Amad Diallo Traore,Manchester United,D M S,26.011111111111116,0.0768902178556172,0.2202918358299911,0.2202918358299911,2.076035882101666,0.1153353267834258,0.217108268486491,1.537804357112345,0.7182047012532968,0.3864385939844904,45000000.0,2026-06-03
Ayden Heaven,Manchester United,D S,10.255555555555556,0.0,0.0209694255329063,0.0209694255329063,0.2925243770314192,0.0975081256771397,0.0356363716614982,0.1950162513542795,0.4061506240793129,0.3618571067981639,30000000.0,2026-06-03
Benjamin Sesko,Manchester United,F S,18.177777777777777,0.6051344743276283,0.6878799019315369,0.6878799019315369,3.355745721271394,0.0550122249388753,0.032882878538631,0.4951100244498778,0.7826673892078453,0.0896433232725577,75000000.0,2026-06-03
Bruno Fernandes,Manchester United,M,34.24444444444445,0.262816353017521,0.34843041006437,0.2150653304754575,2.482154445165477,0.6132381570408825,0.5185405959814574,4.00064892926671,0.7576168963678379,0.3406043685755119,35000000.0,2026-06-03
Bryan Mbeumo,Manchester United,F M S,29.73333333333333,0.3699551569506726,0.4476191067437519,0.4476191067437519,2.4551569506726456,0.100896860986547,0.171222299287271,1.5134529147982063,0.7505428485338463,0.2040869027121418,75000000.0,2026-06-03
Casemiro,Manchester United,M S,29.433333333333334,0.305775764439411,0.223466903857237,0.223466903857237,1.766704416761042,0.0679501698754246,0.1079619967822715,1.2231030577576445,0.5493343004267051,0.4034734496663272,6000000.0,2026-06-03
Diogo Dalot,Manchester United,D S,29.044444444444444,0.0344299923488905,0.0755621819858821,0.0755621819858821,0.8263198163733741,0.1032899770466717,0.1207048854916752,1.0328997704667178,0.4494910137820491,0.332818225720169,30000000.0,2026-06-03
Harry Maguire,Manchester United,D S,18.511111111111116,0.0540216086434573,0.0635623451465425,0.0635623451465425,0.7563025210084033,0.1080432172869147,0.0391718164301004,0.2160864345738295,0.2738302520119628,0.2738302520119628,8000000.0,2026-06-03
Kobbie Mainoo,Manchester United,M S,18.03333333333333,0.055452865064695,0.0286955300498196,0.0286955300498196,0.720887245841035,0.11090573012939,0.0659921910448512,1.21996303142329,0.574080220143037,0.5421707106757626,70000000.0,2026-06-03
Leny Yoro,Manchester United,D S,19.288888888888888,0.0,0.0646692673860263,0.0646692673860263,0.4665898617511521,0.0,0.0113923210556262,0.2073732718894009,0.2421270653687005,0.2332185934649669,50000000.0,2026-06-03
Lisandro Martínez,Manchester United,D S,13.522222222222222,0.0,0.008391078290642,0.008391078290642,0.3697617091207888,0.0,0.0343289227671033,0.3697617091207888,0.4947175697447241,0.4857635411419335,40000000.0,2026-06-03
Luke Shaw,Manchester United,D,36.32222222222222,0.0275313551544814,0.0164873955350251,0.0164873955350251,0.2753135515448149,0.0275313551544814,0.0411225150206259,0.4129703273172224,0.3154177694308234,0.2920761842419655,8000000.0,2026-06-03
Mason Mount,Manchester United,M S,11.344444444444443,0.2644466209598433,0.153791827973376,0.153791827973376,1.6748285994123409,0.0,0.1213335323564336,1.2340842311459352,0.5825113269147425,0.4085516757865406,25000000.0,2026-06-03
Matheus Cunha,Manchester United,F M S,27.844444444444445,0.3591380686352753,0.254129747788036,0.254129747788036,3.232242617717478,0.071827613727055,0.1328114437270859,1.1851556264964085,0.6321355273556157,0.3607286976506162,75000000.0,2026-06-03
Matheus Cunha,Manchester United,F M S,27.844444444444445,0.3591380686352753,0.254129747788036,0.254129747788036,3.232242617717478,0.071827613727055,0.1328114437270859,1.1851556264964085,0.6321355273556157,0.3607286976506162,3000000.0,2026-05-26
Matthijs de Ligt,Manchester United,D,13.0,0.0769230769230769,0.1017978434952405,0.1017978434952405,0.8461538461538461,0.0,0.0329366280482365,0.2307692307692307,0.2178385784992804,0.1837527855084492,30000000.0,2026-06-03
Noussair Mazraoui,Manchester United,D S,11.0,0.0,0.0178914948959242,0.0178914948959242,0.4545454545454545,0.0,0.0190442922440442,0.5454545454545454,0.5135155872187831,0.4909442839297382,18000000.0,2026-06-03
Patrick Dorgu,Manchester United,D M S,15.955555555555556,0.2506963788300835,0.1872253771300601,0.1872253771300601,1.5668523676880222,0.2506963788300835,0.194997089191192,1.692200557103064,0.4372871451437847,0.1251167324981276,35000000.0,2026-06-03
Senne Lammens,Manchester United,GK,32.0,0.0,0.0,0.0,0.0,0.0,0.0,0.0,0.1562554101692512,0.1562554101692512,35000000.0,2026-06-03
Aaron Ramsdale,Newcastle United,GK S,11.088888888888889,0.0,0.0,0.0,0.0,0.0,0.0064028730104585,0.0901803607214428,0.2238702725708664,0.2174673988885117,12000000.0,2026-06-03
Anthony Elanga,Newcastle United,F M S,14.322222222222225,0.0,0.1014819335339835,0.1014819335339835,1.186966640806827,0.0698215671062839,0.1221542639832704,1.047323506594259,0.2994684242665814,0.1287067461039226,32000000.0,2026-06-03
Anthony Gordon,Newcastle United,F M S,20.977777777777774,0.2860169491525424,0.4174034832779444,0.3085498846633265,2.288135593220339,0.0953389830508474,0.1770863329234012,1.2394067796610169,0.5232646348452101,0.1927114826709947,65000000.0,2026-06-03
Bruno Guimarães,Newcastle United,M S,27.41111111111111,0.3283340089177138,0.2406800667448388,0.1851428187681406,1.532225374949331,0.1824077827320632,0.1411584681741829,1.6051884880421563,0.5143212592421779,0.3416780771836367,70000000.0,2026-06-03
Dan Burn,Newcastle United,D S,24.5,0.0408163265306122,0.0376118813090178,0.0376118813090178,0.4081632653061224,0.0816326530612244,0.0166766136048399,0.2857142857142857,0.2137257727433224,0.2015966024934029,4000000.0,2026-06-03
Fabian Schär,Newcastle United,D S,12.177777777777775,0.0,0.0790934370708291,0.0790934370708291,1.395985401459854,0.0,0.0133585996745684,0.3284671532846716,0.2621906579567296,0.2512526487503337,4000000.0,2026-06-03
Harvey Barnes,Newcastle United,F M S,21.633333333333333,0.3235747303543914,0.3721351828856626,0.3721351828856626,2.6810477657935285,0.0462249614791987,0.1435863417508697,1.0631741140215716,0.5895323692914242,0.191992281323359,32000000.0,2026-06-03
Jacob Murphy,Newcastle United,D F M S,18.11111111111111,0.1656441717791411,0.1722669366495741,0.1722669366495741,2.3190184049079754,0.1104294478527607,0.2642329439657963,1.2699386503067485,0.4654586095180065,0.1509149844981044,12000000.0,2026-06-03
Jacob Ramsey,Newcastle United,M S,15.78888888888889,0.1266713581984518,0.0767163973744699,0.0767163973744699,1.0133708655876144,0.1900070372976776,0.0992082389704699,1.3933849401829697,0.3475631393733409,0.2693042809367809,35000000.0,2026-06-03
Joe Willock,Newcastle United,M S,10.877777777777778,0.0,0.1274104407428173,0.1274104407428173,1.5628192032686414,0.1838610827374872,0.1928524098590214,1.2870275791624106,0.4636076675296073,0.3130875380597513,14000000.0,2026-06-03
Joelinton,Newcastle United,M S,21.75555555555556,0.0919305413687436,0.100144097439762,0.100144097439762,1.4708886618998978,0.0459652706843718,0.0855585534232112,0.7814096016343207,0.4605073018895655,0.3332554026620046,25000000.0,2026-06-03
Kieran Trippier,Newcastle United,D S,17.844444444444445,0.0,0.0053741911409949,0.0053741911409949,0.112079701120797,0.0560398505603985,0.1019641783367958,1.5691158156911582,0.2874943841907519,0.2640533360396309,1500000.0,2026-06-03
Lewis Hall,Newcastle United,D S,24.044444444444444,0.0415896487985212,0.0535733816076187,0.0535733816076187,1.0397412199630314,0.0415896487985212,0.105384405983815,1.0397412199630314,0.3688340087923911,0.3105710236684466,40000000.0,2026-06-03
Lewis Miley,Newcastle United,D M S,16.333333333333332,0.0612244897959183,0.0842454352092986,0.0842454352092986,0.7346938775510204,0.2448979591836735,0.1421200090220996,0.9183673469387756,0.4313735208112975,0.3623397964604047,25000000.0,2026-06-03
Malick Thiaw,Newcastle United,D S,32.977777777777774,0.1212938005390835,0.1788486608409516,0.1788486608409516,0.849056603773585,0.0,0.025073572054425,0.1819407008086253,0.2774090263484211,0.2621421840818815,45000000.0,2026-06-03
Nick Pope,Newcastle United,GK,26.91111111111111,0.0,0.0048859864719439,0.0048859864719439,0.037159372419488,0.0,0.0,0.0,0.1044411206630256,0.1044411206630256,5000000.0,2026-06-03
Nick Woltemade,Newcastle United,F M S,21.7,0.3686635944700461,0.3807390316428127,0.3456621266867158,1.4746543778801844,0.1382488479262673,0.1336997902784754,1.0138248847926268,0.4051740873553511,0.1060351525102892,55000000.0,2026-06-03
Sandro Tonali,Newcastle United,M S,28.73333333333333,0.0,0.0493156279085026,0.0493156279085026,1.2877030162412992,0.0696055684454756,0.1308778065565774,1.1136890951276102,0.3737686155255876,0.2927953099481882,80000000.0,2026-06-03
Sven Botman,Newcastle United,D S,20.466666666666665,0.0488599348534201,0.0757832200560682,0.0757832200560682,0.732899022801303,0.0,0.0724699224439428,0.2931596091205212,0.2941842971472768,0.2795985478191888,35000000.0,2026-06-03
Valentino Livramento,Newcastle United,D S,14.7,0.0,0.0103595723607102,0.0103595723607102,0.2040816326530612,0.0680272108843537,0.0419239372927315,0.6802721088435374,0.4236687610850853,0.3817584170472054,45000000.0,2026-06-03
Callum Hudson-Odoi,Nottingham Forest,M S,20.633333333333333,0.1453957996768982,0.1430543540692579,0.1430543540692579,1.4539579967689822,0.1938610662358643,0.1906530778578246,2.132471728594507,0.5393088721370803,0.2776536266642934,30000000.0,2026-06-03
Chris Wood,Nottingham Forest,F S,10.144444444444444,0.2957283680175246,0.3317236335619647,0.3317236335619647,2.267250821467689,0.0,0.0317113734332911,0.4928806133625411,0.3221297758628348,0.0499806959112659,5000000.0,2026-06-03
Dan Ndoye,Nottingham Forest,F M S,13.155555555555557,0.0760135135135135,0.089118839571932,0.089118839571932,1.1402027027027029,0.0760135135135135,0.1180402120587894,1.0641891891891893,0.3058633589299043,0.1377932409554518,32000000.0,2026-06-03
Elliot Anderson,Nottingham Forest,M S,36.98888888888889,0.1081405827575848,0.0931170027782498,0.0725386923609302,1.1895464103334334,0.1081405827575848,0.130921401943453,1.486933012916792,0.4402016247735972,0.3232834501693863,75000000.0,2026-06-03
Ibrahim Sangare,Nottingham Forest,M S,23.45555555555556,0.0852676456655613,0.0669519291561554,0.0669519291561554,0.6821411653244908,0.0852676456655613,0.0617845722905186,0.5116058739933681,0.3164423862229529,0.2255090766099746,20000000.0,2026-06-03
Igor Jesus,Nottingham Forest,F M S,26.433333333333334,0.2269861286254728,0.272348553358024,0.2435527587471551,2.648171500630517,0.1513240857503152,0.0862679843794352,0.5674653215636822,0.3228861405684473,0.0699251035785051,25000000.0,2026-06-03
Igor Jesus,Nottingham Forest,F M S,26.433333333333334,0.2269861286254728,0.272348553358024,0.2435527587471551,2.648171500630517,0.1513240857503152,0.0862679843794352,0.5674653215636822,0.3228861405684473,0.0699251035785051,3000000.0,2026-06-02
Matz Sels,Nottingham Forest,GK S,29.68888888888889,0.0,0.0,0.0,0.0,0.0,0.0,0.0,0.0749657891584772,0.0749657891584772,3500000.0,2026-06-03
Morato,Nottingham Forest,D S,14.811111111111112,0.0675168792198049,0.1272960450843994,0.1272960450843994,0.3375843960990247,0.0,0.0063255901077436,0.1350337584396099,0.3023664552413782,0.2597582007954644,14000000.0,2026-06-03
Morgan Gibbs-White,Nottingham Forest,F M S,34.91111111111111,0.4296626352641629,0.3343261600508195,0.3125231061427173,2.377466581795035,0.1145767027371101,0.1290267113866527,1.3749204328453215,0.4945521812025222,0.1550713914875142,70000000.0,2026-06-03
Murillo,Nottingham Forest,D,23.68888888888889,0.0422138836772983,0.0251472265525995,0.0251472265525995,0.4643527204502814,0.0,0.0126386693273417,0.3377110694183864,0.2684199112235074,0.2553877452349964,50000000.0,2026-06-03
Neco Williams,Nottingham Forest,D S,35.58888888888889,0.0561973150171714,0.0525607257590623,0.0525607257590623,1.2925382453949423,0.0842959725257571,0.1235105139367652,1.0115516703090852,0.3401370171447062,0.2531579121554173,28000000.0,2026-06-03
Nicolás Domínguez,Nottingham Forest,M S,13.444444444444445,0.0743801652892562,0.0753021054354704,0.0753021054354704,1.3388429752066116,0.0743801652892562,0.0951969910351451,0.8181818181818181,0.4013034219522614,0.3145301462081838,15000000.0,2026-06-03
Nicolò Savona,Nottingham Forest,D S,11.511111111111113,0.1737451737451737,0.1073294241542291,0.1073294241542291,0.4343629343629344,0.0,0.0516421250229464,0.5212355212355212,0.2611797822740029,0.1335448638669082,15000000.0,2026-06-03
Nikola Milenkovic,Nottingham Forest,D S,37.333333333333336,0.0,0.0136450259513886,0.0136450259513886,0.4017857142857142,0.0,0.0071674356503146,0.0803571428571428,0.2161519653330157,0.2142425050260499,28000000.0,2026-06-03
Ola Aina,Nottingham Forest,D,17.72222222222222,0.0,0.0231124362718535,0.0231124362718535,0.677115987460815,0.0,0.0192606775528024,0.5078369905956113,0.2229215406161677,0.1990329520922843,18000000.0,2026-06-03
Omari Hutchinson,Nottingham Forest,M S,18.488888888888887,0.0540865384615384,0.1177852632491312,0.1177852632491312,1.3521634615384617,0.2704326923076923,0.2667293627746403,1.7848557692307694,0.5586372069956269,0.3039132683121492,30000000.0,2026-06-03
Brian Brobbey,Sunderland,F S,21.58888888888889,0.3242408646423057,0.3294234101267985,0.3294234101267985,1.667524446731858,0.0463201235203293,0.0698708077653958,0.6948018528049408,0.430225318175996,0.0741545642317261,30000000.0,2026-06-03
Chemsdine Talbi,Sunderland,F M S,17.288888888888888,0.2313624678663239,0.1344085145073734,0.1344085145073734,1.4460154241645244,0.0578406169665809,0.0347263410874189,0.6940874035989718,0.1866951275612096,0.0687671549723586,25000000.0,2026-06-03
Dan Ballard,Sunderland,D S,23.81111111111111,0.0839944003733084,0.1551979497019454,0.1551979497019454,1.0499300046663556,0.0,0.066380167698963,0.5879608026131592,0.1995918382701476,0.1095647853679652,20000000.0,2026-06-03
Enzo Le Fée,Sunderland,F M S,32.81111111111111,0.1523874026413816,0.1605760276410949,0.067783114896148,1.097189299017948,0.182864883169658,0.2299958139833326,1.6153064679986455,0.4016911294128363,0.2175666993850374,28000000.0,2026-06-03
Granit Xhaka,Sunderland,M S,32.17777777777778,0.0310773480662983,0.0250878695492473,0.0250878695492473,0.6526243093922652,0.18646408839779,0.1151409642950976,1.0566298342541436,0.3249237678323754,0.2791186174421535,8000000.0,2026-06-03
Habib Diarra,Sunderland,M S,15.71111111111111,0.1272984441301273,0.2070418041188907,0.1585939997488361,1.654879773691655,0.1272984441301273,0.041038514598361,0.4455445544554455,0.2619969972990232,0.1197248887365533,35000000.0,2026-06-03
Lutsharel Geertruida,Sunderland,D M S,18.433333333333334,0.0,0.0454192450623723,0.0454192450623723,0.596745027124774,0.0,0.0419747735968172,0.4339963833634719,0.2459727453697762,0.1784775605186092,20000000.0,2026-06-03
Noah Sadiki,Sunderland,M,32.37777777777778,0.0,0.0499984730378959,0.0499984730378959,0.5868222374742621,0.030885380919698,0.028710974464749,0.5868222374742621,0.2577278267927135,0.1935905223525676,35000000.0,2026-06-03
Nordi Mukiele,Sunderland,D,31.03333333333333,0.0966702470461868,0.0895454060130229,0.0895454060130229,0.8378088077336198,0.0966702470461868,0.0887057987851051,0.7411385606874328,0.2924827665938854,0.2252012175916985,16000000.0,2026-06-03
Omar Alderete,Sunderland,D S,31.2,0.032051282051282,0.0495373949898072,0.0495373949898072,0.7692307692307693,0.032051282051282,0.0194697611583158,0.2884615384615385,0.1458195259030431,0.1209342773430622,13000000.0,2026-06-03
Reinildo,Sunderland,D S,21.933333333333334,0.0,0.0077509773204437,0.0077509773204437,0.182370820668693,0.0455927051671732,0.0134904859842319,0.2735562310030395,0.1799473157407302,0.1689348175646143,350000.0,2026-05-26
Robin Roefs,Sunderland,GK,35.0,0.0,0.0,0.0,0.0,0.0,0.0201526845140116,0.1142857142857142,0.0898448857877935,0.0696922007415975,28000000.0,2026-06-03
Trai Hume,Sunderland,D M S,33.78888888888889,0.0591910555738244,0.0801439357468835,0.0801439357468835,1.0062479447550148,0.0295955277869122,0.061683348468537,0.7990792502466293,0.2435637146769846,0.1243747827811034,22000000.0,2026-06-03
Wilson Isidor,Sunderland,F S,12.688888888888888,0.4728546409807356,0.4428610286223596,0.4428610286223596,3.3887915936952715,0.0,0.0,0.0,0.4753916117243612,0.0531842560228449,18000000.0,2026-06-03
Archie Gray,Tottenham,D M S,16.633333333333333,0.1202404809619238,0.0955033806042525,0.0955033806042525,0.6613226452905812,0.1202404809619238,0.0997047690312585,0.4809619238476954,0.2146419092736586,0.1303693929683409,35000000.0,2026-06-03
Conor Gallagher,Tottenham,M S,13.655555555555557,0.0732302685109845,0.1107543368238055,0.1107543368238055,0.80553295362083,0.0732302685109845,0.0626213133086558,0.951993490642799,0.3056231165036522,0.1870547239861903,32000000.0,2026-06-03
Cristian Romero,Tottenham,D S,20.866666666666667,0.1916932907348242,0.0880908650962022,0.0880908650962022,0.8146964856230032,0.047923322683706,0.0870741193536847,0.5750798722044729,0.2929793921605752,0.2052601332517382,45000000.0,2026-06-03
Djed Spence,Tottenham,D M S,22.977777777777774,0.0,0.0494004713598372,0.0494004713598372,0.5657640232108317,0.0,0.080961428742092,0.4352030947775628,0.2487723613464106,0.1342479371406296,30000000.0,2026-06-03
Dominic Solanke,Tottenham,F S,10.988888888888887,0.2730030333670374,0.3263627591611642,0.3263627591611642,1.820020222446916,0.0,0.0543866674175638,0.5460060667340748,0.4281235866708148,0.1538732147486494,28000000.0,2026-06-03
Guglielmo Vicario,Tottenham,GK,31.0,0.0,0.0,0.0,0.0,0.0,0.002318232770889,0.032258064516129,0.1132657349770588,0.1109475026868524,18000000.0,2026-06-03
Iyenoma Destiny Udogie,Tottenham,D S,14.911111111111111,0.0,0.0146511893083748,0.0146511893083748,0.2682563338301043,0.067064083457526,0.0752460147807965,0.8047690014903129,0.3471778796072466,0.2869796164017364,30000000.0,2026-06-03
João Palhinha,Tottenham,D M S,24.22222222222222,0.2064220183486238,0.1406711871317083,0.1406711871317083,1.3623853211009174,0.0825688073394495,0.0317492975357817,0.3302752293577982,0.1973326998130512,0.136438296347378,15000000.0,2026-06-03
Kevin Danso,Tottenham,D S,16.544444444444444,0.0,0.0316859397954633,0.0316859397954633,0.6648757555406313,0.0,0.0095906688552162,0.1208865010073875,0.0997680115223911,0.0964853321962043,20000000.0,2026-06-03
Lucas Bergvall,Tottenham,M S,10.622222222222222,0.0941422594142259,0.1350281928630865,0.1350281928630865,1.1297071129707112,0.2824267782426778,0.0274546259125717,0.4707112970711297,0.308240325712291,0.1593437478156706,35000000.0,2026-06-03
Mathys Tel,Tottenham,F M S,14.71111111111111,0.2719033232628399,0.1921207755466422,0.1921207755466422,2.379154078549849,0.0679758308157099,0.2320693673149561,1.9712990936555888,0.4204810106721665,0.1772918930597986,22000000.0,2026-06-03
Micky van de Ven,Tottenham,D,33.87777777777778,0.1180714988520826,0.0723941922713182,0.0723941922713182,0.4722859954083305,0.0295178747130206,0.0299396790214623,0.1475893735651033,0.1647556184740018,0.1547864363056865,50000000.0,2026-06-03
Mohammed Kudus,Tottenham,F M,17.522222222222222,0.1141407736207989,0.1348189111520254,0.1348189111520254,1.4838300570703868,0.2853519340519975,0.1469071225671259,1.1984781230183894,0.2832181211242059,0.080270159637618,50000000.0,2026-06-03
Pape Sarr,Tottenham,M S,14.966666666666669,0.1336302895322939,0.1367948756435002,0.1367948756435002,1.135857461024499,0.2672605790645879,0.1625991199281738,0.734966592427617,0.4688477373468318,0.3313476432172917,600000.0,2026-06-01
Pedro Porro,Tottenham,D M S,31.27777777777778,0.0319715808170515,0.0448526672747641,0.0448526672747641,1.0230905861456483,0.063943161634103,0.1358041375227021,1.69449378330373,0.3390572756184777,0.2810861027367797,35000000.0,2026-06-03
Randal Kolo Muani,Tottenham,F M S,18.933333333333334,0.0528169014084507,0.1426353917332549,0.1426353917332549,1.056338028169014,0.0528169014084507,0.0975641074367392,1.0035211267605633,0.224264215671418,0.0417091517748547,20000000.0,2026-06-03
Richarlison,Tottenham,F M S,21.4,0.5140186915887851,0.4610409645502952,0.4610409645502952,2.850467289719626,0.1869158878504673,0.1592611300837353,0.8878504672897197,0.522797389095214,0.105441673005992,25000000.0,2026-06-03
Rodrigo Bentancur,Tottenham,M S,21.45555555555556,0.0466079751424132,0.0455451019856826,0.0455451019856826,0.6059036768513724,0.0466079751424132,0.0408933282955701,0.4660797514241325,0.2176207402004348,0.1946348859193039,20000000.0,2026-06-03
Wilson Odobert,Tottenham,F M S,10.511111111111113,0.0,0.2340550121042019,0.2340550121042019,1.9978858350951372,0.1902748414376321,0.1857485315008344,1.9027484143763211,0.5678012719610214,0.2743211595329749,18000000.0,2026-06-03
Xavi Simons,Tottenham,F M S,19.64444444444445,0.1018099547511312,0.1382727225677729,0.1382727225677729,2.138009049773756,0.254524886877828,0.2367366686499176,1.7307692307692306,0.485117334769238,0.264868578800881,40000000.0,2026-06-03
Aaron Wan-Bissaka,West Ham,D M S,23.25555555555556,0.0,0.0,0.0,0.0,0.0860009555661729,0.0614474933083639,0.7740086000955566,0.1645976140769443,0.1327021225327532,15000000.0,2026-06-03
Alphonse Areola,West Ham,GK,20.0,0.0,0.0,0.0,0.0,0.05,0.0011072285473346,0.05,0.0215397458523511,0.0215397458523511,4000000.0,2026-06-03
Axel Disasi,West Ham,D,13.977777777777778,0.0,0.0773168045772752,0.0773168045772752,0.3577106518282988,0.0,0.0017101894205344,0.0715421303656597,0.2271813049835459,0.2055499134570454,15000000.0,2026-06-03
Callum Wilson,West Ham,F M S,13.655555555555557,0.5126118795768918,0.5567449209279555,0.5567449209279555,2.7827502034174127,0.0732302685109845,0.0751898584446352,0.5858421480878764,0.5050275137419135,0.0466923507959547,4000000.0,2026-06-03
Crysencio Summerville,West Ham,F M S,27.877777777777776,0.1793543244320446,0.2044292563411428,0.2044292563411428,1.9370267038660824,0.0717417297728178,0.1160676872796476,1.00438421681945,0.3978573051925293,0.1421451327253999,35000000.0,2026-06-03
El Hadji Malick Diouf,West Ham,D M S,30.122222222222224,0.0,0.0185660327664823,0.0185660327664823,0.5975654739948358,0.1659904094430099,0.1080192415279376,0.9627443747694576,0.2303797363780084,0.1689452323918301,28000000.0,2026-06-03
Freddie Potts,West Ham,M S,12.8,0.0,0.0166119443019852,0.0166119443019852,0.234375,0.078125,0.0943367458239663,0.625,0.2472417354874778,0.1769324665656313,10000000.0,2026-06-03
Jarrod Bowen,West Ham,F M,37.95555555555556,0.23711943793911,0.2179811041871962,0.1979268898869007,2.081381733021077,0.2898126463700234,0.2221539627871884,1.1592505854800936,0.3788817404557796,0.1021592041850526,30000000.0,2026-06-03
Jean-Clair Todibo,West Ham,D S,20.3,0.0,0.0323158308056187,0.0323158308056187,0.0985221674876847,0.0492610837438423,0.0187173356380075,0.2463054187192118,0.0898851475361826,0.0788006670038981,22000000.0,2026-06-03
Konstantinos Mavropanos,West Ham,D S,27.977777777777774,0.1072279586973788,0.0997615308017041,0.0997615308017041,0.8220810166799046,0.0,0.0174990092345747,0.1429706115965051,0.1593439237786437,0.1463241920813125,18000000.0,2026-06-03
Kyle Walker-Peters,West Ham,D S,15.166666666666666,0.0659340659340659,0.0783458081084293,0.0783458081084293,0.3296703296703296,0.0,0.0235379917117265,0.3956043956043956,0.3234010728505941,0.2371992761944676,12000000.0,2026-06-03
Lucas Paquetá,West Ham,F M,17.155555555555555,0.233160621761658,0.1422766710986224,0.0535393713845586,1.3406735751295338,0.0582901554404145,0.175568158895144,1.3406735751295338,0.2486451427389534,0.0891056824041231,32000000.0,2026-05-26
Mads Hermansen,West Ham,GK,18.0,0.0,0.0,0.0,0.0,0.0555555555555555,0.0020664655086066,0.1111111111111111,0.1134570145772563,0.111390548861689,15000000.0,2026-06-03
Mateus Fernandes,West Ham,M S,33.82222222222222,0.0886990801576872,0.0538593463681677,0.0538593463681677,0.8278580814717477,0.1182654402102496,0.0986348427330362,1.0939553219448097,0.3051020780029987,0.2066491481220244,50000000.0,2026-06-03
Maximilian Kilman,West Ham,D S,17.244444444444444,0.0,0.0676804811624118,0.0676804811624118,0.4059278350515464,0.0,0.0120448950946945,0.2319587628865979,0.0715520679254622,0.0654174614404856,13000000.0,2026-06-03
Soungoutou Magassa,West Ham,M S,10.844444444444443,0.0922131147540983,0.0571079537764832,0.0571079537764832,0.6454918032786885,0.0,0.0688264541973008,0.4610655737704918,0.2230311358122337,0.1412299387328723,17000000.0,2026-06-03
Tomas Soucek,West Ham,M S,24.511111111111116,0.2039891205802357,0.2127283705011726,0.2127283705011726,1.0199456029011786,0.0,0.0335276345718155,0.4487760652765185,0.2961866428243065,0.1851705660205925,300000.0,2026-05-20
Valentín Castellanos,West Ham,F S,15.88888888888889,0.3776223776223776,0.4481022406656008,0.4481022406656008,3.1468531468531467,0.0,0.0470460094250999,0.7552447552447552,0.426681104852082,0.0716824424160006,28000000.0,2026-06-03
Adam Armstrong,Wolverhampton Wanderers,F M,13.0,0.1538461538461538,0.2160444859988414,0.1574930369567412,1.3846153846153846,0.1538461538461538,0.1154858038689081,0.4615384615384615,0.2195357428147242,0.0551057314643493,6000000.0,2026-06-03
André,Wolverhampton Wanderers,M S,30.7,0.0325732899022801,0.0167967062079459,0.0167967062079459,0.4885993485342019,0.0,0.0406462294489436,0.5863192182410424,0.2026127571246135,0.1800029736970845,25000000.0,2026-06-03
André,Wolverhampton Wanderers,M S,30.7,0.0325732899022801,0.0167967062079459,0.0167967062079459,0.4885993485342019,0.0,0.0406462294489436,0.5863192182410424,0.2026127571246135,0.1800029736970845,16000000.0,2026-05-26
David Møller Wolfe,Wolverhampton Wanderers,D S,11.766666666666667,0.0,0.0070162760172957,0.0070162760172957,0.254957507082153,0.1699716713881019,0.1108784068154207,0.6798866855524078,0.152147205878925,0.1102538299733619,8000000.0,2026-06-03
Emmanuel Agbadou,Wolverhampton Wanderers,D S,12.144444444444444,0.0,0.0367875068387986,0.0367875068387986,0.8234217749313816,0.0,0.0141436566938693,0.3293687099725526,0.136305090970439,0.1271123777008176,16000000.0,2026-05-21
Hee-Chan Hwang,Wolverhampton Wanderers,F M S,16.322222222222223,0.1225323349217154,0.1630747608886112,0.1164408634214518,1.1640571817562968,0.1225323349217154,0.1152757017374282,0.918992511912866,0.3160138650739615,0.1070246023586852,6000000.0,2026-06-03
Hugo Bueno,Wolverhampton Wanderers,D M S,26.122222222222224,0.0382815823054019,0.0343086429158964,0.0343086429158964,0.6125053168864313,0.0765631646108039,0.1410022647342292,1.4547001276052742,0.2121980324774181,0.1121381232106954,12000000.0,2026-06-03
Jackson Tchatchoua,Wolverhampton Wanderers,D S,20.244444444444444,0.0,0.0052115582461283,0.0052115582461283,0.1481888035126235,0.0493962678375411,0.1107937059468466,1.0373216245883643,0.2979900800642424,0.205981633099436,12000000.0,2026-06-03
Jean-Ricner Bellegarde,Wolverhampton Wanderers,F M S,14.088888888888889,0.0709779179810725,0.061737055815345,0.061737055815345,1.4905362776025235,0.0709779179810725,0.0863486684106689,0.9227129337539433,0.3691389036294344,0.2485268966189059,16000000.0,2026-06-03
Jhon Arias,Wolverhampton Wanderers,F M S,12.666666666666666,0.0789473684210526,0.2599852691453539,0.2599852691453539,1.2631578947368425,0.0,0.0707547287701776,0.868421052631579,0.385075770661627,0.1061916582678493,15000000.0,2026-05-26
José Sá,Wolverhampton Wanderers,GK,23.0,0.0,0.0,0.0,0.0,0.0,0.0036141405934872,0.0434782608695652,0.0673359000812406,0.0637217594877533,3500000.0,2026-06-03
João Gomes,Wolverhampton Wanderers,M S,31.61111111111111,0.031634446397188,0.0394246478078916,0.0394246478078916,0.5694200351493849,0.031634446397188,0.0456094615658997,0.5061511423550088,0.196194404994771,0.1606743443357923,40000000.0,2026-06-03
Ladislav Krejcí,Wolverhampton Wanderers,D M S,26.5,0.0754716981132075,0.0650744390023766,0.0650744390023766,0.7924528301886793,0.0377358490566037,0.0562595490295931,0.3396226415094339,0.1565626709247535,0.0978006564502446,100000.0,2026-05-20
Ladislav Krejcí,Wolverhampton Wanderers,D M S,26.5,0.0754716981132075,0.0650744390023766,0.0650744390023766,0.7924528301886793,0.0377358490566037,0.0562595490295931,0.3396226415094339,0.1565626709247535,0.0978006564502446,22000000.0,2026-06-03
Mateus Mané,Wolverhampton Wanderers,M S,19.822222222222223,0.1513452914798206,0.0995067781622567,0.0995067781622567,2.068385650224215,0.0504484304932735,0.1655579417434441,1.5134529147982063,0.2652307071241721,0.1252714175320619,20000000.0,2026-06-03
Rodrigo Gomes,Wolverhampton Wanderers,D F M S,10.566666666666666,0.2839116719242902,0.2161927341427713,0.2161927341427713,1.987381703470032,0.0,0.0143198905166015,0.2839116719242902,0.3195900698589037,0.0954079118554336,15000000.0,2026-06-03
Sam Johnstone,Wolverhampton Wanderers,GK,12.0,0.0,0.0,0.0,0.0,0.0,0.0,0.0,0.0265698891598731,0.0265698891598731,2000000.0,2026-06-03
Santiago Bueno,Wolverhampton Wanderers,D S,28.322222222222223,0.105923891722244,0.0704491097244761,0.0704491097244761,0.3530796390741467,0.0353079639074146,0.0318627447553385,0.3530796390741467,0.1535951780654393,0.1390793372863423,10000000.0,2026-06-03
Tolu Arokodare,Wolverhampton Wanderers,F S,15.077777777777778,0.1989683124539425,0.4925499927161938,0.4420671663497552,3.0508474576271185,0.0663227708179808,0.0769117277996805,0.7295504789977892,0.3584388184224584,0.073118864297153,20000000.0,2026-06-03
Toti,Wolverhampton Wanderers,D S,15.966666666666669,0.0,0.0595077076471859,0.0595077076471859,0.313152400835073,0.0,0.0099322486801037,0.3757828810020877,0.143257630833411,0.1316028686788609,18000000.0,2026-06-03
Yerson Mosquera,Wolverhampton Wanderers,D S,23.933333333333334,0.0,0.1239212632469812,0.1239212632469812,1.2534818941504178,0.0,0.0502544775226446,0.4596100278551532,0.2445569154767521,0.1570615192361611,12000000.0,2026-06-03
Abderrahmane Rebbach,Alaves,D F M S,16.433333333333334,0.0608519269776876,0.1799366660567253,0.1799366660567253,2.0689655172413794,0.2434077079107505,0.3011819412723999,1.8255578093306288,0.3759208678232003,0.1335765977539348,2500000.0,2026-06-05
Antonio Blanco,Alaves,M,34.855555555555554,0.0573796620975454,0.0349842747278537,0.0349842747278537,1.1475932419509085,0.0860694931463181,0.0454894562005749,0.6311762830729997,0.3142366865409344,0.2721408836467557,10000000.0,2026-06-05
Antonio Martínez,Alaves,F S,30.55555555555556,0.4581818181818181,0.4201027069850402,0.3957772564888,3.0436363636363635,0.0981818181818181,0.1250182833251628,0.7854545454545454,0.5027518919584425,0.1139231829074296,5000000.0,2026-06-02
Antonio Sivera,Alaves,GK,38.0,0.0,0.0,0.0,0.0,0.0,0.0,0.0,0.0876887680864647,0.0876887680864647,6000000.0,2026-06-05
Carles Aleñá,Alaves,F M S,22.244444444444444,0.0,0.1009510342984438,0.1009510342984438,1.3036963036963038,0.1798201798201798,0.1828753844891618,1.6633366633366633,0.3523277504263551,0.1749264146131533,3000000.0,2026-06-05
Carlos Vicente,Alaves,F M S,13.88888888888889,0.36,0.2674622274041175,0.1069142637848854,0.864,0.0,0.2777175340801477,1.872,0.4012272318899631,0.1173449099510908,4000000.0,2024-06-07
Denis Suárez,Alaves,M S,15.633333333333333,0.0639658848614072,0.0961548395788491,0.0961548395788491,0.5756929637526652,0.1279317697228145,0.1106062356327007,1.535181236673774,0.505621849672436,0.3818745475047941,1000000.0,2026-06-05
Jon Guridi,Alaves,F M S,13.9,0.0,0.1165750408344131,0.1165750408344131,1.079136690647482,0.0,0.0389650732064418,0.7913669064748201,0.3811451046318888,0.263487015643137,1800000.0,2026-06-05
Jon Pacheco Dozagarat,Alaves,D S,19.3,0.0,0.0125926317058387,0.0125926317058387,0.2072538860103626,0.0,0.0393462316205464,0.2590673575129533,0.1026642043626061,0.095034202203695,5000000.0,2026-06-05
Jonny,Alaves,D,33.4,0.0,0.0263572255049101,0.0263572255049101,0.2694610778443114,0.0,0.0362736055304011,0.5089820359281437,0.3391607946152994,0.2889250691779359,,
Lucas Boyé,Alaves,F M S,21.77777777777778,0.5051020408163265,0.5098687336133907,0.407478445219066,2.892857142857143,0.0459183673469387,0.1244207672033534,1.2857142857142856,0.5599042681492484,0.1733458614765609,5000000.0,2026-06-05
Nahuel Tenaglia,Alaves,D,36.0,0.0555555555555555,0.0498166696116742,0.0498166696116742,0.6666666666666666,0.0,0.012074736205654,0.2222222222222222,0.1789481530172957,0.1677519057670401,3000000.0,2026-06-05
Pablo Ibáñez,Alaves,M S,25.31111111111111,0.0395083406496927,0.1550932052603304,0.1550932052603304,1.8568920105355573,0.0395083406496927,0.0509069506749445,0.7506584723441616,0.2844044608714041,0.1943122225554367,4000000.0,2026-06-05
Victor Parada,Alaves,D S,23.988888888888887,0.0,0.0777467099398429,0.0777467099398429,0.5002315886984715,0.1250578971746178,0.0990750387719918,0.5836035201482168,0.3376155409611668,0.2885801004674657,4000000.0,2026-06-05
Youssef Lekhedim,Alaves,D S,14.8,0.0,0.0534819413253383,0.0534819413253383,0.7432432432432432,0.0675675675675675,0.1870708469603512,1.081081081081081,0.3886458749656338,0.2118391795335589,1200000.0,2026-03-25
Ángel Pérez,Alaves,D M S,14.355555555555556,0.0696594427244582,0.0841508385647468,0.0841508385647468,0.9752321981424148,0.2089783281733746,0.1440784822134503,1.671826625386997,0.3627797123188896,0.1804574194505533,3000000.0,2026-06-05
Aitor Paredes,Athletic Club,D S,18.05555555555556,0.1107692307692307,0.0818585376785351,0.0818585376785351,0.72,0.0,0.0420742773551207,0.2215384615384615,0.2271780251081173,0.2175740208534093,7500000.0,2026-06-05
Alejandro Rego,Athletic Club,M S,13.677777777777775,0.0731112916328188,0.0388321850848309,0.0388321850848309,0.8042242079610074,0.0731112916328188,0.0584560201013843,0.8042242079610074,0.2317463476921997,0.163943660146671,5000000.0,2026-06-05
Alex Berenguer,Athletic Club,F M S,24.344444444444445,0.0821542674577818,0.2165548998814897,0.2165548998814897,1.8073938840712005,0.1232314011866727,0.2247442832086549,2.012779552715655,0.4520685575300566,0.1695328384352187,4000000.0,2026-06-05
Andoni Gorosabel,Athletic Club,D S,14.966666666666669,0.0,0.0143977278067765,0.0143977278067765,0.3340757238307349,0.0668151447661469,0.0861781514052691,1.0690423162583518,0.431690620080068,0.3782286504096868,3000000.0,2026-06-05
Aymeric Laporte,Athletic Club,D S,22.977777777777774,0.0,0.0792282164129257,0.0792282164129257,0.6528046421663443,0.0435203094777562,0.0192103944664795,0.304642166344294,0.2264122522708093,0.2079672562372753,8000000.0,2026-06-05
Dani Vivian,Athletic Club,D S,28.45555555555556,0.0351425224521671,0.0511110669793979,0.0511110669793979,0.5974228816868411,0.0,0.0561277126789395,0.2108551347130027,0.2669002294499675,0.2294525091144685,20000000.0,2026-06-05
Gorka Guruzeta,Athletic Club,F M S,26.677777777777777,0.3748438150770512,0.4395459043246068,0.4116846028496602,3.1486880466472305,0.1124531445231153,0.1312517381891118,0.9745939192003332,0.6037957407378967,0.1577188141383339,5000000.0,2026-06-05
Inigo Ruiz de Galarreta,Athletic Club,M S,25.433333333333334,0.0393184796854521,0.0258435550979478,0.0258435550979478,0.7863695937090432,0.0786369593709043,0.1307920433048691,1.1795543905635648,0.3956588956272305,0.3327849773424012,2000000.0,2026-06-05
Iñaki Williams,Athletic Club,F M S,24.31111111111111,0.1234003656307129,0.3562338563819608,0.3256602801290601,2.344606946983547,0.2468007312614259,0.1731400517831936,1.0283363802559415,0.532847340644373,0.1534872357197228,8000000.0,2026-06-05
Jesús Areso,Athletic Club,D S,16.644444444444446,0.0,0.0057366438016036,0.0057366438016036,0.1802403204272363,0.0600801068090787,0.0937582603786314,1.3818424566088117,0.1786428744915887,0.1330757836931856,5000000.0,2026-06-05
Mikel Jauregizar,Athletic Club,M S,31.91111111111111,0.0626740947075208,0.0442036091347424,0.0442036091347424,1.2221448467966574,0.0,0.0494733487526966,0.8774373259052924,0.2781392668742261,0.2129726925499031,30000000.0,2026-06-05
Nico Williams,Athletic Club,M S,19.05555555555556,0.314868804664723,0.3076559375026657,0.2296442902448747,2.4139941690962097,0.1574344023323615,0.2171830619595749,1.7842565597667637,0.5666792530881419,0.1723389340341959,40000000.0,2026-06-05
Oihan Sancet,Athletic Club,M S,20.355555555555554,0.1965065502183406,0.3466458322569793,0.2736226544922877,2.3580786026200875,0.0,0.0710050927426291,1.3264192139737991,0.3716164451869261,0.1084213839908939,25000000.0,2026-06-05
Roberto Navarro,Athletic Club,M S,13.844444444444443,0.4333868378812199,0.238591808097715,0.238591808097715,1.5168539325842696,0.0722311396468699,0.1489999106999959,1.7335473515248796,0.5996287539362142,0.3319118455213825,6000000.0,2026-06-05
Unai Gómez,Athletic Club,F M S,10.333333333333334,0.0967741935483871,0.2003674361133767,0.2003674361133767,2.225806451612903,0.0967741935483871,0.0594853530487706,0.7741935483870968,0.2953741977652234,0.0767558367862816,5000000.0,2026-06-05
Unai Simón,Athletic Club,GK,37.0,0.0,0.0,0.0,0.0,0.0,0.0008618212430863,0.027027027027027,0.0864598615145361,0.0855980405735003,22000000.0,2026-06-05
Yuri,Athletic Club,D S,30.08888888888889,0.0,0.0201549260853686,0.0201549260853686,0.7976366322008863,0.1994091580502215,0.1611257613426077,0.9970457902511078,0.350966146408389,0.2762622373492252,,
Alexander Sørloth,Atletico Madrid,F S,21.72222222222222,0.59846547314578,0.6411686838054291,0.6411686838054291,3.130434782608696,0.0,0.05633566900135,0.4603580562659847,0.7321692956444782,0.1311774626040779,18000000.0,2026-06-05
Antoine Griezmann,Atletico Madrid,F S,15.866666666666667,0.4411764705882353,0.5227250826912893,0.5227250826912893,2.9621848739495795,0.2521008403361344,0.3144014074208857,2.016806722689076,1.0873641264664025,0.4502577621082799,8000000.0,2026-06-05
Clement Lenglet,Atletico Madrid,D S,15.577777777777778,0.0,0.0194884152331,0.0194884152331,0.3209700427960057,0.0641940085592011,0.0252733344528372,0.2567760342368045,0.4166848136619605,0.4088373071568541,4000000.0,2026-06-05
David Hancko,Atletico Madrid,D S,27.14444444444445,0.0,0.0605590201950907,0.0605590201950907,0.7736389684813754,0.0736799017601309,0.0792566700058909,0.4789193614408514,0.4575739733377686,0.3748489174316322,35000000.0,2026-06-05
Giménez,Atletico Madrid,D S,12.944444444444445,0.0,0.1189757476484826,0.1189757476484826,1.0042918454935623,0.0772532188841201,0.0389186548061125,0.0772532188841201,0.3042912978215278,0.2575771259903396,,
Giuliano Simeone,Atletico Madrid,D F M S,23.92222222222222,0.1672085462145843,0.2550447291767685,0.2550447291767685,1.5048769159312587,0.2508128193218765,0.2310356489459249,1.2122619600557365,0.7757134318067981,0.3781048002744961,40000000.0,2026-06-05
Jan Oblak,Atletico Madrid,GK,30.0,0.0,0.0,0.0,0.0,0.0,0.0,0.0,0.1716455681870381,0.1716455681870381,15000000.0,2026-06-05
Javi Galán,Atletico Madrid,D S,20.066666666666663,0.0,0.0099023423030774,0.0099023423030774,0.2990033222591362,0.0498338870431893,0.0969019859868327,1.495016611295681,0.2990559080733215,0.2469491446236043,1800000.0,2026-06-05
Johnny Cardoso,Atletico Madrid,M S,10.055555555555555,0.0,0.0043977668498596,0.0043977668498596,0.1988950276243093,0.0,0.0333658791872677,0.2983425414364641,0.2737170545106435,0.2457399658899939,20000000.0,2026-06-05
Julián Álvarez,Atletico Madrid,F S,21.4,0.3738317757009346,0.4156355454508111,0.3114377490514628,2.5233644859813085,0.1869158878504673,0.2927693878692166,2.196261682242991,0.8155164825860586,0.3647826207262055,100000000.0,2026-06-05
Koke,Atletico Madrid,M S,24.855555555555554,0.0804649083594099,0.0387203756338472,0.0387203756338472,0.5632543585158695,0.0804649083594099,0.138447580698363,1.4081358962896735,0.6394077642626351,0.582103229331408,5000000.0,2026-06-05
Marc Pubill,Atletico Madrid,D S,15.3,0.065359477124183,0.0865607359294408,0.0865607359294408,0.7189542483660131,0.065359477124183,0.04096877828143,0.196078431372549,0.4498629164851568,0.375914073068332,35000000.0,2026-06-05
Marcos Llorente,Atletico Madrid,D M S,24.33333333333333,0.0,0.0909140495813056,0.0909140495813056,0.7397260273972603,0.1643835616438356,0.172699569737258,0.8219178082191781,0.6991897928337121,0.5144451967606398,20000000.0,2026-06-05
Matteo Ruggeri,Atletico Madrid,D S,19.633333333333333,0.0,0.0108186442860368,0.0108186442860368,0.2546689303904924,0.1528013582342954,0.2016688114528643,1.2733446519524618,0.6470781945463757,0.537592801178453,28000000.0,2026-06-05
Nahuel Molina,Atletico Madrid,D M S,14.355555555555556,0.1393188854489164,0.027903384462737,0.027903384462737,0.9752321981424148,0.1393188854489164,0.2097356215770999,1.393188854489164,0.62493699908418,0.4274021807319885,15000000.0,2026-06-05
Nicolás González,Atletico Madrid,D F M S,16.444444444444443,0.304054054054054,0.3445843422433009,0.3445843422433009,2.614864864864865,0.0,0.1048463157604675,0.7297297297297298,0.6376605035384765,0.3202447401787582,40000000.0,2026-06-03
Pablo Barrios Rivas,Atletico Madrid,M S,18.57777777777778,0.0538277511961722,0.0790722857554706,0.0790722857554706,1.2380382775119616,0.0538277511961722,0.0915042680919918,1.076555023923445,0.578212656490683,0.4406517901921279,55000000.0,2026-06-05
Robin Le Normand,Atletico Madrid,D S,19.73333333333333,0.0506756756756756,0.0647599246302569,0.0647599246302569,0.304054054054054,0.0506756756756756,0.0173212208382382,0.1013513513513513,0.5245850650857933,0.5043718669676801,20000000.0,2026-06-05
Rodrigo Mendoza,Atletico Madrid,F M S,13.811111111111112,0.0724054706355591,0.0810285376823917,0.0810285376823917,1.2308930008045051,0.0724054706355591,0.0948068441048396,1.0860820595333869,0.3367965814394521,0.1955244703141917,20000000.0,2026-06-05
Thiago Almada,Atletico Madrid,F M S,14.744444444444444,0.2034664657121326,0.2412626043400013,0.2412626043400013,1.4242652599849286,0.0678221552373775,0.1895287876194954,1.8990203466465716,0.7406688472585922,0.4215628507504269,15000000.0,2026-06-05
Álex Baena,Atletico Madrid,F M S,17.944444444444443,0.1114551083591331,0.0993106135919736,0.0993106135919736,1.6160990712074306,0.1671826625386997,0.3658669202850884,2.563467492260062,0.637448383973848,0.3545780180154755,40000000.0,2026-06-05
Dani Olmo,Barcelona,F M S,23.433333333333334,0.2987197724039829,0.3735888278533096,0.3735888278533096,2.987197724039829,0.3413940256045519,0.2841034904917222,2.1337126600284493,0.9626917334360892,0.4570049332563433,60000000.0,2026-06-05
Eric Garcia,Barcelona,D M S,30.677777777777777,0.0325968851865266,0.1090106134036773,0.1090106134036773,0.8149221296631656,0.0325968851865266,0.0640604809015633,0.9779065555957986,0.8041026024434584,0.7677092537963922,40000000.0,2026-06-05
Fermín López,Barcelona,F M S,19.77777777777778,0.3033707865168539,0.3803803697019145,0.3803803697019145,3.438202247191011,0.4550561797752809,0.3866918209228622,1.7191011235955056,1.244079853209217,0.6281620464549306,100000000.0,2026-06-05
Ferrán Torres,Barcelona,F M S,22.5,0.7111111111111111,0.7192609766291247,0.7192609766291247,3.066666666666667,0.0888888888888888,0.1403446993066205,1.022222222222222,1.0236146868930922,0.2390772045900424,50000000.0,2026-06-05
Frenkie de Jong,Barcelona,M S,17.744444444444444,0.0563556668753913,0.060991480755261,0.060991480755261,0.3944896681277395,0.2817783343769568,0.2872024342865591,1.9724483406386977,1.1533008847308668,0.913115301861678,35000000.0,2026-06-05
Gerard Martín,Barcelona,D S,23.83333333333333,0.0,0.0127917055848178,0.0127917055848178,0.2937062937062937,0.0,0.032002957824331,0.5454545454545455,0.60623665094063,0.584863856669281,35000000.0,2026-06-05
Joan García,Barcelona,GK,30.0,0.0,0.0,0.0,0.0,0.0,0.0,0.0,0.3840762255092462,0.3840762255092462,45000000.0,2026-06-05
João Cancelo,Barcelona,D S,10.422222222222222,0.1918976545842217,0.0931100918651262,0.0931100918651262,1.2473347547974414,0.1918976545842217,0.3118351902931865,1.439232409381663,0.7316656340795284,0.5238805198942674,8000000.0,2026-06-05
Jules Koundé,Barcelona,D S,24.966666666666665,0.0400534045393858,0.0881218348190845,0.0881218348190845,0.5607476635514019,0.1201602136181575,0.1860326258478082,0.9212283044058746,0.8450001974071615,0.7432037821221098,60000000.0,2026-06-05
Lamine Yamal,Barcelona,F M S,25.45555555555556,0.6285464862505457,0.5760899578989046,0.4592938234339318,4.596246180707115,0.4321257092972501,0.4936838023192182,2.8677433435181143,1.322113295398337,0.6281209226481418,200000000.0,2026-06-05
Marc Casadó,Barcelona,M S,10.633333333333333,0.0,0.0971886629186173,0.0971886629186173,1.0344827586206895,0.0940438871473354,0.0546955389662596,1.316614420062696,0.7721902537495365,0.6477879117415243,18000000.0,2026-06-05
Marcus Rashford,Barcelona,F M S,19.322222222222223,0.4140310523289247,0.4501431915039317,0.4501431915039317,3.933294997124784,0.3622771707878091,0.2568871159558498,2.3806785508913166,0.896684480006279,0.3998952698285995,40000000.0,2026-06-05
Pau Cubarsí,Barcelona,D,30.366666666666667,0.0329308452250274,0.0181659014177898,0.0181659014177898,0.3293084522502744,0.0,0.0143379404012248,0.1646542261251372,0.623884521154881,0.6223437868868349,80000000.0,2026-06-05
Pedri,Barcelona,M S,23.522222222222226,0.0850259801606046,0.1014405226156319,0.1014405226156319,0.8927727916863486,0.3826169107227208,0.2528493112084237,2.678318375059046,1.0730341207860743,0.824114961393906,150000000.0,2026-06-05
Raphinha,Barcelona,F M S,15.822222222222225,0.821629213483146,0.7032604688605858,0.5623300209133938,4.10814606741573,0.1896067415730337,0.3733254493910066,2.528089887640449,1.1991393780649713,0.497381297892399,70000000.0,2026-06-05
Robert Lewandowski,Barcelona,F S,18.11111111111111,0.7730061349693251,0.8871241720861819,0.7640045705519936,3.478527607361963,0.1104294478527607,0.125863548048252,0.7177914110429447,1.0737605846367,0.337743267245545,7000000.0,2026-06-05
Ronald Araújo,Barcelona,D S,11.655555555555557,0.2573879885605338,0.1975696249549819,0.1975696249549819,1.0295519542421354,0.0,0.0514508027572706,0.2573879885605338,0.5607282311022566,0.4676611904051329,20000000.0,2026-06-05
Álex Balde,Barcelona,D S,21.22222222222222,0.0,0.0354702490825615,0.0354702490825615,0.4712041884816754,0.094240837696335,0.1366075207211116,1.0837696335078535,0.7558593828991758,0.607453776396694,12000000.0,2026-05-29
Borja Iglesias,Celta Vigo,F S,21.14444444444445,0.6621124540199684,0.5490160714277016,0.4084065396199712,2.175512348922753,0.094587493431424,0.0785066778573373,0.8039936941671045,0.6434731544262161,0.2111029356798324,2800000.0,2026-06-05
Bryan Zaragoza,Celta Vigo,F M S,12.644444444444444,0.0790861159929701,0.1510897410873107,0.0923068011228669,2.0562390158172232,0.0790861159929701,0.1790202085930455,1.4235500878734624,0.4906230941676716,0.3208583249892182,8000000.0,2026-05-29
Carl Starfelt,Celta Vigo,D S,16.57777777777778,0.0,0.0233390484874114,0.0233390484874114,0.2412868632707774,0.0,0.0046859364507185,0.0603217158176943,0.3728586173399124,0.3696725548222541,4500000.0,2026-06-05
Fernando López,Celta Vigo,F M S,13.1,0.0763358778625954,0.1400152431758305,0.1400152431758305,0.9923664122137404,0.0763358778625954,0.1030676875917511,0.8396946564885497,0.4580451713036035,0.2825997125727075,200000.0,2026-05-20
Ferrán Jutglà,Celta Vigo,F M S,18.91111111111111,0.4759106933019976,0.3488932369872227,0.3488932369872227,2.379553466509988,0.1586368977673325,0.0821840411356347,0.7931844888366627,0.4754688998314385,0.1513126081667761,10000000.0,2026-06-05
Fran Beltrán,Celta Vigo,M S,17.155555555555555,0.0582901554404145,0.0368391759235199,0.0368391759235199,0.932642487046632,0.0,0.0526658423881919,0.7577720207253886,0.434938741557136,0.3746072340749417,4000000.0,2026-06-05
Hugo Sotelo,Celta Vigo,M S,15.0,0.0,0.0059789411723613,0.0059789411723613,0.1333333333333333,0.1333333333333333,0.1475091833621263,1.6666666666666667,0.4729265629003445,0.4297089830040931,5000000.0,2026-06-05
Hugo Álvarez,Celta Vigo,D F M S,15.1,0.2649006622516556,0.1505027131627727,0.1505027131627727,0.9271523178807948,0.1324503311258278,0.1623001710715278,1.6556291390728477,0.5632386948691299,0.3338809625942581,8000000.0,2026-06-05
Iago Aspas,Celta Vigo,F M S,12.022222222222222,0.4158964879852125,0.3691800882395997,0.2455294693091991,2.3290203327171906,0.2495378927911275,0.3708489618802963,2.4953789279112755,0.9338250169668232,0.5186804777266055,1600000.0,2026-06-05
Ilaix Moriba,Celta Vigo,M S,27.6,0.072463768115942,0.0644914590605143,0.0644914590605143,0.6521739130434783,0.108695652173913,0.0910880883642728,0.6159420289855072,0.401779345297457,0.2581565289933612,15000000.0,2026-06-05
Ionut Radu,Celta Vigo,GK,38.0,0.0,0.0,0.0,0.0,0.0,0.0037905734620596,0.0263157894736842,0.2143031058489884,0.2105125319947929,9000000.0,2026-06-05
Javier Rodríguez,Celta Vigo,D S,28.53333333333333,0.0,0.0341905128628572,0.0341905128628572,0.455607476635514,0.0350467289719626,0.0375200407884179,0.3504672897196261,0.3489280357482521,0.3301574560817957,18000000.0,2026-06-05
Javier Rueda,Celta Vigo,D S,15.588888888888889,0.1282965074839629,0.1029970214110736,0.1029970214110736,0.7056307911617962,0.3848895224518888,0.2431677134292026,0.962223806129722,0.5815720286270761,0.4103124290917145,6000000.0,2026-06-05
Marcos Alonso,Celta Vigo,D S,30.88888888888889,0.0323741007194244,0.0744077344425022,0.0503447902549674,0.776978417266187,0.0,0.0507818865154287,0.4532374100719424,0.4664088565146001,0.4345582786130069,1200000.0,2026-06-05
Miguel Román,Celta Vigo,M S,14.411111111111111,0.069390902081727,0.0766131471707532,0.0766131471707532,0.6245181187355435,0.0,0.1450256790690061,1.17964533538936,0.5906834176748003,0.4390948245541674,15000000.0,2026-06-05
Pablo Durán,Celta Vigo,F M S,16.122222222222224,0.124052377670572,0.2670471470220223,0.2670471470220223,2.294968986905582,0.124052377670572,0.1333722246452642,0.62026188835286,0.428024615147642,0.0957606002870692,4000000.0,2026-06-05
Sergio Carreira,Celta Vigo,D S,29.944444444444443,0.0667903525046382,0.0635422655002858,0.0635422655002858,0.5343228200371057,0.0333951762523191,0.0548972989257998,0.6345083487940631,0.4524649770685052,0.3856133913244631,12000000.0,2026-06-05
Williot Swedberg,Celta Vigo,F M S,13.744444444444444,0.3637833468067906,0.3774860864482585,0.3774860864482585,1.673403395311237,0.3637833468067906,0.1443955396349476,0.7275666936135813,0.6203168084605529,0.2377798356772336,20000000.0,2026-06-05
Yoel Lago,Celta Vigo,D S,10.733333333333333,0.0,0.005391751363966,0.005391751363966,0.093167701863354,0.0,0.0071413054923463,0.1863354037267081,0.2717205855463233,0.269443579943654,4000000.0,2026-06-05
Álvaro Núñez,Celta Vigo,D M S,22.288888888888888,0.0,0.0100671850861693,0.0100671850861693,0.2691924227318046,0.0897308075772682,0.1138084703371122,0.942173479561316,0.4347214740557096,0.3905206343487782,4000000.0,2026-06-05
Óscar Mingueza,Celta Vigo,D M S,21.655555555555555,0.0461775269368907,0.022930120576217,0.022930120576217,0.64648537711647,0.1847101077475628,0.1891690082637819,1.4315033350436122,0.6006771391147739,0.4873130117194691,18000000.0,2026-06-05
Adrià Pedrosa,Elche,D M S,11.7,0.0854700854700854,0.0822104679213629,0.0822104679213629,1.0256410256410258,0.0854700854700854,0.1343032840687112,1.965811965811966,0.4091993160545826,0.2351012093643857,2800000.0,2026-06-05
Aleix Febas,Elche,M,35.31111111111111,0.0566393958464443,0.0618452280572257,0.0618452280572257,0.6513530522341096,0.0566393958464443,0.0595349256949155,0.7646318439269981,0.4770034719129604,0.4105484493597263,5000000.0,2026-06-05
Alvaro Rodríguez,Elche,F S,24.433333333333334,0.286493860845839,0.498426681521665,0.498426681521665,3.028649386084584,0.2046384720327421,0.1580351349195061,1.3096862210095497,0.6160631897448884,0.1148473226057434,10000000.0,2026-06-05
André Silva,Elche,F S,20.64444444444445,0.4843918191603875,0.5249165215021233,0.4169052398931014,2.761033369214209,0.0,0.0754154178808143,1.0656620021528525,0.4585773756063921,0.1091295552507155,3000000.0,2026-06-05
André Silva,Elche,F S,20.64444444444445,0.4843918191603875,0.5249165215021233,0.4169052398931014,2.761033369214209,0.0,0.0754154178808143,1.0656620021528525,0.4585773756063921,0.1091295552507155,3000000.0,2026-05-26
David Affengruber,Elche,D S,32.86666666666667,0.0304259634888438,0.040399463111478,0.040399463111478,0.4259634888438133,0.0304259634888438,0.0448535380953012,0.2738336713995943,0.2876114990358179,0.2653467292098317,20000000.0,2026-06-05
German Valera,Elche,D F M S,32.08888888888889,0.1246537396121883,0.0903271691979443,0.0903271691979443,0.8725761772853186,0.1558171745152354,0.2303921703927714,1.4023545706371192,0.4457506561945928,0.2415014821081486,6000000.0,2026-06-05
Grady Diangana,Elche,F M S,10.411111111111111,0.096051227321238,0.1302171547637741,0.1302171547637741,1.536819637139808,0.0,0.1047193051267141,0.96051227321238,0.4550350019499548,0.2555437942841582,2000000.0,2026-06-05
Iñaki Peña,Elche,GK,16.0,0.0,0.0,0.0,0.0,0.0,0.0252549685537815,0.1875,0.2436091972049325,0.2236231786664575,4000000.0,2026-06-05
Leo Petrot,Elche,D S,17.466666666666665,0.0,0.0283794505308375,0.0283794505308375,0.4580152671755725,0.0,0.001441340658899,0.0572519083969465,0.2573432116804801,0.2446427382351048,1500000.0,2026-06-05
Marc Aguado,Elche,M S,28.211111111111112,0.0354470263883418,0.007667776377664,0.007667776377664,0.1063410791650256,0.0708940527766837,0.020370361108704,0.3899172902717605,0.198118512237363,0.1782753360951073,3500000.0,2026-06-05
Martim Neto,Elche,F M S,15.188888888888888,0.1316752011704462,0.06852319853785,0.06852319853785,0.7900512070226774,0.3291880029261156,0.1854585357767958,1.711777615215801,0.4520591874228792,0.3240639934535653,4000000.0,2026-06-05
Matías Dituro,Elche,GK,22.0,0.0,0.0,0.0,0.0,0.0,0.0049245989966121,0.0909090909090909,0.1844636315310543,0.179539033127102,100000.0,2026-06-05
Pedro Bigas,Elche,D S,23.08888888888889,0.0433108758421559,0.03881283584871,0.03881283584871,0.4331087584215592,0.1299326275264677,0.0852977368206187,0.6496631376323388,0.4097394629975887,0.3837359774251817,300000.0,2026-06-05
Rafa Mir,Elche,F M S,20.377777777777776,0.3925845147219193,0.4055847804546519,0.3326412361123342,3.3860414394765543,0.0,0.0838913011792214,0.4416575790621592,0.56728403057574,0.2232699751378633,4000000.0,2026-06-05
Tete Morente,Elche,D M S,10.444444444444445,0.0957446808510638,0.0722066906300631,0.0722066906300631,0.7659574468085106,0.0957446808510638,0.1256781441575669,1.1489361702127658,0.2563944370188611,0.1378210386697282,1800000.0,2026-06-05
Victor Chust,Elche,D S,23.844444444444445,0.0419384902143522,0.0181209191138346,0.0181209191138346,0.3355079217148182,0.0,0.0060990231002282,0.2096924510717614,0.2417282019338231,0.2392874559420547,3500000.0,2026-06-05
Carlos Romero,Espanyol,D,35.63333333333333,0.1683816651075771,0.0829626980932016,0.0829626980932016,1.1786716557530403,0.0841908325537885,0.0924948145268647,0.7857811038353602,0.3158732241244378,0.2187198507656161,25000000.0,2026-06-05
Clemens Riedel,Espanyol,D S,15.61111111111111,0.0,0.0069671858672145,0.0069671858672145,0.192170818505338,0.0640569395017793,0.0114137299584218,0.2562277580071174,0.1912287943051909,0.1860901662529681,4000000.0,2026-06-05
Edu Expósito,Espanyol,F M S,28.81111111111111,0.0347088314693405,0.0894964586658208,0.0894964586658208,1.5271885846509834,0.2082529888160432,0.2786714194440906,2.846124180485924,0.3761484150117858,0.2374258321001292,5000000.0,2026-06-05
Fernando Calero,Espanyol,D S,23.988888888888887,0.0,0.0834982450999709,0.0834982450999709,0.4585456229735989,0.0,0.0231095889325272,0.1250578971746178,0.108919484892816,0.1003960041944394,2000000.0,2026-06-05
Kike García,Espanyol,F S,18.822222222222223,0.4250295159386068,0.5314984088356759,0.452526473190631,3.187721369539551,0.0531286894923258,0.1411895163097763,1.009445100354191,0.6757211762809204,0.1128465073664783,700000.0,2026-06-05
Leandro Cabrera,Espanyol,D,37.0,0.081081081081081,0.0986782912718685,0.0986782912718685,1.0810810810810811,0.0,0.0293433455800687,0.2972972972972973,0.1910376549522216,0.1768765933308247,900000.0,2026-06-05
Marko Dmitrovic,Espanyol,GK,37.0,0.0,0.0,0.0,0.0,0.0,0.0008220364515845,0.027027027027027,0.1246650581172592,0.1238430214643075,700000.0,2026-06-05
Omar El Hilali,Espanyol,D S,31.7,0.0,0.0004312722159296,0.0004312722159296,0.0315457413249211,0.0630914826498422,0.0534264241824108,0.5362776025236593,0.1607166929317385,0.125334545652667,15000000.0,2026-06-05
Pere Milla,Espanyol,F M S,22.27777777777778,0.3142144638403989,0.3435954161712951,0.3435954161712951,2.6483790523690773,0.0448877805486284,0.1840403035673268,1.5261845386533666,0.5023788342489268,0.1498990473186509,1000000.0,2026-06-05
Pol Lozano,Espanyol,M S,24.566666666666663,0.0814111261872456,0.0293175012297837,0.0293175012297837,0.6919945725915875,0.0407055630936228,0.0534647160552169,0.8955223880597015,0.2981560978421807,0.2676108207432313,6000000.0,2026-06-05
Ramón Terrats,Espanyol,F M S,11.333333333333334,0.088235294117647,0.1049160212552284,0.1049160212552284,1.3235294117647058,0.1764705882352941,0.2087021131506737,1.4117647058823528,0.3695909305037382,0.1100112824865123,3000000.0,2026-06-05
Roberto Fernández,Espanyol,F S,26.53333333333333,0.2638190954773869,0.3503799229396984,0.3223669477130038,2.2236180904522613,0.1130653266331658,0.1189759202493382,0.6783919597989949,0.457627520423813,0.077361087501985,100000.0,2026-05-18
Roberto Fernández,Espanyol,F S,26.53333333333333,0.2638190954773869,0.3503799229396984,0.3223669477130038,2.2236180904522613,0.1130653266331658,0.1189759202493382,0.6783919597989949,0.457627520423813,0.077361087501985,2500000.0,2026-05-26
Roberto Fernández,Espanyol,F S,26.53333333333333,0.2638190954773869,0.3503799229396984,0.3223669477130038,2.2236180904522613,0.1130653266331658,0.1189759202493382,0.6783919597989949,0.457627520423813,0.077361087501985,1500000.0,2026-05-26
Roberto Fernández,Espanyol,F S,26.53333333333333,0.2638190954773869,0.3503799229396984,0.3223669477130038,2.2236180904522613,0.1130653266331658,0.1189759202493382,0.6783919597989949,0.457627520423813,0.077361087501985,10000000.0,2026-06-05
Tyrhys Dolan,Espanyol,M S,27.566666666666663,0.0725513905683192,0.1002461621774295,0.1002461621774295,1.2333736396614268,0.181378476420798,0.1603538154465616,1.1608222490931075,0.3574954785357039,0.1569595363919038,10000000.0,2026-06-05
Urko Gonzalez,Espanyol,M S,29.05555555555556,0.0,0.0216314572427799,0.0216314572427799,0.6195028680688336,0.034416826003824,0.011675334092137,0.3441682600382409,0.2042025245127782,0.1814185215755014,12000000.0,2026-06-05
Abdelkabir Abqar,Getafe,D S,16.433333333333334,0.0,0.0235744050191998,0.0235744050191998,0.4259634888438133,0.1217038539553752,0.0449903312367793,0.2434077079107505,0.0286646110419388,0.0189659163794096,3500000.0,2026-06-05
Adrián Liso,Getafe,F M S,19.166666666666668,0.1565217391304347,0.1438538244561008,0.1438538244561008,1.3565217391304347,0.0,0.007866646543793,0.208695652173913,0.1612203055749768,0.0166977576263572,3000000.0,2026-06-05
Borja Mayoral,Getafe,F S,11.911111111111111,0.335820895522388,0.2930502130809838,0.2306481712296215,1.2593283582089552,0.083955223880597,0.0470971711216244,0.419776119402985,0.2243855054127121,0.0369726965132642,6000000.0,2026-06-05
David Soria,Getafe,GK,38.0,0.0,0.0,0.0,0.0,0.0,0.0012236921802947,0.0263157894736842,0.0470466611808852,0.0470466611808852,2800000.0,2026-06-05
Diego Rico,Getafe,D S,19.14444444444445,0.0,0.0152911025018918,0.0152911025018918,0.5745792222867092,0.0,0.0458229693367394,0.522344747533372,0.0767144339253182,0.0283899131213172,1000000.0,2026-06-05
Djené Dakonam,Getafe,D M S,28.9,0.0,0.0023754697396165,0.0023754697396165,0.1038062283737024,0.0,0.0077022262768349,0.1038062283737024,0.1001617101675292,0.0937904161642785,800000.0,2026-05-28
Domingos Duarte,Getafe,D,32.81111111111111,0.0304774805282763,0.0253084881178835,0.0253084881178835,0.3962072468675923,0.0304774805282763,0.0276791807068552,0.0609549610565526,0.0431559417873641,0.0394249614580451,800000.0,2026-06-05
Juan Iglesias,Getafe,D M S,35.43333333333333,0.0282220131702728,0.0346155954141131,0.0346155954141131,0.7337723424270932,0.0564440263405456,0.0565231051418653,0.4797742238946378,0.2034982622566923,0.1423574506409417,5000000.0,2026-06-05
Kiko Femenía,Getafe,D M S,23.0,0.0434782608695652,0.041821361053735,0.041821361053735,0.3478260869565217,0.0434782608695652,0.0834297144218631,0.7391304347826086,0.1657014750754055,0.0560808434434559,700000.0,2026-06-05
Luis Milla,Getafe,M,36.53333333333333,0.0273722627737226,0.0402541824677673,0.0402541824677673,0.739051094890511,0.2737226277372263,0.1873354796476553,2.135036496350365,0.2116217219906376,0.1308517280055115,3500000.0,2026-06-05
Luis Vázquez,Getafe,F S,13.688888888888888,0.2191558441558441,0.1950808863727037,0.1950808863727037,1.8262987012987013,0.073051948051948,0.0120572002102657,0.2922077922077922,0.2978467643064411,0.1264300649719578,2500000.0,2026-06-05
Mario Martín,Getafe,F M S,23.977777777777774,0.0834105653382761,0.1230740755886198,0.1230740755886198,1.0843373493975903,0.041705282669138,0.0382055377370166,0.3336422613531047,0.1659677559086937,0.0591165800013538,10000000.0,2026-06-05
Martín Satriano,Getafe,F M,17.877777777777776,0.3356121814791796,0.2635395424087423,0.2635395424087423,1.9577377252952144,0.0559353635798632,0.1390011279830434,0.8390304536979492,0.4794216758905545,0.1065551833874176,10000000.0,2026-06-05
Mauro Arambarri,Getafe,M,36.43333333333333,0.1646843549862763,0.2217384877172448,0.1605353910861109,1.564501372369625,0.0548947849954254,0.026805497917252,0.6038426349496798,0.163625046382475,0.0554450619488627,8000000.0,2026-06-05
Zaid Romero,Getafe,D,15.0,0.0666666666666666,0.0670171401153008,0.0670171401153008,0.6666666666666666,0.0,0.0060184702277183,0.1333333333333333,0.1895124868800242,0.1703279214600722,2500000.0,2026-06-05
Alejandro Francés,Girona,D S,11.966666666666669,0.0,0.0550754434976488,0.0550754434976488,1.3370473537604457,0.1671309192200557,0.1203017071678113,0.8356545961002786,0.5064373944878247,0.4652839645867892,3000000.0,2026-06-05
Arnau Martinez,Girona,D M S,30.166666666666668,0.0662983425414364,0.0704232485892858,0.0704232485892858,0.6298342541436464,0.0994475138121546,0.089662502216206,0.7624309392265193,0.3619193818975877,0.2975612141974064,10000000.0,2026-06-05
Axel Witsel,Girona,M S,28.288888888888888,0.035349567949725,0.0916209462986204,0.0916209462986204,0.7069913589945012,0.0706991358994501,0.0784151488805346,0.6009426551453261,0.3567252188221568,0.3304333441641301,1200000.0,2026-06-05
Azz-Eddine Ounahi,Girona,F M S,19.744444444444444,0.253235790658413,0.1949992392906059,0.1573543384100992,2.583005064715813,0.1012943162633652,0.2755446550915868,1.7726505346088914,0.662333803418049,0.4084904390226339,10000000.0,2026-06-05
Bryan Gil Salvatierra,Girona,F M S,17.855555555555554,0.0,0.1759808622856984,0.1759808622856984,1.512134411947729,0.1680149346608587,0.2030248327300129,1.1761045426260113,0.6210735655148057,0.3918390299582433,8000000.0,2026-06-05
Daley Blind,Girona,D S,29.155555555555555,0.0,0.0090661022592784,0.0090661022592784,0.1714939024390244,0.0,0.0253558284304922,0.3772865853658537,0.3577199220946967,0.3457183226596609,1200000.0,2026-06-05
Hugo Rincón,Girona,D S,19.03333333333333,0.052539404553415,0.0363006178230934,0.0363006178230934,0.3677758318739054,0.052539404553415,0.0699699764676561,0.5253940455341506,0.2904644260107948,0.2210448166574049,3500000.0,2026-06-05
Iván Martín,Girona,M S,28.42222222222222,0.0,0.0390339330598956,0.0390339330598956,0.4573885848318999,0.0351837372947615,0.076581981175807,0.9147771696637998,0.3812012991535188,0.298347131183853,5000000.0,2026-06-05
Joel Roca,Girona,F M S,16.255555555555556,0.1845522898154477,0.2779398376716686,0.2779398376716686,2.952836637047163,0.0615174299384825,0.1200230288244809,0.9842788790157212,0.5104015488559488,0.1226107826709788,6000000.0,2026-06-05
Paulo Gazzaniga,Girona,GK,34.46666666666667,0.0,0.0,0.0,0.0,0.0,0.0,0.0,0.1240764461940503,0.1240764461940503,1800000.0,2026-06-05
Thomas Lemar,Girona,M S,13.911111111111111,0.2156549520766773,0.1275421404979004,0.1275421404979004,1.2220447284345048,0.0718849840255591,0.0992689850463415,1.365814696485623,0.449108385578387,0.2743005797530289,1800000.0,2026-06-05
Viktor Tsygankov,Girona,F M S,29.68888888888889,0.2020958083832335,0.2463411817237913,0.2463411817237913,1.684131736526946,0.1684131736526946,0.1435173561825824,1.8525449101796407,0.5085620842874049,0.184310255195767,15000000.0,2026-06-05
Vitor Reis,Girona,D S,34.855555555555554,0.0286898310487727,0.0565520829438289,0.0565520829438289,0.5451067899266816,0.0286898310487727,0.0248255281346046,0.2295186483901817,0.2728431680170562,0.2352607372351368,30000000.0,2026-06-05
Vladyslav Vanat,Girona,F,22.25555555555556,0.4043934098851722,0.4267173812827406,0.3265251923041884,1.2131802296555168,0.0449326010983524,0.094543819939248,0.5391912131802297,0.3977035606280899,0.0730872017722455,15000000.0,2026-06-05
Álex Moreno,Girona,D S,28.377777777777776,0.0,0.0554069281412039,0.0554069281412039,0.5990602975724354,0.105716523101018,0.1028225874745621,0.5638214565387627,0.3743196375370493,0.2456549974833013,3000000.0,2026-06-05
Álex Moreno,Girona,D S,28.377777777777776,0.0,0.0554069281412039,0.0554069281412039,0.5990602975724354,0.105716523101018,0.1028225874745621,0.5638214565387627,0.3743196375370493,0.2456549974833013,50000.0,2026-06-04
Adrián De la Fuente,Levante,D S,30.044444444444444,0.0998520710059171,0.1427690031250784,0.0685511932593974,1.2980769230769231,0.033284023668639,0.0468679216584278,0.599112426035503,0.2000336293248217,0.1784731271558237,300000.0,2026-05-22
Alan Matturro,Levante,D S,10.2,0.0980392156862745,0.0918594172553104,0.0918594172553104,0.7843137254901962,0.0980392156862745,0.1175283893541086,0.3921568627450981,0.3281321420389063,0.1854230328371711,4000000.0,2026-06-05
Carlos Espí,Levante,F S,14.755555555555556,0.7454819277108433,0.6698921278500594,0.6698921278500594,3.862951807228916,0.0,0.0467570060134741,0.6099397590361445,0.6318719286740901,0.0244662013740828,20000000.0,2026-06-05
Carlos Álvarez,Levante,M S,21.22222222222222,0.1413612565445026,0.1246902846940915,0.1246902846940915,1.4607329842931938,0.0471204188481675,0.2166594183998894,1.8848167539267016,0.5178051954037778,0.2904523400911642,15000000.0,2026-06-05
Etta Eyong,Levante,F S,18.41111111111111,0.380205190102595,0.5985813227346685,0.558210178387987,2.715751357875679,0.2172601086300543,0.1532858017524035,0.8147254073627037,0.6549463377996838,0.1125353555980222,15000000.0,2026-06-05
Iván Romero,Levante,F M S,25.988888888888887,0.2693458743052587,0.3691585216784309,0.3405586991725109,2.2702009405728947,0.0384779820436083,0.1110373392650183,0.9619495510902096,0.5664505488340762,0.181724472523258,8000000.0,2026-06-05
Jeremy Toljan,Levante,D,35.544444444444444,0.0281337918099406,0.0238760433469239,0.0238760433469239,0.2532041262894655,0.1125351672397624,0.1398652859810051,0.787746170678337,0.3514012742104028,0.2565922087775185,2000000.0,2026-06-05
Jon Ander Olasagasti,Levante,F M S,19.022222222222226,0.0525700934579439,0.1120931208111937,0.1120931208111937,1.47196261682243,0.2628504672897196,0.2355265174937983,1.8925233644859811,0.4123692533271125,0.2476312740483956,2500000.0,2026-06-05
Kareem Tunde,Levante,M S,13.144444444444444,0.0,0.0984796871913759,0.0984796871913759,1.5976331360946747,0.0760777683854607,0.0480786949358345,0.4564666103127642,0.2824957334276664,0.1593173497111638,2000000.0,2026-06-05
Kervin Arriaga,Levante,M S,16.788888888888888,0.1786896095301125,0.0649740382558083,0.0649740382558083,0.9530112508272668,0.1786896095301125,0.0692267013401838,0.4169424222369292,0.3052938952401014,0.2260436391313686,2000000.0,2026-06-05
Manuel Sánchez,Levante,D S,31.6,0.0316455696202531,0.0381730132017143,0.0381730132017143,0.4113924050632911,0.0632911392405063,0.0629555017840635,0.5379746835443038,0.2906185956200278,0.2234800278999005,6000000.0,2026-06-05
Mat Ryan,Levante,GK,36.0,0.0,0.0025935566259755,0.0025935566259755,0.0555555555555555,0.0,0.0,0.0,0.0935564681680666,0.0909629115420911,1800000.0,2026-06-05
Matías Moreno,Levante,D S,25.166666666666668,0.0,0.0503220452082078,0.0503220452082078,0.3973509933774834,0.0,0.0270391644922313,0.3178807947019867,0.334787019682641,0.3108165031730733,6000000.0,2026-06-05
Oriol Rey,Levante,M S,14.622222222222222,0.0,0.0240417638875679,0.0240417638875679,0.547112462006079,0.0683890577507598,0.0176153089822833,0.6838905775075989,0.4486936790582732,0.4156553442377631,1800000.0,2026-06-05
Pablo Martínez,Levante,M S,20.866666666666667,0.047923322683706,0.0917846834162077,0.0917846834162077,1.34185303514377,0.2396166134185303,0.262449202722849,1.7252396166134183,0.3912070083964509,0.2364972436104338,3000000.0,2026-06-05
Roger Brugué,Levante,F M S,11.2,0.0892857142857142,0.3909539379778185,0.3909539379778185,2.5,0.0892857142857142,0.0746374856680631,0.7142857142857143,0.5857887245448573,0.2713324262627533,2000000.0,2026-06-05
Unai Elgezabal,Levante,D M S,10.7,0.0934579439252336,0.0578741341063352,0.0578741341063352,0.2803738317757009,0.0,0.0125149146557968,0.1869158878504673,0.1369765978828769,0.1369765978828769,500000.0,2026-06-05
Víctor García,Levante,F M S,11.833333333333334,0.1690140845070422,0.161223708061685,0.161223708061685,1.6056338028169013,0.0845070422535211,0.1492335523518038,1.1830985915492958,0.2774143979792863,0.0739045413866849,1500000.0,2026-06-05
Antonio Sánchez,Mallorca,D M S,11.28888888888889,0.0,0.0473255490862185,0.0473255490862185,0.5314960629921259,0.0,0.0937923626226233,1.062992125984252,0.3509322389608292,0.2188859633756728,2000000.0,2026-06-05
Antonio Sánchez,Mallorca,D M S,11.28888888888889,0.0,0.0473255490862185,0.0473255490862185,0.5314960629921259,0.0,0.0937923626226233,1.062992125984252,0.3509322389608292,0.2188859633756728,400000.0,2026-05-20
Jan Virgili,Mallorca,F M S,20.07777777777778,0.0996126175982291,0.1291616152668929,0.1291616152668929,1.5938018815716657,0.1992252351964582,0.1877932792233626,1.5439955727725512,0.3518113161230539,0.1326848721460505,15000000.0,2026-06-05
Johan Mojica,Mallorca,D S,30.25555555555556,0.0,0.0266458735169567,0.0266458735169567,0.5618802791039295,0.1322071244950422,0.1298221741815645,1.1568123393316194,0.299161784795499,0.1913103047044201,1500000.0,2026-06-05
Leo Román,Mallorca,GK,33.0,0.0,0.0,0.0,0.0,0.0,0.0,0.0,0.1206491830561197,0.1206491830561197,6000000.0,2026-06-05
Manuel Morlanes,Mallorca,M S,20.011111111111116,0.149916712937257,0.0826764858375897,0.0826764858375897,0.6496390893947807,0.0,0.0703219225995246,0.84952803997779,0.4154679751947215,0.2771726186319498,2400000.0,2026-06-05
Martin Valjent,Mallorca,D,36.78888888888889,0.0,0.0263046551151502,0.0263046551151502,0.4620960434913922,0.0,0.0038066881333852,0.081546360616128,0.2498554726328438,0.2406606857325376,3000000.0,2026-06-05
Mateo Joseph,Mallorca,F M S,18.966666666666665,0.1054481546572935,0.2845430997755175,0.2845430997755175,1.7398945518453428,0.1581722319859402,0.0838485090569421,0.6854130052724078,0.3806238131751495,0.0908653961694251,3500000.0,2026-06-05
Omar Mascarell,Mallorca,D M S,25.011111111111116,0.0799644602398933,0.0147794153804463,0.0147794153804463,0.2798756108396268,0.0799644602398933,0.0245333637881681,0.3198578409595735,0.2492678419056732,0.2191223809929992,700000.0,2026-06-05
Pablo Maffeo,Mallorca,D S,29.88888888888889,0.0334572490706319,0.0099562841145577,0.0099562841145577,0.2342007434944238,0.0669144981412639,0.0587238547631078,0.6691449814126395,0.271918728667204,0.2295997008459718,3000000.0,2026-06-05
Pablo Torre,Mallorca,M S,17.933333333333334,0.2230483271375464,0.1569676049898437,0.1569676049898437,1.3940520446096654,0.2230483271375464,0.164747932167606,1.8959107806691449,0.4612348516745195,0.2587691902574221,5000000.0,2026-06-05
Raíllo,Mallorca,D S,22.988888888888887,0.0,0.027455892760456,0.027455892760456,0.5219913001449976,0.0434992750120831,0.0158508776458868,0.3044949250845819,0.1962890935212791,0.1827936014813205,1000000.0,2026-06-05
Samú Costa,Mallorca,M S,30.344444444444445,0.230684730867814,0.1409635354441814,0.1409635354441814,1.2852435005492493,0.0659099231050897,0.0652502807377623,0.5602343463932625,0.3124360443020927,0.170009259856809,15000000.0,2026-06-05
Sergi Darder,Mallorca,M S,30.166666666666668,0.0331491712707182,0.0748542031756916,0.0748542031756916,1.1933701657458564,0.1657458563535911,0.1837516338024185,1.889502762430939,0.3520804372158169,0.2383759823416807,3000000.0,2026-06-05
Vedat Muriqi,Mallorca,F S,35.0,0.6571428571428571,0.6180224357438939,0.4693669096167598,3.257142857142857,0.0285714285714285,0.0710088664665818,0.6857142857142857,0.5400645051683698,0.1326725646454308,4500000.0,2026-06-05
Abel Bretones,Osasuna,D M S,17.77777777777778,0.0562499999999999,0.0328085693414323,0.0328085693414323,0.61875,0.1124999999999999,0.0823237006086856,0.73125,0.1896996016963384,0.120772081852192,3500000.0,2026-06-05
Aimar Oroz,Osasuna,F M S,24.166666666666668,0.0,0.068044031360026,0.068044031360026,1.2,0.0827586206896551,0.1547997499077484,1.5310344827586206,0.2957721097715969,0.1823850231694764,7500000.0,2026-06-05
Alejandro Catena,Osasuna,D,34.25555555555555,0.0875770353551735,0.083352894233156,0.083352894233156,0.5546545572494325,0.0583846902367823,0.0321721898327197,0.3211157963023029,0.1664932735356134,0.1249541500368812,2600000.0,2026-06-05
Ante Budimir,Osasuna,F S,33.27777777777778,0.5108514190317195,0.5767141416644016,0.3980297043372275,3.095158597662772,0.0,0.0514558496976734,0.4808013355592654,0.3767283103539171,0.0371833040514255,2800000.0,2026-06-05
Enzo Boyomo,Osasuna,D S,28.266666666666666,0.035377358490566,0.0410300902011892,0.0410300902011892,0.3891509433962264,0.070754716981132,0.0503157206837369,0.3183962264150943,0.1818280193937134,0.1316352278205021,15000000.0,2026-06-05
Iker Muñoz,Osasuna,M S,10.311111111111112,0.0,0.0311787332636946,0.0311787332636946,0.8728448275862069,0.0,0.0244664671782661,0.4849137931034482,0.1828327050617221,0.1538240906967106,2000000.0,2026-06-05
Jon Moncayola,Osasuna,D M S,34.01111111111111,0.0,0.068630126433624,0.068630126433624,0.6762495916367199,0.117608624632473,0.1428315413605247,1.1466840901666122,0.3002923204691649,0.1513875352644094,7000000.0,2026-06-05
Jorge Herrando,Osasuna,D S,17.744444444444444,0.0,0.009618197149628,0.009618197149628,0.169067000626174,0.0563556668753913,0.0390837154466059,0.1127113337507827,0.1033602438694473,0.1015041571206127,3500000.0,2026-06-05
Lucas Torró,Osasuna,M S,26.244444444444444,0.0,0.0853169832779228,0.0853169832779228,1.104995766299746,0.0381033022861981,0.0480911358410238,0.5715495342929721,0.1952199011356597,0.1430653825135716,2500000.0,2026-06-05
Moi Gómez,Osasuna,M S,13.355555555555556,0.0,0.0313127371707246,0.0313127371707246,0.8236272878535773,0.1497504159733777,0.1430811068839618,1.1980033277870217,0.3853282959707167,0.23625872783617,1500000.0,2026-06-05
Raul García,Osasuna,F S,10.28888888888889,0.6803455723542116,0.6743394405245137,0.6743394405245137,3.790496760259179,0.0971922246220302,0.109105402780757,1.1663066954643628,0.7025615753481248,0.1130095904503926,1500000.0,2024-06-07
Raul García,Osasuna,F S,10.28888888888889,0.6803455723542116,0.6743394405245137,0.6743394405245137,3.790496760259179,0.0971922246220302,0.109105402780757,1.1663066954643628,0.7025615753481248,0.1130095904503926,3000000.0,2026-06-05
Raul García,Osasuna,F S,10.28888888888889,0.6803455723542116,0.6743394405245137,0.6743394405245137,3.790496760259179,0.0971922246220302,0.109105402780757,1.1663066954643628,0.7025615753481248,0.1130095904503926,350000.0,2026-06-03
Rubén García,Osasuna,F M S,25.522222222222226,0.0783630822812364,0.1017491197846846,0.1017491197846846,1.214627775359164,0.195907705703091,0.2297509405770066,1.7631693513278188,0.2789837208567985,0.1496046924704915,1600000.0,2026-06-05
Rubén García,Osasuna,F M S,25.522222222222226,0.0783630822812364,0.1017491197846846,0.1017491197846846,1.214627775359164,0.195907705703091,0.2297509405770066,1.7631693513278188,0.2789837208567985,0.1496046924704915,200000.0,2025-12-30
Sergio Herrera,Osasuna,GK,36.48888888888889,0.0,0.0,0.0,0.0,0.0,0.0,0.0,0.058505588322288,0.058505588322288,2800000.0,2026-06-05
Valentin Rosier,Osasuna,D S,28.477777777777774,0.0351150994927818,0.0329508241033454,0.0329508241033454,0.667186890362856,0.0351150994927818,0.0684259233286243,0.5618415918845103,0.2369908434842138,0.1485710863679519,3000000.0,2026-06-05
Víctor Muñoz,Osasuna,F M S,30.05555555555556,0.199630314232902,0.2367181330712688,0.2367181330712688,2.6950092421441774,0.066543438077634,0.0802573985325485,0.8983364140480591,0.3844304759323926,0.1275919918039755,30000000.0,2026-06-05
Alemão,Rayo Vallecano,F S,12.422222222222222,0.3220035778175313,0.3312249005520599,0.3312249005520599,2.0125223613595704,0.0,0.0250586269386712,0.5635062611806798,0.5117248098177699,0.1666799954043731,4000000.0,2026-06-05
Alfonso Espino,Rayo Vallecano,D M S,16.355555555555554,0.1222826086956521,0.1260280755092896,0.1260280755092896,1.2228260869565215,0.0,0.1879389687952504,1.1616847826086958,0.4717174124569916,0.25164555745584,900000.0,2026-06-05
Andrei Ratiu,Rayo Vallecano,D M S,31.011111111111116,0.0,0.0765385948901042,0.0765385948901042,0.999641705481906,0.1289860265137943,0.19976131571974,1.4188462916517377,0.5188263645205434,0.3673065276646306,18000000.0,2026-06-05
Augusto Batalla,Rayo Vallecano,GK,34.0,0.0,0.0,0.0,0.0,0.0,0.0014843835002359,0.0588235294117647,0.2244782321264638,0.2238852895029327,6000000.0,2026-06-05
Florian Lejeune,Rayo Vallecano,D,35.922222222222224,0.055675842870399,0.0727170092412931,0.0727170092412931,1.391896071759975,0.0278379214351995,0.0326259512952052,0.445406742963192,0.3005628450752051,0.2694359683324235,1800000.0,2026-06-05
Fran Pérez,Rayo Vallecano,F M S,13.622222222222222,0.1468189233278956,0.1841706302940699,0.1841706302940699,1.2479608482871123,0.0734094616639478,0.1229144629853706,0.9543230016313214,0.4678212050925849,0.1947477677165489,2500000.0,2026-06-05
Gerard Gumbau,Rayo Vallecano,M S,12.811111111111112,0.0,0.0886535879179305,0.0886535879179305,1.5611448395490026,0.2341717259323504,0.1962642082645649,1.795316565481353,0.4725843914344273,0.3489051089789282,1200000.0,2026-06-05
Isi Palazón,Rayo Vallecano,F M S,25.488888888888887,0.1176983435047951,0.1845310644612833,0.1262093672273906,2.040104620749782,0.1176983435047951,0.1668232477350451,1.5300784655623367,0.4331375678405231,0.2618102376441022,2800000.0,2026-06-05
Jorge De Frutos,Rayo Vallecano,F M S,28.066666666666663,0.3562945368171021,0.4323036208828454,0.4058210436042371,2.244655581947744,0.0356294536817102,0.1191747082826502,1.1045130641330163,0.5769364268357496,0.0795845558530609,12000000.0,2026-06-05
Nobel Mendy,Rayo Vallecano,D S,20.377777777777776,0.0981461286804798,0.1072061819307741,0.1072061819307741,0.5398037077426391,0.0,0.0176556969636334,0.1472191930207197,0.1941955983212203,0.1740602196896024,7500000.0,2026-06-05
Pathé Ciss,Rayo Vallecano,D M S,21.933333333333334,0.0911854103343465,0.1805351260840032,0.1805351260840032,0.9118541033434652,0.0455927051671732,0.0218674058298435,0.547112462006079,0.4900491591203267,0.4046245434499801,1800000.0,2026-06-05
Pedro Díaz,Rayo Vallecano,F M S,20.75555555555556,0.0,0.0851774420260154,0.0851774420260154,2.119914346895075,0.0481798715203426,0.0789228449695259,1.10813704496788,0.3851460066087528,0.2832743439651882,3000000.0,2026-06-05
Pedro Díaz,Rayo Vallecano,F M S,20.75555555555556,0.0,0.0851774420260154,0.0851774420260154,2.119914346895075,0.0481798715203426,0.0789228449695259,1.10813704496788,0.3851460066087528,0.2832743439651882,550000.0,2026-06-05
Pep Chavarría,Rayo Vallecano,D S,29.68888888888889,0.0336826347305389,0.0217189839420684,0.0217189839420684,0.6062874251497006,0.0673652694610778,0.1247187890460948,0.9094311377245508,0.403156958089606,0.2983610178859804,10000000.0,2026-06-05
Unai López,Rayo Vallecano,M S,18.18888888888889,0.0,0.0553733374805132,0.0553733374805132,1.209529627367135,0.2199144777031154,0.1385912841280368,1.979230299328039,0.3856510401429766,0.2777541068336479,2500000.0,2026-06-05
Álvaro García,Rayo Vallecano,F M S,23.58888888888889,0.1695713612812058,0.2912738453728435,0.2912738453728435,1.9924634950541689,0.2119642016015073,0.3109354405561694,1.6957136128120585,0.6189217768237522,0.0862074057908059,1500000.0,2026-06-05
Álvaro García,Rayo Vallecano,F M S,23.58888888888889,0.1695713612812058,0.2912738453728435,0.2912738453728435,1.9924634950541689,0.2119642016015073,0.3109354405561694,1.6957136128120585,0.6189217768237522,0.0862074057908059,150000.0,2024-06-24
Óscar Valentín,Rayo Vallecano,M S,23.81111111111111,0.0419972001866542,0.06240850238445,0.06240850238445,0.5459636024265049,0.0,0.0395426966599351,0.4199720018665422,0.4352337010317785,0.3402439958006978,2000000.0,2026-06-05
Abdessamad Ezzalzouli,Real Betis,F M S,25.27777777777778,0.3956043956043956,0.4075225260886516,0.4075225260886516,2.887912087912088,0.3164835164835164,0.245987281186895,1.265934065934066,0.7396931842788235,0.1950463596444863,40000000.0,2026-06-05
Aitor Ruibal,Real Betis,D F M S,20.1,0.1990049751243781,0.2199001000054291,0.2199001000054291,1.5422885572139302,0.099502487562189,0.0893354423307067,0.945273631840796,0.4999824783843548,0.225360822117892,4000000.0,2026-06-05
Antony,Real Betis,F M S,27.72222222222222,0.2885771543086172,0.3255500895361265,0.3255500895361265,3.246492985971944,0.2164328657314629,0.2396600749903547,2.020040080160321,0.7939578185458939,0.3699215597124072,40000000.0,2026-06-05
Antony,Real Betis,F M S,27.72222222222222,0.2885771543086172,0.3255500895361265,0.3255500895361265,3.246492985971944,0.2164328657314629,0.2396600749903547,2.020040080160321,0.7939578185458939,0.3699215597124072,5000000.0,2026-06-02
Diego Llorente,Real Betis,D S,13.566666666666666,0.0737100737100737,0.0833601570466226,0.0833601570466226,0.2948402948402948,0.0,0.00393667937936,0.0737100737100737,0.2941786730204336,0.275325739987341,2500000.0,2026-06-05
Diego Llorente,Real Betis,D S,13.566666666666666,0.0737100737100737,0.0833601570466226,0.0833601570466226,0.2948402948402948,0.0,0.00393667937936,0.0737100737100737,0.2941786730204336,0.275325739987341,150000.0,2025-11-14
Giovani Lo Celso,Real Betis,F M S,15.511111111111113,0.1289398280802292,0.1872038788810628,0.1872038788810628,1.9340974212034383,0.1934097421203438,0.1855707013136293,2.0630372492836675,0.6880835155265294,0.4362180939259109,8000000.0,2026-06-05
Héctor Bellerín,Real Betis,D S,20.244444444444444,0.0987925356750823,0.0267790204157355,0.0267790204157355,0.3457738748627881,0.1481888035126235,0.1902931094635789,1.185510428100988,0.4374363099180906,0.339169415995953,2400000.0,2026-06-05
Juan Camilo Hernández,Real Betis,F S,29.14444444444445,0.3774304231795654,0.4254790361412508,0.3999758013561397,3.0537552420892107,0.1029355699580632,0.1671132860542639,1.1666031261913838,0.6556134405955985,0.1854726409676633,650000.0,2026-06-04
Marc Bartra,Real Betis,D S,21.92222222222222,0.0456158134820071,0.0355155753831813,0.0355155753831813,0.7298530157121136,0.0,0.005561295553128,0.2280790674100355,0.2972617807755133,0.2873140486222548,900000.0,2026-06-05
Marc Roca,Real Betis,M S,22.444444444444443,0.0445544554455445,0.0427260908856065,0.0427260908856065,0.712871287128713,0.0891089108910891,0.0918879194351116,0.8465346534653466,0.3656191795898398,0.3142830945901794,4000000.0,2026-06-05
Natan,Real Betis,D S,31.33333333333333,0.0,0.0165927975359273,0.0165927975359273,0.3191489361702128,0.0,0.0105969262150849,0.2234042553191489,0.2542200327078078,0.245793720905451,25000000.0,2026-06-05
Pablo Fornals,Real Betis,F M S,32.355555555555554,0.2781593406593406,0.1527196375568714,0.1527196375568714,1.3289835164835164,0.1854395604395604,0.2439300827157509,2.5961538461538463,0.7147497646792045,0.3948944559989876,8000000.0,2026-06-05
Ricardo Rodríguez,Real Betis,D S,17.244444444444444,0.0,0.0081818634356112,0.0081818634356112,0.1739690721649484,0.0579896907216494,0.0282934373340655,0.4059278350515464,0.1619614270688562,0.1412394017547599,1400000.0,2026-06-05
Ricardo Rodríguez,Real Betis,D S,17.244444444444444,0.0,0.0081818634356112,0.0081818634356112,0.1739690721649484,0.0579896907216494,0.0282934373340655,0.4059278350515464,0.1619614270688562,0.1412394017547599,1000000.0,2026-05-20
Sergi Altimira,Real Betis,M S,13.066666666666666,0.0765306122448979,0.0388223672646801,0.0388223672646801,0.5357142857142857,0.1530612244897959,0.0425218007698351,0.8418367346938775,0.3303359166662,0.2876659899912014,20000000.0,2026-06-05
Sofyan Amrabat,Real Betis,M S,14.411111111111111,0.0,0.0166002955752997,0.0166002955752997,0.5551272166538165,0.0,0.0166247930929191,0.4857363145720894,0.2759945894675523,0.2481501083749252,10000000.0,2026-06-05
Valentín Gómez,Real Betis,D S,20.57777777777778,0.0485961123110151,0.0463410234481064,0.0463410234481064,0.5345572354211663,0.0,0.1025393899614655,0.4859611231101511,0.2430636762715795,0.1892063032622503,12000000.0,2026-06-05
Álvaro Vallés,Real Betis,GK,28.0,0.0,0.0,0.0,0.0,0.0,0.0,0.0,0.1308159988839179,0.1308159988839179,7000000.0,2026-06-05
Antonio Rüdiger,Real Madrid,D S,16.677777777777777,0.0599600266489007,0.0847343264953006,0.0847343264953006,0.7794803464357095,0.0,0.0186846937381133,0.1199200532978014,0.2981789494249759,0.275296208130408,6000000.0,2026-06-05
Arda Güler,Real Madrid,F M S,23.066666666666663,0.1734104046242774,0.2085852304559653,0.2085852304559653,2.1242774566473988,0.3901734104046243,0.3836009827189449,3.034682080924856,0.6988190795494125,0.3763073767303904,90000000.0,2026-06-05
Aurelien Tchouameni,Real Madrid,M S,29.511111111111116,0.0338855421686747,0.1037651343910719,0.1037651343910719,1.5248493975903614,0.0,0.0783883465358606,0.8132530120481927,0.4704345852635936,0.3848426016496427,70000000.0,2026-06-05
Brahim Diaz,Real Madrid,F M S,13.811111111111112,0.0724054706355591,0.1237831462836994,0.1237831462836994,1.0860820595333869,0.4344328238133547,0.2632500353244553,2.1721641190667738,0.538467866363347,0.2029999089595874,35000000.0,2026-06-05
Daniel Carvajal,Real Madrid,D S,10.72222222222222,0.0,0.0265380595883093,0.0265380595883093,0.4663212435233161,0.0932642487046632,0.1852739928145482,1.0259067357512954,0.4629518419619978,0.2981169259880182,4000000.0,2026-06-05
Dean Huijsen,Real Madrid,D S,22.73333333333333,0.0879765395894428,0.1023775398256011,0.1023775398256011,0.8797653958944281,0.0879765395894428,0.0503862480144084,0.4398826979472141,0.4609890714768439,0.4430853671058357,60000000.0,2026-06-05
Eder Militão,Real Madrid,D S,12.744444444444444,0.1569311246730601,0.148490900043869,0.148490900043869,1.647776809067132,0.07846556233653,0.0875573023608069,0.6277244986922407,0.4940711291313639,0.4074252380907484,20000000.0,2026-06-05
Eduardo Camavinga,Real Madrid,D M S,16.744444444444444,0.059721300597213,0.0682252663043689,0.0682252663043689,0.7763769077637691,0.0,0.1089715318508352,0.8958195089581952,0.4313595448364148,0.3464172669026973,50000000.0,2026-06-05
Federico Valverde,Real Madrid,D F M S,30.72222222222222,0.162748643761302,0.0730283908970371,0.0730283908970371,1.6600361663652805,0.2603978300180832,0.1631545973689064,1.3996383363471971,0.6202851866538659,0.4980524116840759,90000000.0,2026-06-05
Fran García,Real Madrid,D M S,10.333333333333334,0.0967741935483871,0.0916053965207069,0.0916053965207069,0.5806451612903225,0.0967741935483871,0.02923483413554,0.4838709677419354,0.4484528263490046,0.383376746047889,10000000.0,2026-06-05
Franco Mastantuono,Real Madrid,D F M S,11.4,0.087719298245614,0.235287427183306,0.235287427183306,2.631578947368421,0.0,0.2509989777351157,1.4035087719298245,0.6709573424437589,0.3851169272603695,45000000.0,2026-06-05
Gonzalo García,Real Madrid,F S,10.255555555555556,0.5850487540628385,0.5137950270350937,0.5137950270350937,2.047670639219935,0.0975081256771397,0.1594256904714802,1.2676056338028168,0.7872717181787717,0.1894668462652942,30000000.0,2026-06-05
Jude Bellingham,Real Madrid,M S,21.477777777777774,0.2793585100879462,0.360002630557412,0.360002630557412,2.374547335747543,0.1862390067252974,0.1414455143099798,1.6761510605276773,0.6502574603991131,0.389088608056646,130000000.0,2026-06-05
Kylian Mbappe-Lottin,Real Madrid,F S,29.14444444444445,0.857796416317194,0.885126791848988,0.6555976624218188,5.009531071292413,0.1715592832634388,0.2484395152885996,2.2302706824247043,0.9561666067983646,0.2481978226792503,180000000.0,2026-06-05
Raúl,Real Madrid,D S,18.8,0.1063829787234042,0.080425483967237,0.080425483967237,0.7446808510638298,0.0,0.0246676539090719,0.2659574468085106,0.4194998428066994,0.3887179711873227,400000.0,2026-05-26
Thibaut Courtois,Real Madrid,GK,32.0,0.0,0.0,0.0,0.0,0.0,0.0,0.0,0.2043685697135515,0.2043685697135515,15000000.0,2026-06-05
Trent Alexander-Arnold,Real Madrid,D M S,13.055555555555555,0.0,0.0308777103081662,0.0308777103081662,0.7659574468085106,0.3063829787234042,0.1553665408745725,2.1446808510638298,0.4809404768525286,0.4093629863033903,60000000.0,2026-06-05
Vinícius Júnior,Real Madrid,F M S,31.83333333333333,0.5026178010471204,0.4524742170232129,0.33572903926928,3.141361256544503,0.1570680628272251,0.2247703684913238,2.167539267015707,0.7239634712953219,0.268620214654201,140000000.0,2026-06-05
Álvaro Fernández,Real Madrid,D S,25.933333333333334,0.0771208226221079,0.0292409790540952,0.0292409790540952,0.3470437017994858,0.1156812339331619,0.0685033988169272,1.1182519280205656,0.6489644249407982,0.5830842747345835,10000000.0,2026-06-01
Aarón,Real Oviedo,GK,37.0,0.0,0.0,0.0,0.0,0.027027027027027,0.0119109711534268,0.054054054054054,0.105503231387686,0.0935922601335757,,
Alberto Reina,Real Oviedo,F M S,29.066666666666663,0.1376146788990825,0.1341443891859177,0.1341443891859177,0.8600917431192661,0.0344036697247706,0.1448422756127227,1.2041284403669723,0.2873888252614869,0.1079763425620905,2000000.0,2026-06-05
Dani Calvo,Real Oviedo,D S,18.75555555555556,0.0,0.0488808603242251,0.0488808603242251,0.2132701421800947,0.0,0.026403255186869,0.1066350710900473,0.0453701189507275,0.0434751545688163,900000.0,2026-06-05
David Carmo,Real Oviedo,D S,19.83333333333333,0.0504201680672268,0.048505445269226,0.048505445269226,0.453781512605042,0.0,0.0254645129712689,0.3529411764705882,0.1963450224334452,0.1506172329062173,5000000.0,2026-06-05
David Costas,Real Oviedo,D S,23.03333333333333,0.0434153400868306,0.0593838486119608,0.0593838486119608,0.2170767004341534,0.0,0.0081703615645768,0.2170767004341534,0.1592523892923607,0.1565819566694725,1200000.0,2026-06-05
Eric Bailly,Real Oviedo,D,14.744444444444444,0.0678221552373775,0.0229218273866464,0.0229218273866464,0.4747550866616428,0.0,0.0110685206758814,0.2034664657121326,0.1329723009790526,0.128223293523368,1200000.0,2026-06-05
Federico Viñas,Real Oviedo,F M S,28.61111111111111,0.3145631067961165,0.3452832944040159,0.2933260234524902,2.0970873786407767,0.0349514563106796,0.1058243309699216,1.013592233009709,0.3074473738525677,0.0923012381763134,4000000.0,2026-06-05
Haissem Hassan,Real Oviedo,F M S,21.522222222222226,0.0,0.0911485098752399,0.0911485098752399,1.5797625193598348,0.1393908105317501,0.0835174948907907,0.8828084667010841,0.2504653175528294,0.1162882147103963,3500000.0,2026-06-05
Ilyas Chaira,Real Oviedo,F M S,28.711111111111112,0.2438080495356037,0.2515007180865312,0.2515007180865312,2.9256965944272446,0.0696594427244582,0.0723881572888639,0.7662538699690402,0.3902730806773938,0.1205492938289147,4000000.0,2026-06-05
Javier López,Real Oviedo,D S,20.27777777777778,0.0,0.0346321896228888,0.0346321896228888,0.3452054794520547,0.0493150684931506,0.058793146306113,0.8876712328767123,0.1958532294232959,0.1691850932493601,5000000.0,2026-06-05
Kwasi Sibo,Real Oviedo,M S,19.8,0.0,0.0163343908603895,0.0163343908603895,0.5050505050505051,0.0,0.0025254116403033,0.1515151515151515,0.2223133405839855,0.2053669418650444,1400000.0,2026-06-05
Leander Dendoncker,Real Oviedo,M S,14.866666666666667,0.0672645739910313,0.0362123929030959,0.0362123929030959,0.6053811659192825,0.0,0.0289653322028806,0.4708520179372197,0.1446735845970599,0.098570327696311,1800000.0,2026-06-05
Lucas Ahijado,Real Oviedo,D S,12.066666666666666,0.0,0.0929595273790767,0.0929595273790767,0.8287292817679558,0.0828729281767955,0.1125944276129343,0.7458563535911602,0.3700049888749108,0.2340753930003397,600000.0,2026-06-05
Nacho Vidal,Real Oviedo,D S,26.477777777777774,0.0,0.1080100418256452,0.1080100418256452,0.6420478388585816,0.0,0.0122297398098816,0.2643726395300041,0.2000028941197226,0.0893422435817476,1200000.0,2026-06-05
Nicolás Fonseca,Real Oviedo,M S,11.422222222222222,0.0,0.0159552481735726,0.0159552481735726,0.7003891050583657,0.0,0.0085441595313034,0.2626459143968871,0.2455986162705586,0.2325397603402225,3000000.0,2026-06-05
Rahim Alhassane,Real Oviedo,D S,18.766666666666666,0.0,0.003193378809105,0.003193378809105,0.1598579040852575,0.0,0.0838301991497962,0.905861456483126,0.2613352939857047,0.2128962265264712,1500000.0,2026-06-05
Salomón Rondón,Real Oviedo,F S,11.71111111111111,0.1707779886148007,0.3230529140497238,0.2595851858600663,2.049335863377609,0.0,0.0165212324748003,0.4269449715370019,0.2661615489952026,0.0286660791044273,350000.0,2026-05-20
Santiago Colombatto,Real Oviedo,M S,23.966666666666665,0.0,0.0305682612305846,0.0305682612305846,0.6675938803894298,0.0417246175243393,0.1176957503966313,1.0431154381084842,0.2699423545740949,0.2216630811532324,2500000.0,2026-06-05
Thiago Fernández,Real Oviedo,F M S,10.21111111111111,0.0,0.085127022597732,0.085127022597732,1.4689880304679,0.3917301414581066,0.2809740352050135,1.17519042437432,0.4074169077198057,0.168021603814763,4500000.0,2026-06-05
Ander Barrenetxea,Real Sociedad,F M S,19.933333333333334,0.1505016722408027,0.1572247544914035,0.1572247544914035,1.7558528428093645,0.2508361204013378,0.3309108079551255,2.25752508361204,0.6537175742305044,0.3133330340606213,18000000.0,2026-06-05
Beñat Turrientes,Real Sociedad,M S,15.055555555555555,0.0,0.0585685143886457,0.0585685143886457,1.328413284132841,0.1992619926199262,0.0787925537112014,0.7970479704797048,0.3705905878510862,0.2699776829471227,10000000.0,2026-06-05
Brais Méndez,Real Sociedad,F M S,18.977777777777774,0.3161592505854801,0.3179436044132803,0.2396122365044888,1.8969555035128804,0.1053864168618267,0.1753455636787295,1.370023419203747,0.645199293506264,0.2941390880344292,8000000.0,2026-06-05
Carlos Soler,Real Sociedad,F M S,26.066666666666663,0.1534526854219949,0.1253672151604805,0.1253672151604805,1.3427109974424551,0.1150895140664961,0.1933965781379653,1.7647058823529411,0.4626632031158108,0.3097933877373824,7000000.0,2026-06-05
Duje Caleta-Car,Real Sociedad,D S,23.77777777777778,0.0420560747663551,0.0789420136781496,0.0789420136781496,0.5467289719626168,0.0,0.0082715894139119,0.1261682242990654,0.2587186071812828,0.2504470167490087,2800000.0,2026-06-05
Gonçalo Guedes,Real Sociedad,F M S,20.366666666666667,0.392798690671031,0.2033850154039219,0.2033850154039219,2.258592471358429,0.1963993453355155,0.1308713732333015,1.1783960720130933,0.5897524477319515,0.3770855178907147,6000000.0,2026-06-05
Igor Zubeldia,Real Sociedad,D S,23.11111111111111,0.0,0.0137977691618009,0.0137977691618009,0.2596153846153846,0.0432692307692307,0.0263534515755824,0.2163461538461538,0.2738070036105525,0.2559208965394646,6000000.0,2026-06-05
Jon Aramburu,Real Sociedad,D S,30.988888888888887,0.0322696306920043,0.0663813670002546,0.0663813670002546,0.6776622445320903,0.0,0.0143183946580111,0.3549659376120473,0.2058327713144449,0.1882330570323209,15000000.0,2026-06-05
Jon Gorrotxategi,Real Sociedad,M S,24.83333333333333,0.0402684563758389,0.0362884973944633,0.0362884973944633,0.5234899328859061,0.1208053691275167,0.0398691947503177,0.7248322147651007,0.3869322828648474,0.3441172550063605,25000000.0,2026-06-05
Jon Martín,Real Sociedad,D,25.0,0.08,0.0969091555103659,0.0969091555103659,0.6,0.0,0.0075390401482582,0.08,0.3413699685037136,0.3312397728860378,25000000.0,2026-06-05
Luka Sucic,Real Sociedad,F M S,11.144444444444444,0.2691924227318046,0.1579408297279955,0.1579408297279955,2.063808574277169,0.0897308075772682,0.032472018698455,0.8075772681954138,0.3111324245657991,0.1388602162936957,10000000.0,2026-06-05
Mikel Oyarzabal,Real Sociedad,F S,30.3,0.495049504950495,0.5289846350724744,0.3572745568951954,2.607260726072607,0.132013201320132,0.1966156803760001,1.386138613861386,0.6699203855969723,0.223005441672141,25000000.0,2026-06-05
Pablo Marín,Real Sociedad,M S,16.566666666666666,0.0,0.0753229101314031,0.0753229101314031,0.7847082494969819,0.0603621730382293,0.1118968023545665,0.7847082494969819,0.4252247512715323,0.2482539169505329,7000000.0,2026-06-05
Remiro,Real Sociedad,GK,37.0,0.0,0.0,0.0,0.0,0.0,0.0104696537191803,0.1081081081081081,0.1841483727298878,0.1736787188093404,500000.0,2026-06-02
Sergio Gómez,Real Sociedad,D M S,30.133333333333333,0.0,0.0282085817039375,0.0282085817039375,0.3982300884955752,0.1991150442477876,0.2460689821375319,1.4933628318584071,0.3949284428664673,0.2819515900084732,15000000.0,2026-06-05
Takefusa Kubo,Real Sociedad,F M S,17.011111111111113,0.1175702155453951,0.1563170262576512,0.1563170262576512,1.645983017635532,0.2351404310907903,0.2678401670877953,1.8811234487263224,0.4574050167897882,0.1994571214569775,20000000.0,2026-06-05
Umar Sadiq,Real Sociedad,F S,11.422222222222222,0.3501945525291828,0.4774622631110686,0.4774622631110686,2.626459143968872,0.1750972762645914,0.150300308551045,0.8754863813229572,0.7152809967841329,0.1435097636734697,4000000.0,2026-06-05
Akor Adams,Sevilla,F S,22.75555555555556,0.439453125,0.4415335772546312,0.3435428754937675,2.6806640625,0.1318359375,0.0505323240122379,0.5712890625,0.4276721942960647,0.0579297166677861,15000000.0,2026-06-05
Alexis Sánchez,Sevilla,F M S,14.2,0.2816901408450704,0.246518670095944,0.1941751758240058,1.7605633802816902,0.1408450704225352,0.1289746157405242,1.9014084507042253,0.4665711207289091,0.2065244166862587,1200000.0,2026-06-05
Andrés Castrín,Sevilla,D S,13.9,0.0719424460431654,0.0402654763043141,0.0402654763043141,0.7913669064748201,0.0,0.007349258864955,0.1438848920863309,0.1710947576186639,0.1628929976936724,6000000.0,2026-06-05
Batista Mendy,Sevilla,M S,18.133333333333333,0.0551470588235294,0.0476500434417496,0.0476500434417496,0.9375,0.0,0.027028836621492,0.4963235294117647,0.2279970695620731,0.1932817281511447,7500000.0,2026-06-05
César Azpilicueta,Sevilla,D,13.7,0.0,0.0009008917114595,0.0009008917114595,0.072992700729927,0.072992700729927,0.0412376990446644,0.218978102189781,0.2006485182655989,0.161982844889599,1000000.0,2026-06-05
Djibril Sow,Sevilla,M S,24.83333333333333,0.2013422818791946,0.0624695117241584,0.0624695117241584,0.7651006711409396,0.1610738255033557,0.0812889515053506,1.0067114093959733,0.2665359909652464,0.1735223446466378,7500000.0,2026-06-05
Gabriel Suazo,Sevilla,D S,23.41111111111111,0.0,0.0132498323942141,0.0132498323942141,0.2135738016136687,0.0854295206454675,0.1191156723956021,1.5377313716184149,0.2646573444657774,0.1916208904542428,6000000.0,2026-06-05
Isaac Romero,Sevilla,F M S,16.733333333333334,0.2390438247011952,0.3312226302506201,0.2868036478312604,2.450199203187251,0.0,0.064675215802404,0.8366533864541832,0.4759595002162741,0.1671297538773234,5000000.0,2026-06-05
José Ángel Carmona,Sevilla,D M S,28.45555555555556,0.0351425224521671,0.0335255311201997,0.0335255311201997,0.7028504490433425,0.1054275673565013,0.0828176323245892,0.7731354939476767,0.3298890360291758,0.2664095562421242,12000000.0,2026-06-05
Juanlu Sanchez,Sevilla,D M S,22.4,0.0,0.0334595659348581,0.0334595659348581,0.625,0.1339285714285714,0.0847614488364862,0.9821428571428572,0.2406518843158015,0.1498140258315418,10000000.0,2026-06-05
Kike Salas,Sevilla,D S,24.433333333333334,0.0818553888130968,0.0448520022532095,0.0448520022532095,0.7776261937244202,0.0,0.0163546381175192,0.286493860845839,0.1781520837000577,0.1512737566602669,14000000.0,2026-06-05
Lucien Agoume,Sevilla,F M S,30.31111111111111,0.032991202346041,0.0273669339495211,0.0273669339495211,0.4948680351906158,0.0989736070381231,0.1052408139262337,0.8907624633431085,0.3185952216580706,0.2277820790937591,15000000.0,2026-06-05
Marcão,Sevilla,D S,10.38888888888889,0.0962566844919786,0.0881547980249565,0.0881547980249565,0.962566844919786,0.0,0.0,0.0,0.1961756505390858,0.1961756505390858,2500000.0,2026-06-05
Marcão,Sevilla,D S,10.38888888888889,0.0962566844919786,0.0881547980249565,0.0881547980249565,0.962566844919786,0.0,0.0,0.0,0.1961756505390858,0.1961756505390858,750000.0,2026-05-21
Nemanja Gudelj,Sevilla,D M S,26.1,0.0766283524904214,0.0565299836533336,0.0565299836533336,1.1877394636015326,0.0,0.0318798893827131,0.3065134099616858,0.2018203120321834,0.1605632865508854,2000000.0,2026-06-05
Odisseas Vlachodimos,Sevilla,GK,33.0,0.0,0.0,0.0,0.0,0.0,0.0,0.0,0.0716171556462844,0.0716171556462844,3000000.0,2026-06-05
Oso,Sevilla,D F M S,15.522222222222222,0.1288475304223335,0.0960448154420961,0.0960448154420961,1.0952040085898354,0.1932712956335003,0.136340737060171,1.2884753042233357,0.3187205855525982,0.1671692065270611,10000000.0,2026-06-05
Peque,Sevilla,F M S,10.577777777777778,0.1890756302521008,0.0723765609480691,0.0723765609480691,1.4180672268907564,0.0945378151260504,0.0577704128496223,1.4180672268907564,0.291719923261553,0.1902157710591222,3000000.0,2026-06-05
Ruben Vargas,Sevilla,F M S,18.55555555555556,0.1616766467065868,0.1846520595453278,0.1445951811902359,2.2095808383233533,0.3233532934131736,0.1676244046427532,1.5089820359281436,0.3747820768750713,0.1587862875312566,12000000.0,2026-06-05
André Almeida,Valencia,F M S,11.188888888888888,0.0,0.0781717874635059,0.0781717874635059,0.804369414101291,0.1787487586891757,0.1952830833394927,1.69811320754717,0.5635336296801209,0.3851474002891524,6000000.0,2026-06-05
Arnaut Danjuma Groeneveld,Valencia,F M S,17.91111111111111,0.1674937965260546,0.2918203274901984,0.250322197936013,2.009925558312655,0.1116625310173697,0.2371366821095421,0.9491315136476428,0.5521593789197967,0.1323968176464215,3000000.0,2026-06-05
Copete,Valencia,D S,19.633333333333333,0.0,0.099051173947157,0.099051173947157,0.6621392190152802,0.0,0.0083667621908295,0.2546689303904924,0.231085242703557,0.2280168671236833,5000000.0,2026-06-05
César Tárrega,Valencia,D S,28.75555555555556,0.0,0.0230452671526158,0.0230452671526158,0.3825347758887171,0.0,0.0031353931922977,0.0695517774343122,0.2351129764274994,0.2328487137192932,9000000.0,2026-06-05
Diego López,Valencia,F M S,19.788888888888888,0.2021336327905671,0.1756834183181105,0.1756834183181105,1.4149354295339698,0.0505334081976417,0.1026982701227177,0.8085345311622685,0.4211845845276891,0.1611836750430548,9000000.0,2026-06-05
Diego López,Valencia,F M S,19.788888888888888,0.2021336327905671,0.1756834183181105,0.1756834183181105,1.4149354295339698,0.0505334081976417,0.1026982701227177,0.8085345311622685,0.4211845845276891,0.1611836750430548,100000.0,2024-06-24
Dimitri Foulquier,Valencia,D S,12.766666666666667,0.0,0.0332907039195532,0.0332907039195532,0.4699738903394255,0.0,0.0185442804395374,0.4699738903394255,0.3373742816536918,0.3230873419959146,900000.0,2026-06-05
Eray Cömert,Valencia,D S,14.9,0.1342281879194631,0.1020321435601319,0.1020321435601319,0.7382550335570469,0.0671140939597315,0.0351464847765312,0.4026845637583892,0.4017919344490006,0.3266774650488124,2500000.0,2026-06-05
Filip Ugrinic,Valencia,F M S,16.833333333333332,0.0,0.0368876290867234,0.0368876290867234,1.1881188118811885,0.1782178217821782,0.2209839876741171,1.425742574257426,0.4099999597609634,0.3243370378703469,6000000.0,2026-06-05
Guido Rodríguez,Valencia,M S,14.555555555555555,0.2748091603053435,0.0556192830034339,0.0556192830034339,1.0305343511450382,0.0,0.0243283124597927,0.4809160305343511,0.33618501936377,0.2884380749732483,4000000.0,2026-06-05
Hugo Duro,Valencia,F S,21.988888888888887,0.4547751389590703,0.4576141758812022,0.3900093389105592,1.637190500252653,0.0,0.0789700181398986,0.7731177362304195,0.5067451379933461,0.1273225042394853,12000000.0,2026-06-05
Javier Guerra,Valencia,F M S,23.177777777777777,0.1725790987535954,0.1296499236518104,0.1296499236518104,1.3374880153403643,0.2588686481303931,0.1495936059518891,1.3374880153403643,0.4775822672757212,0.2683171641915565,25000000.0,2026-06-05
Jesús Vázquez,Valencia,D S,10.4,0.0,0.0279760183408283,0.0279760183408283,0.7692307692307692,0.0,0.1464749055986221,1.346153846153846,0.5617122436300493,0.4243614628481177,4000000.0,2026-06-05
José Gayá,Valencia,D S,27.677777777777777,0.0361300682456844,0.0275245295042663,0.0275245295042663,0.469690887193898,0.0722601364913689,0.0844482920760313,0.9032517061421116,0.2568478612561977,0.1701879400620854,4000000.0,2026-06-05
Julen Agirrezabala,Valencia,GK,18.0,0.0,0.0,0.0,0.0,0.0,0.0007446596088508,0.0555555555555555,0.0450385485051406,0.0450385485051406,9000000.0,2026-06-05
Largie Ramazani,Valencia,F M S,13.333333333333334,0.4499999999999999,0.4851164046674966,0.3178789383731782,3.825,0.075,0.1842222772305831,1.275,0.7413030134048313,0.2972374371718615,8000000.0,2026-06-05
Lucas Beltrán,Valencia,F S,15.3,0.065359477124183,0.3108801813248326,0.3108801813248326,2.2222222222222223,0.130718954248366,0.1301393811317051,0.915032679738562,0.6378924768734602,0.2181030706399016,8000000.0,2026-06-05
Luis Rioja,Valencia,D F M S,29.73333333333333,0.100896860986547,0.0885087389899877,0.0885087389899877,1.4798206278026906,0.2017937219730941,0.1462970364571553,1.2780269058295963,0.3782310318034727,0.1955697338844361,1800000.0,2026-06-05
Pepelu,Valencia,D M S,25.03333333333333,0.0798934753661784,0.1315180245246217,0.0424434759774395,0.9587217043941412,0.0,0.0502168722500337,0.8388814913448734,0.2942926437034707,0.2742646597499417,8000000.0,2026-06-05
Stole Dimitrievski,Valencia,GK,20.0,0.0,0.0,0.0,0.0,0.0,0.0,0.0,0.1352356171701103,0.1352356171701103,2000000.0,2026-06-05
Thierry Correia,Valencia,D S,15.4,0.0,0.0181872576668665,0.0181872576668665,0.3246753246753247,0.1298701298701298,0.1109883364580281,0.8441558441558441,0.3667899183687064,0.2684131128011973,2500000.0,2026-06-05
Unai Núñez,Valencia,D S,10.3,0.0,0.0384831648247623,0.0384831648247623,0.8737864077669902,0.0,0.0365174373666059,0.1941747572815534,0.2729020519995863,0.2394536932369748,3500000.0,2026-06-05
Alberto Moleiro,Villarreal,F M S,28.166666666666668,0.3550295857988165,0.199328334969,0.199328334969,1.633136094674556,0.1775147928994082,0.2051293914311031,1.349112426035503,0.5408036018220278,0.1952962343024431,50000000.0,2026-06-05
Alfonso,Villarreal,D M S,18.88888888888889,0.0529411764705882,0.0646753003765993,0.0646753003765993,0.5823529411764706,0.1588235294117647,0.2235068840577322,1.111764705882353,0.4051087665535948,0.2332737204125698,,
Arnau Tenas,Villarreal,GK,11.0,0.0,0.0,0.0,0.0,0.0,0.0,0.0,0.0651825561442158,0.0651825561442158,4000000.0,2026-06-05
Ayoze Pérez,Villarreal,F S,12.822222222222225,0.389948006932409,0.4572022654619745,0.3992343380840646,1.949740034662045,0.3119584055459272,0.2008942340660446,1.3258232235701906,0.7016731102658723,0.1412814674314686,5000000.0,2026-06-05
Daniel Parejo,Villarreal,M S,16.377777777777776,0.0610583446404342,0.0545555822743327,0.0091722818392264,0.1831750339213026,0.0,0.1082166564288161,1.5264586160108549,0.431518290934925,0.3770469702158522,1000000.0,2026-06-05
Georges Mikautadze,Villarreal,F S,23.944444444444443,0.54292343387471,0.6290433821019883,0.6290433821019883,2.7563805104408354,0.2505800464037123,0.1733054110646386,1.211136890951276,0.83408210883803,0.0883715580284526,30000000.0,2026-06-05
Gerard Moreno,Villarreal,F S,15.2,0.6578947368421053,0.4615286933748346,0.3148291622729678,2.5657894736842106,0.0,0.1976834507168908,1.5131578947368425,0.6485683287150766,0.3257513085478231,2500000.0,2026-06-05
Juan Foyth,Villarreal,D S,10.511111111111113,0.0,0.0070147351982036,0.0070147351982036,0.1902748414376321,0.0,0.0,0.0,0.4303734725140365,0.4303734725140365,8000000.0,2026-06-05
Luiz Júnior,Villarreal,GK,28.0,0.0,0.0,0.0,0.0,0.0,0.0,0.0,0.220428389097963,0.220428389097963,12000000.0,2026-06-05
Nicolas Pepe,Villarreal,F M S,27.744444444444444,0.3243892671205446,0.3533524989598409,0.2997722127316329,2.342811373648378,0.2883460152182619,0.2912329394455356,1.9823788546255507,0.7790034308113549,0.2810746543989642,6000000.0,2026-06-05
Pape Alassane Gueye,Villarreal,M S,25.33333333333333,0.1973684210526315,0.2056672734600541,0.1763273669455788,1.8947368421052635,0.0789473684210526,0.087689049382645,0.986842105263158,0.6017368551539748,0.405795048505656,40000000.0,2026-06-05
Pau Navarro,Villarreal,D,22.6,0.0,0.0024815066923609,0.0024815066923609,0.0884955752212389,0.0,0.0192796867505638,0.1769911504424778,0.3088845655453943,0.2912718314776378,15000000.0,2026-06-05
Rafa Marín,Villarreal,D S,21.944444444444443,0.0455696202531645,0.01057856296531,0.01057856296531,0.2278481012658228,0.0,0.0449762830251379,0.3189873417721519,0.3791707817700845,0.3371499080635324,12000000.0,2026-06-05
Renato Veiga,Villarreal,D S,28.366666666666667,0.0,0.0069885608903214,0.0069885608903214,0.3172737955346651,0.0,0.0041311220008744,0.1057579318448883,0.4258938520253755,0.420587697316981,25000000.0,2026-06-05
Santiago Comesaña,Villarreal,M S,26.977777777777774,0.1112026359143327,0.182467149286738,0.182467149286738,1.0008237232289952,0.2224052718286655,0.1144914797168145,1.0008237232289952,0.6623403264686797,0.4390691055170578,8000000.0,2026-06-05
Santiago Mouriño,Villarreal,D S,27.61111111111111,0.0362173038229376,0.0445445632595771,0.0445445632595771,0.579476861167002,0.0724346076458752,0.030545264887258,0.3259557344064386,0.3785272806328188,0.3630579929551487,20000000.0,2026-06-05
Sergi Cardona,Villarreal,D S,22.53333333333333,0.044378698224852,0.045679323017024,0.045679323017024,0.7988165680473372,0.1775147928994082,0.1339645555364133,0.8875739644970414,0.4483607308883991,0.374074198096197,9000000.0,2026-06-05
Tajon Buchanan,Villarreal,F M S,20.81111111111111,0.3363587827015483,0.1317898836185747,0.1317898836185747,1.2973838761345435,0.0480512546716497,0.124769153056524,0.7207688200747464,0.3761418202411616,0.1310297908898874,12000000.0,2026-06-05
Tani Oluwaseyi,Villarreal,F S,10.544444444444444,0.1896733403582718,0.3431775178701408,0.3431775178701408,1.517386722866175,0.1896733403582718,0.1941794665182918,0.5690200210748156,0.5682195550629632,0.0375714412918834,7000000.0,2026-06-05
Amine Sbaï,Angers,F M S,20.72222222222222,0.1447721179624665,0.2097793581918001,0.1730991633204448,1.6407506702412868,0.0482573726541555,0.1332288953817721,1.3029490616621984,0.4171375085976744,0.1469918625484203,4000000.0,2026-06-01
Branco van den Boomen,Angers,M S,13.933333333333334,0.0,0.0763312378858158,0.0217789565836877,0.9330143540669856,0.0717703349282296,0.1675993592242162,2.0095693779904304,0.4127486645016801,0.2970882504732842,2500000.0,2026-06-01
Carlens Arcus,Angers,D S,22.81111111111111,0.0,0.0089803993106759,0.0089803993106759,0.3945445689235266,0.1315148563078421,0.0914418380535119,0.7014125669751583,0.3643629371056572,0.3282992015658532,1800000.0,2026-06-01
Esteban Lepaul,Angers,F S,30.677777777777777,0.6845345889170591,0.5129030019946178,0.4138003462269141,2.835929011227816,0.1629844259326331,0.1103484129944019,0.7497283592901123,0.5546219331070333,0.1304314287675545,35000000.0,2026-06-01
Haris Belkebla,Angers,M,32.15555555555556,0.0,0.0051273244002521,0.0051273244002521,0.1554941257774706,0.0,0.0182995868656261,0.497581202487906,0.2150277977998534,0.1957511979669497,1800000.0,2026-06-01
Himad Abdelli,Angers,M S,11.944444444444445,0.1674418604651162,0.1615960642002349,0.0343243188982786,1.255813953488372,0.0,0.0464561715548814,0.7534883720930232,0.5193042545124542,0.4735059917146383,5000000.0,2026-06-01
Jacques Ekomie,Angers,D S,24.91111111111111,0.0,0.0410952775204931,0.0410952775204931,0.5218554861730598,0.0,0.0559794437971022,0.4817127564674398,0.1886629966942528,0.1148200800570092,9000000.0,2026-06-01
Jordan Lefort,Angers,D,34.0,0.0,0.0187637424096465,0.0187637424096465,0.3235294117647059,0.0588235294117647,0.0263785917092772,0.2352941176470588,0.2422253378283451,0.2282115357434924,1000000.0,2026-06-01
Kouakou Herve Koffi,Angers,GK,29.566666666666663,0.0,0.0,0.0,0.0,0.0,0.0,0.0,0.1675290013259232,0.1675290013259232,6000000.0,2026-06-01
Lilian Raolisoa,Angers,D F M S,21.944444444444443,0.0911392405063291,0.0473757081865509,0.0473757081865509,0.7291139240506329,0.1822784810126582,0.1607849905385246,1.0025316455696205,0.3805166104030383,0.2067840784175109,4000000.0,2026-06-01
Louis Mouton,Angers,M S,21.633333333333333,0.0924499229583975,0.1423177924093278,0.1423177924093278,1.6640986132511555,0.0462249614791987,0.1080519629955199,1.0169491525423728,0.3685628265595904,0.1491185852422598,4000000.0,2026-06-01
Ousmane Camara,Angers,D S,30.266666666666666,0.0330396475770925,0.0212067141226341,0.0212067141226341,0.4295154185022026,0.0,0.0082665047349843,0.13215859030837,0.2332383854979329,0.2250016935678437,8000000.0,2026-06-01
Prosper Peter,Angers,F S,13.966666666666669,0.3579952267303102,0.4349167887254802,0.4349167887254802,1.6467780429594272,0.0,0.0643228795068218,0.7875894988066826,0.5293408815964594,0.0405820441123338,15000000.0,2026-06-01
Sidiki Chérif,Angers,F M S,13.188888888888888,0.3032855939342881,0.2144522103147539,0.2144522103147539,2.122999157540017,0.0,0.0456473297536021,0.3791069924178601,0.4317998810786607,0.1931414341910255,18000000.0,2026-05-21
Yassin Belkhdim,Angers,M S,24.166666666666668,0.0827586206896551,0.0953198960115169,0.0953198960115169,1.3655172413793102,0.0827586206896551,0.0632525600364495,0.6206896551724138,0.3107295574042303,0.188383066371597,7000000.0,2026-06-01
Bryan Okoh,Auxerre,D S,11.166666666666666,0.2686567164179104,0.0866533344917333,0.0866533344917333,0.7164179104477613,0.0,0.0229607546952233,0.2686567164179104,0.1638759443564201,0.1445356107025004,4000000.0,2026-06-01
Clément Akpa,Auxerre,D S,21.55555555555556,0.0,0.010939165316138,0.010939165316138,0.2783505154639175,0.0,0.0196368292972599,0.4175257731958762,0.1171206486766639,0.1124751292860385,9000000.0,2026-06-01
Danny Namaso,Auxerre,F M S,28.266666666666666,0.1061320754716981,0.2588624677199097,0.2588624677199097,2.1580188679245285,0.1061320754716981,0.1397510661572253,1.1320754716981132,0.416811214636941,0.1513160138285525,6000000.0,2026-06-01
Donovan Léon,Auxerre,GK,27.38888888888889,0.0,0.0,0.0,0.0,0.0,0.0023690809705436,0.0365111561866125,0.0595503785018384,0.0571812973952801,800000.0,2026-06-01
Elisha Owusu,Auxerre,M S,26.288888888888888,0.0,0.0054433808716317,0.0054433808716317,0.2662721893491124,0.0,0.0383624533586525,0.4564666103127642,0.2102832936477908,0.1860003599964731,4000000.0,2026-06-01
Fredrik Oppegård,Auxerre,D M S,13.755555555555556,0.0,0.0407232599022989,0.0407232599022989,0.7269789983844911,0.0,0.0454834857067884,0.7996768982229402,0.1857933021257353,0.1192779435591113,1500000.0,2026-06-01
Gideon Mensah,Auxerre,D S,26.14444444444445,0.0,0.0005017682598073,0.0005017682598073,0.0382490437739056,0.0764980875478113,0.0630144498485531,0.650233744156396,0.1919362412055553,0.1556507341961087,4000000.0,2026-06-01
Josué Casimir,Auxerre,D F M S,16.766666666666666,0.0596421471172962,0.1633274649264324,0.1179937573212752,1.312127236580517,0.0,0.0839629409386671,0.5964214711729623,0.3154409591249277,0.1516331484907901,3000000.0,2026-06-01
Kévin Danois,Auxerre,M S,31.68888888888889,0.0946704067321178,0.0670261606234445,0.0670261606234445,0.7889200561009817,0.0315568022440392,0.1457031972792527,1.640953716690042,0.2901436331607453,0.1736064770534572,20000000.0,2026-06-01
Lamine Sy,Auxerre,D S,16.877777777777776,0.0,0.0631153228777933,0.0631153228777933,0.7702435813034892,0.0,0.0869750180125354,0.7702435813034892,0.2767571705130466,0.1712225521519201,2500000.0,2026-06-01
Lassine Sinayoko,Auxerre,F M,31.23333333333333,0.384204909284952,0.4358491189420033,0.3385050264420733,2.977588046958377,0.128068303094984,0.1583640704283306,1.2806830309498398,0.4880169762364065,0.0985786708900774,10000000.0,2026-06-01
Marvin Senaya,Auxerre,D S,19.95555555555556,0.0501113585746102,0.0703149911986958,0.0703149911986958,0.7516703786191536,0.0,0.0119098492033099,0.3006681514476614,0.1293800772999502,0.1137412420239606,3000000.0,2026-06-01
Rudy Matondo,Auxerre,D M S,14.811111111111112,0.1350337584396099,0.1228197554052323,0.1228197554052323,0.8777194298574643,0.0,0.0163339291519673,0.3375843960990247,0.2068214445107316,0.1621119096939468,20000000.0,2026-06-01
Sinaly Diomande,Auxerre,D,23.75555555555556,0.0841908325537885,0.124226146394176,0.124226146394176,0.3788587464920486,0.0841908325537885,0.0216484780295275,0.2104770813844714,0.1061723432769359,0.1039934510032326,6000000.0,2026-06-01
Sékou Mara,Auxerre,F S,13.677777777777775,0.2193338748984565,0.2233015328560972,0.2233015328560972,2.412672623883022,0.1462225832656377,0.0802041961834936,0.6580016246953696,0.3749129372693532,0.0986891909359457,4000000.0,2026-06-01
Bradley Locko,Brest,D S,14.233333333333333,0.0,0.0049913717778421,0.0049913717778421,0.1405152224824356,0.1405152224824356,0.093696472263378,0.5620608899297425,0.2770147850165532,0.2539170928412843,6000000.0,2026-06-01
Brendan Chardonnet,Brest,D,28.38888888888889,0.035225048923679,0.0357913147847654,0.0357913147847654,0.4227005870841487,0.1056751467710371,0.0892195586559823,0.3522504892367906,0.2147232096299616,0.1872925506631338,4000000.0,2026-06-01
Daouda Guindo,Brest,D S,18.766666666666666,0.0532859680284191,0.0553974407505025,0.0553974407505025,1.119005328596803,0.0532859680284191,0.0432188068491739,0.4795737122557726,0.1724461273523461,0.1068452686786016,4500000.0,2026-06-01
Eric Junior Dina Ebimbe,Brest,D F M S,12.9,0.3875968992248061,0.3393273550814898,0.3393273550814898,2.093023255813953,0.0,0.0925867320146671,0.6201550387596899,0.4035781959230586,0.1112216563765392,6000000.0,2026-06-01
Grégoire Coudert,Brest,GK S,24.31111111111111,0.0,0.0,0.0,0.0,0.0,0.0,0.0,0.0660789595198369,0.0660789595198369,4000000.0,2026-06-01
Hugo Magnetti,Brest,M S,30.23333333333333,0.0330760749724366,0.019807173791439,0.019807173791439,0.7276736493936052,0.0330760749724366,0.0403279859609614,0.5622932745314223,0.285412361342234,0.2475045779627535,6000000.0,2026-06-01
Joris Chotard,Brest,M S,31.0,0.064516129032258,0.0411863882515219,0.0411863882515219,0.8064516129032258,0.032258064516129,0.0171324400111071,0.3548387096774194,0.3216245448697478,0.2795767872143657,7000000.0,2026-06-01
Kamory Doumbia,Brest,F M S,20.05555555555556,0.2493074792243767,0.2492065151838632,0.2492065151838632,2.14404432132964,0.1994459833795013,0.2216914479628494,1.3462603878116342,0.6456226455537895,0.2445475349816754,9000000.0,2026-06-01
Kenny Lala,Brest,D S,31.03333333333333,0.0,0.007630513958977,0.007630513958977,0.2577873254564983,0.0966702470461868,0.1192937603882572,0.8378088077336198,0.3523915546128945,0.2773997399887964,1500000.0,2026-06-01
Ludovic Ajorque,Brest,F,31.488888888888887,0.2540578687367678,0.3130117254877225,0.3130117254877225,1.746647847565279,0.2858151023288638,0.1212347267706922,1.302046577275935,0.5214164884736001,0.1621453675008316,3000000.0,2026-06-01
Michel Diaz,Brest,D S,17.27777777777778,0.0,0.0507932514958442,0.0507932514958442,0.405144694533762,0.0,0.0017541004434659,0.0578778135048231,0.1626032119155696,0.1312890305540186,600000.0,2026-05-28
Pathé Mboup,Brest,M S,11.422222222222222,0.0875486381322957,0.3107194381436253,0.3107194381436253,2.013618677042801,0.0,0.1274415176608219,0.7879377431906615,0.6331521081683816,0.1967061553893299,2500000.0,2026-06-01
Pierre Lees-Melou,Brest,M S,21.9,0.045662100456621,0.0721539700293241,0.0721539700293241,1.4155251141552512,0.136986301369863,0.1306546105233502,0.8675799086757991,0.4076689451116405,0.2821545588643583,4500000.0,2026-06-01
Remy Labeau Lascary,Brest,F M S,13.077777777777778,0.3823279524214104,0.4082838491478914,0.4082838491478914,2.5998300764655906,0.076465590484282,0.203182016489054,0.994052676295667,0.6555287746005172,0.1278637080099639,4000000.0,2026-06-01
Romain Del Castillo,Brest,F M,29.844444444444445,0.3015636634400596,0.2809914115092378,0.0772429035445335,1.139240506329114,0.1005212211466865,0.2201387987902758,1.8428890543559195,0.4282001748387039,0.2067360424069786,7000000.0,2026-06-01
Soumaila Coulibaly,Brest,D S,14.922222222222222,0.0,0.0200907025439075,0.0200907025439075,0.402084884586746,0.0,0.0009627611260536,0.0670141474311243,0.2456731363376484,0.2456731363376484,6000000.0,2026-06-01
Arouna Sangante,Le Havre,D,26.18888888888889,0.0381841323716588,0.0168131649775504,0.0168131649775504,0.34365719134493,0.0381841323716588,0.0153923849506073,0.3818413237165888,0.1929727996200462,0.1838199223803042,8000000.0,2026-06-01
Ayumu Seko,Le Havre,D M S,29.211111111111112,0.0,0.0330722829331946,0.0330722829331946,0.5819703309243058,0.0,0.0157519935259362,0.3423354887790034,0.2063721367191649,0.1901674162300311,5000000.0,2026-06-01
Fodé Doucouré,Le Havre,F M S,14.122222222222222,0.2124311565696302,0.183025087309777,0.183025087309777,1.4162077104642017,0.07081038552321,0.1777129405032312,1.2745869394177811,0.5201045838701241,0.1991706483658142,2000000.0,2026-06-01
Gautier Lloris,Le Havre,D S,26.633333333333333,0.0375469336670838,0.0451543007642776,0.0451543007642776,0.4505632040050062,0.0375469336670838,0.0403381637921172,0.1501877346683354,0.151960750428659,0.1486013517557679,3000000.0,2026-06-01
Issa Soumaré,Le Havre,F M S,32.68888888888889,0.2447314751869476,0.4357845849882403,0.3660273823012135,2.355540448674371,0.1529571719918422,0.1340031546346189,0.8871515975526852,0.4967984232486793,0.1059093358112913,8000000.0,2026-06-01
Loïc Négo,Le Havre,D M S,25.988888888888887,0.0,0.0204261121379514,0.0204261121379514,0.6156477126977341,0.0,0.0591284654199975,0.5771697306541257,0.1575354837572386,0.1221089634141284,500000.0,2026-06-01
Lucas Gourna Douath,Le Havre,M S,14.166666666666666,0.0,0.0144066513461225,0.0144066513461225,0.6352941176470589,0.0,0.0129371512023841,0.4235294117647059,0.1574172770714058,0.1400091034086311,6000000.0,2026-06-01
Mbwana Samatta,Le Havre,F S,17.22222222222222,0.1161290322580645,0.340387689478455,0.340387689478455,2.438709677419355,0.0580645161290322,0.1109499177745273,1.0451612903225806,0.464354075046797,0.1002368093017608,,
Mory Diaw,Le Havre,GK,29.57777777777778,0.0,0.0,0.0,0.0,0.033809166040571,0.0090621038711581,0.1014274981217129,0.1424413563328173,0.1344904756862012,900000.0,2026-06-01
Rassoul Ndiaye,Le Havre,F M S,28.88888888888889,0.1384615384615384,0.1066386228642211,0.1066386228642211,1.176923076923077,0.1384615384615384,0.0962796268698114,1.0038461538461538,0.3239110748856686,0.1710368007922975,8000000.0,2026-06-01
Simon Ebonog,Le Havre,M S,19.72222222222222,0.0507042253521126,0.099613173410926,0.099613173410926,1.115492957746479,0.0,0.0171927499309392,0.3549295774647887,0.1667793838700778,0.0707131872242185,4500000.0,2026-06-01
Sofiane Boufal,Le Havre,F M S,11.666666666666666,0.0857142857142857,0.1288002460662808,0.0636492339095899,1.6285714285714286,0.3428571428571428,0.3115317938051054,2.3142857142857145,0.4395671830645629,0.1690424578530447,1800000.0,2026-06-01
Yanis Zouaoui,Le Havre,D M S,26.444444444444443,0.0378151260504201,0.0485863549940037,0.0198432608319743,0.6050420168067228,0.0378151260504201,0.1200938569068783,1.361344537815126,0.2332140160881045,0.1965007477698206,2500000.0,2026-06-01
Yassine Kechta,Le Havre,F M S,14.922222222222222,0.1340282948622486,0.103239226942065,0.103239226942065,1.4072970960536113,0.0670141474311243,0.123260113412732,1.0052122114668651,0.3817445336413179,0.1753318931127961,4000000.0,2026-06-01
Adrien Thomasson,Lens,M S,30.155555555555555,0.0994841562269712,0.2142374386136573,0.2142374386136573,1.425939572586588,0.2984524686809138,0.2811416736670118,2.652910832719233,0.7751741741530669,0.4456345376942249,4000000.0,2026-06-01
Deiver Machado,Lens,D M S,13.344444444444443,0.0,0.0681014158619532,0.0681014158619532,0.974188176519567,0.0749375520399666,0.1045152836546711,0.5245628642797668,0.3008264663018949,0.1300325980417734,1800000.0,2026-06-01
Florian Thauvin,Lens,M S,27.88888888888889,0.3944223107569721,0.4340140091188519,0.3522507872254369,2.653386454183267,0.2151394422310757,0.3536986288247236,2.8685258964143427,0.9161617509219276,0.4062224675815894,5000000.0,2026-06-01
Malang Sarr,Lens,D,32.58888888888889,0.0,0.0544985259689093,0.0544985259689093,0.7057620184111831,0.0306853051483123,0.0144457975081766,0.1841118308898738,0.4680750639318525,0.4516411106557192,20000000.0,2026-06-01
Mamadou Sangaré,Lens,M S,26.07777777777778,0.1150404772049424,0.1259962432753115,0.1259962432753115,2.032381763953984,0.1533873029399233,0.1088510226247206,1.4188325521942906,0.694771769115702,0.5315275177554813,40000000.0,2026-06-01
Matthieu Udol,Lens,D S,33.333333333333336,0.03,0.1317913491418585,0.1317913491418585,1.41,0.21,0.3570439629815519,1.65,0.6032601980119943,0.3269756085053086,8000000.0,2026-06-01
Odsonne Edouard,Lens,F S,20.877777777777776,0.5747738158594998,0.6390560005789998,0.6026491028925344,2.873869079297499,0.1436934539648749,0.100536892292679,0.9579563597658328,0.723869300518282,0.1557515743979118,12000000.0,2026-06-01
Pierre Ganiou,Lens,D S,22.42222222222222,0.1337958374628345,0.0961596071969337,0.0961596071969337,1.0257680872150643,0.0,0.0223726013765787,0.4013875123885035,0.4845571531235758,0.4665411216815116,100000.0,2026-05-28
Robin Risser,Lens,GK,33.0,0.0,0.0,0.0,0.0,0.0303030303030303,0.0021429008268045,0.0606060606060606,0.1809040657385732,0.1787611649117686,30000000.0,2026-06-01
Ruben Aguilar,Lens,D S,19.45555555555556,0.1027984009137635,0.0536713521206365,0.0536713521206365,0.6681896059394632,0.1027984009137635,0.1663011246957076,1.3363792118789264,0.5485689126248702,0.4500031561565732,2500000.0,2026-06-01
Samson Baidoo,Lens,D S,20.25555555555556,0.0987383433900164,0.1181761388275087,0.1181761388275087,0.7899067471201316,0.0493691716950082,0.0224978532447994,0.1481075150850246,0.3016809524495197,0.2769269868813238,25000000.0,2026-06-01
Saud Abdulhamid,Lens,D S,14.833333333333334,0.1348314606741573,0.074344055162052,0.074344055162052,0.5393258426966292,0.2696629213483146,0.1853437495700429,1.550561797752809,0.5495051329306672,0.3128146949025352,9000000.0,2026-06-01
Wesley Said,Lens,M S,22.9,0.5240174672489083,0.5264781109630803,0.4932861830469823,2.620087336244542,0.0873362445414847,0.258468221141001,1.1790393013100438,0.9048502290352984,0.3301179903563453,5000000.0,2026-06-01
Aissa Mandi,Lille,D S,27.022222222222226,0.0370065789473684,0.0318250624542614,0.0318250624542614,0.5180921052631579,0.0,0.0371437153616601,0.3700657894736842,0.4021336662193981,0.3905914519993148,1000000.0,2026-06-01
Ayyoub Bouaddi,Lille,D M S,26.155555555555555,0.0,0.0407380983510395,0.0407380983510395,0.6117247238742566,0.038232795242141,0.0766165020931812,0.8028887000849618,0.4609657949020258,0.4021317957834789,50000000.0,2026-06-01
Benjamin André,Lille,M S,25.866666666666667,0.0773195876288659,0.0994901625036271,0.0994901625036271,1.0438144329896908,0.0773195876288659,0.0747328247639744,0.8891752577319587,0.4529050520870873,0.3639428780327752,3000000.0,2026-06-01
Berke Özer,Lille,GK,31.57777777777778,0.0,0.0,0.0,0.0,0.0316678395496129,0.0026023351993047,0.0950035186488388,0.2127585078430356,0.2107207533391553,10000000.0,2026-06-01
Chancel Mbemba,Lille,D S,10.544444444444444,0.0,0.031929170856109,0.031929170856109,0.6638566912539515,0.0,0.0555153926628375,0.3793466807165437,0.4205045590787592,0.411142365039337,2000000.0,2026-06-01
Felix Correia,Lille,M S,23.6,0.1694915254237288,0.2460573108124909,0.2460573108124909,1.5677966101694911,0.211864406779661,0.2486325096402127,1.6525423728813555,0.7756882480550873,0.3948470606800105,10000000.0,2026-06-01
Hákon Haraldsson,Lille,F M S,27.966666666666665,0.2860548271752086,0.2930879635743006,0.2930879635743006,1.7878426698450538,0.0715137067938021,0.1620025157093717,1.895113230035757,0.6753289489535099,0.3264581359461109,25000000.0,2026-06-01
Matias Fernandez-Pardo,Lille,F M S,26.75555555555556,0.2990033222591362,0.4153094802243616,0.3584917342797714,2.5415282392026577,0.1868770764119601,0.1814591712929444,1.345514950166113,0.634508785788601,0.2304930737175579,35000000.0,2026-06-01
Nabil Bentaleb,Lille,M S,13.922222222222222,0.1436552274541101,0.0865279343157578,0.0319321138051421,1.2928970470869912,0.1436552274541101,0.1272582461059997,0.8619313647246608,0.7236456227728894,0.607873135776291,4500000.0,2026-06-01
Nathan Ngoy,Lille,D S,26.633333333333333,0.0375469336670838,0.0586652462702892,0.0586652462702892,0.8260325406758449,0.0750938673341677,0.0461603326254404,0.1501877346683354,0.4040553238247527,0.3963023661466803,25000000.0,2026-06-01
Ngal'ayel Mukau,Lille,M S,17.2,0.0581395348837209,0.1497737356180022,0.1497737356180022,1.162790697674419,0.0,0.0297285739310778,0.7558139534883721,0.3977307668605516,0.2907817094954987,15000000.0,2026-06-01
Olivier Giroud,Lille,F S,17.88888888888889,0.391304347826087,0.4957973678706225,0.3258382030155348,2.291925465838509,0.0559006211180124,0.1035036837092097,1.0062111801242235,0.5032319291870786,0.1207258869656679,900000.0,2026-06-01
Romain Perraud,Lille,D S,25.133333333333333,0.1193633952254642,0.0638461872115138,0.0638461872115138,1.3129973474801062,0.1591511936339522,0.1600705490469814,1.4721485411140585,0.4702104877097537,0.3443512697494156,7000000.0,2026-06-01
Thomas Meunier,Lille,D S,21.23333333333333,0.0941915227629513,0.0663908168650122,0.0663908168650122,0.8948194662480377,0.0941915227629513,0.1298796927945299,0.847723704866562,0.5163096001129042,0.3850984727463786,1500000.0,2026-06-01
Abdoulaye Faye,Lorient,D S,16.044444444444444,0.0,0.0358511089834892,0.0358511089834892,0.4986149584487535,0.0,0.0032487203730811,0.1246537396121883,0.2079763548536396,0.2063133871218917,4500000.0,2026-06-01
Ahmadou Bamba Dieng,Lorient,F S,13.766666666666667,0.7263922518159805,0.6882115855776947,0.577786142326729,3.2687651331719128,0.072639225181598,0.0835596045059745,0.7990314769975786,0.5245866391077169,0.1084338957511483,15000000.0,2026-06-01
Aiyegun Tosin,Lorient,F M S,11.866666666666667,0.4213483146067415,0.5592802519062429,0.4952272923998116,2.528089887640449,0.0,0.0873160656290442,0.9269662921348314,0.5261375216160262,0.0362626619092869,1800000.0,2026-06-01
Arsène Kouassi,Lorient,D S,29.355555555555554,0.0681302043906131,0.0219498328225832,0.0219498328225832,0.3065859197577593,0.2043906131718395,0.167989846576995,1.0900832702498109,0.2820444682417021,0.2166000876806952,15000000.0,2026-06-01
Arthur Avom,Lorient,M S,23.27777777777778,0.0859188544152744,0.045280782488088,0.045280782488088,0.9021479713603818,0.0429594272076372,0.1364048035339694,1.331742243436754,0.4000475001087977,0.2884173682426282,20000000.0,2026-06-01
Bamo Meïté,Lorient,D S,21.966666666666665,0.0,0.0397754755091594,0.0397754755091594,0.3641881638846738,0.1365705614567526,0.0564813718895042,0.3186646433990895,0.1744543115448698,0.154698755258584,7000000.0,2026-06-01
Darline Yongwa,Lorient,D S,14.27777777777778,0.0,0.0518978949824659,0.0518978949824659,0.7003891050583657,0.0700389105058365,0.1681923633187661,1.1906614785992218,0.2878862372690137,0.1053578041290958,5000000.0,2026-06-01
Dermane Karim,Lorient,F M S,15.233333333333333,0.0656455142231947,0.089243875502627,0.089243875502627,1.050328227571116,0.1312910284463895,0.1625994631217658,1.050328227571116,0.4058048438435702,0.2009112778358177,2500000.0,2026-06-01
Igor Silva,Lorient,D S,13.422222222222222,0.0745033112582781,0.0264107899521384,0.0264107899521384,0.5960264900662251,0.0,0.0373292521385488,0.5960264900662251,0.1569023920957073,0.137888266510694,1200000.0,2026-06-01
Jean-Victor Makengo,Lorient,F M S,20.466666666666665,0.1954397394136807,0.1656838398159812,0.1656838398159812,1.905537459283388,0.0977198697068403,0.0934321998318214,1.2703583061889252,0.3228136302800151,0.1929264626062266,6000000.0,2026-06-01
Laurent Abergel,Lorient,M S,26.07777777777778,0.0383468257349808,0.0301228697611313,0.0301228697611313,0.8436301661695781,0.0,0.0330500440210942,0.5752023860247124,0.2961040627247839,0.2619899503813686,1800000.0,2026-06-01
Montassar Talbi,Lorient,D,29.0,0.0,0.0297588257375976,0.0297588257375976,0.4827586206896552,0.0344827586206896,0.0298282543261503,0.2413793103448276,0.2178985537511521,0.209607861807634,8000000.0,2026-06-01
Noah Cadiou,Lorient,M S,20.566666666666663,0.1458670988654781,0.1127944393098547,0.1127944393098547,0.9238249594813616,0.0486223662884927,0.0336969869944902,0.4862236628849271,0.3276441504384845,0.2391617889765112,3000000.0,2026-06-01
Pablo Pagis,Lorient,F M S,19.988888888888887,0.500277932184547,0.3895421943349299,0.3134904299169497,2.9516397998888277,0.2501389660922735,0.2376896787585981,2.1511951083935523,0.5088831172358367,0.1448732477226079,15000000.0,2026-06-01
Théo Le Bris,Lorient,D S,21.27777777777778,0.0939947780678851,0.0909570743093952,0.0909570743093952,0.7989556135770235,0.0939947780678851,0.0656942457310836,0.6109660574412532,0.2159594013173298,0.1245961883020229,5000000.0,2026-06-01
Yvon Mvogo,Lorient,GK,31.0,0.0,0.0,0.0,0.0,0.0,0.0026943130839255,0.032258064516129,0.106741689235693,0.106741689235693,2500000.0,2026-06-01
Abner,Lyon,D F M S,24.244444444444444,0.1237396883593033,0.0924605633004967,0.0924605633004967,0.7011915673693859,0.0824931255728689,0.1286813135896523,0.8661778185151238,0.5557005289740568,0.3713506203926724,10000000.0,2026-06-01
Adam Karabec,Lyon,M S,10.244444444444444,0.0976138828633405,0.152538257960125,0.152538257960125,0.8785249457700651,0.0,0.2045204575878614,2.049891540130152,0.5398679729914717,0.3106258249156775,7000000.0,2026-06-01
Afonso Moreira,Lyon,D F M S,18.83333333333333,0.2123893805309734,0.1678524172279687,0.1678524172279687,2.1238938053097347,0.3716814159292035,0.3147243392381784,1.6991150442477878,0.7027805364171489,0.2979546260517255,20000000.0,2026-06-01
Ainsley Maitland-Niles,Lyon,D M S,27.73333333333333,0.0360576923076923,0.0920873620466759,0.0646800844921157,0.5048076923076923,0.1442307692307692,0.1262373358790333,0.7572115384615384,0.4246232677877952,0.270269743744463,10000000.0,2026-06-01
Clinton Mata,Lyon,D,31.61111111111111,0.0,0.0054423131624822,0.0054423131624822,0.1581722319859402,0.0,0.0027330088869444,0.0632688927943761,0.3695341289266027,0.3663530177215806,2500000.0,2026-06-01
Corentin Tolisso,Lyon,F M S,25.766666666666666,0.4269081500646831,0.4097122177578037,0.3212147264863048,2.095730918499353,0.1552393272962484,0.1754620276213193,1.2807244501940491,0.766067379316915,0.3904233018917068,10000000.0,2026-06-01
Dominik Greif,Lyon,GK,29.0,0.0,0.0,0.0,0.0,0.0344827586206896,0.0046505460451389,0.0689655172413793,0.2065268543002934,0.2018763079982379,9000000.0,2026-06-01
Endrick,Lyon,F M S,13.866666666666667,0.3605769230769231,0.4669716641253146,0.4121571122400033,3.533653846153846,0.5048076923076923,0.3279770479107705,2.1634615384615383,0.8036526308681529,0.1569269422011879,200000.0,2025-11-18
Endrick,Lyon,F M S,13.866666666666667,0.3605769230769231,0.4669716641253146,0.4121571122400033,3.533653846153846,0.5048076923076923,0.3279770479107705,2.1634615384615383,0.8036526308681529,0.1569269422011879,40000000.0,2026-06-01
Khalis Merah,Lyon,F M S,13.188888888888888,0.0,0.102554550072729,0.102554550072729,0.4549283909014322,0.075821398483572,0.1143008888728144,0.9098567818028644,0.5098390729553376,0.3791524899814344,15000000.0,2026-06-01
Moussa Niakhate,Lyon,D S,30.55555555555556,0.0,0.0055955708331682,0.0055955708331682,0.1309090909090909,0.0654545454545454,0.0267567900635979,0.4581818181818181,0.4474420104853131,0.4299501307274807,15000000.0,2026-06-01
Nicolás Tagliafico,Lyon,D S,14.355555555555556,0.0,0.1296187095032664,0.1296187095032664,1.044891640866873,0.2089783281733746,0.1514985457123271,0.9055727554179568,0.4485331566271952,0.2903615569641046,4000000.0,2026-06-01
Pavel Sulc,Lyon,F M S,17.355555555555554,0.5761843790012805,0.4725248572415411,0.4725248572415411,2.535211267605634,0.1728553137003841,0.1987438098731404,1.267605633802817,0.8510356406453478,0.3130391697791642,20000000.0,2026-06-01
Tanner Tessmann,Lyon,D M S,21.53333333333333,0.0464396284829721,0.1192791907883742,0.1192791907883742,1.2074303405572755,0.0,0.0651189594618953,0.6037151702786377,0.5742608128121302,0.4730355028703161,10000000.0,2026-06-01
Tyler Morton,Lyon,M,28.322222222222223,0.0706159278148293,0.0725843693378533,0.0725843693378533,0.9886229894076108,0.0706159278148293,0.0857464269369185,0.9886229894076108,0.4294995826268228,0.3533898976040662,30000000.0,2026-06-01
Amine Gouiri,Marseille,F M S,14.644444444444444,0.5462822458270107,0.4941853289866936,0.4941853289866936,2.5948406676783007,0.2048558421851289,0.2723599318273603,2.2534142640364188,0.7680801488176464,0.1927188720853719,28000000.0,2026-06-01
Amir Murillo,Marseille,D M S,10.866666666666667,0.1840490797546012,0.0963369011878967,0.0963369011878967,0.8282208588957055,0.0920245398773006,0.178493720942114,1.012269938650307,0.8695511471914367,0.6512234269704189,7000000.0,2026-05-21
Angel Gomes,Marseille,M S,10.21111111111111,0.29379760609358,0.2017202607727933,0.2017202607727933,1.0772578890097932,0.0,0.104559837507086,1.76278563656148,0.7366776732997452,0.4733084499434658,10000000.0,2026-06-03
Benjamin Pavard,Marseille,D S,21.466666666666665,0.046583850931677,0.0479657041568378,0.0479657041568378,0.5124223602484472,0.093167701863354,0.0978858729026147,0.5590062111801243,0.5170072245799144,0.4967048418019777,12000000.0,2026-06-01
Emerson,Marseille,D S,23.444444444444443,0.0,0.0215968716960241,0.0215968716960241,0.6398104265402844,0.1279620853080569,0.2422473128284747,1.962085308056872,0.6303477441688992,0.5400304990109958,9000000.0,2026-06-01
Emerson,Marseille,D S,23.444444444444443,0.0,0.0215968716960241,0.0215968716960241,0.6398104265402844,0.1279620853080569,0.2422473128284747,1.962085308056872,0.6303477441688992,0.5400304990109958,550000.0,2026-06-03
Facundo Medina,Marseille,D S,15.344444444444443,0.0,0.0293400552552692,0.0293400552552692,0.2606806661839246,0.0651701665459811,0.0852511640554489,0.4561911658218682,0.6331737196527469,0.6230228457392168,18000000.0,2026-06-01
Gerónimo Rulli,Marseille,GK,29.0,0.0,0.0025108364121667,0.0025108364121667,0.0344827586206896,0.0,0.0017990615090419,0.0344827586206896,0.1822778842058675,0.1822778842058675,6000000.0,2026-06-01
Igor Paixão,Marseille,D M S,21.988888888888887,0.2728650833754422,0.2540233783318485,0.2540233783318485,2.5922182920667005,0.2273875694795351,0.1147829905668101,1.3188479029813038,0.6026113702020994,0.3269959897360096,35000000.0,2026-06-01
Leonardo Balerdi,Marseille,D S,22.177777777777777,0.0,0.1171077297578653,0.1171077297578653,0.9018036072144288,0.0450901803607214,0.0107709565507863,0.2254509018036072,0.5907667651053944,0.584388415628712,18000000.0,2026-06-01
Mason Greenwood,Marseille,F M S,27.81111111111111,0.575309628445865,0.5155186167286722,0.2968735915217645,4.170994806232521,0.2516979624450659,0.2747944237190309,2.0135836995605274,0.8376663824029139,0.4524112087787924,55000000.0,2026-06-01
Naif Aguerd,Marseille,D,15.633333333333333,0.1279317697228145,0.0566617026130782,0.0566617026130782,0.6396588486140725,0.0,0.0172444272325681,0.1918976545842217,0.5851963907678818,0.5837983787377506,15000000.0,2026-06-01
Pierre-Emerick Aubameyang,Marseille,F M S,23.044444444444444,0.4339440694310511,0.6737361408198898,0.6737361408198898,2.6036644165863065,0.2169720347155255,0.2229146668781762,1.171648987463838,0.8926976468457177,0.1609439088396275,2500000.0,2026-06-01
Pierre-Emile Højbjerg,Marseille,M S,30.177777777777777,0.1325478645066274,0.129782923144756,0.129782923144756,1.5243004418262152,0.1656848306332842,0.1467753290466207,1.325478645066274,0.659476292006869,0.5121555584153663,15000000.0,2026-06-01
Quinten Timber,Marseille,M S,12.61111111111111,0.0,0.0899915768711577,0.0899915768711577,0.7929515418502203,0.0,0.0364768728285634,0.6343612334801763,0.2944245469071266,0.2479719113279544,25000000.0,2026-06-01
Timothy Weah,Marseille,D M S,25.4,0.0787401574803149,0.1097254693786811,0.1097254693786811,1.141732283464567,0.0787401574803149,0.1489831656804235,1.1811023622047243,0.6806857891263455,0.5031335077387846,20000000.0,2026-06-01
Alpha Touré,Metz,D M S,17.677777777777777,0.0,0.0583418367382567,0.0583418367382567,0.961659333752357,0.0565681961030798,0.0246019276721832,0.6222501571338781,0.1844257862780695,0.12629420354864,5000000.0,2026-06-01
Benjamin Stambouli,Metz,M S,10.533333333333331,0.0,0.0293863380233509,0.0293863380233509,0.569620253164557,0.0,0.0868643932280284,0.759493670886076,0.1927276743175108,0.1479749440486672,250000.0,2026-06-01
Boubacar Traore,Metz,M S,15.71111111111111,0.0636492220650636,0.0598838338114669,0.0598838338114669,1.2093352192362097,0.0,0.0141296135406556,0.2545968882602546,0.1517418291764874,0.0960957179704873,4000000.0,2026-06-01
Cheick Tidiane Sabaly,Metz,F M S,10.8,0.0,0.1323669238222969,0.1323669238222969,0.7407407407407407,0.1851851851851851,0.1744336836660901,0.9259259259259258,0.3375416738843475,0.050892061036494,,
Gauthier Hein,Metz,F M S,26.166666666666668,0.3057324840764331,0.2773068438100207,0.1320657343336731,1.681528662420382,0.267515923566879,0.1703676354306139,2.21656050955414,0.3590190510271461,0.1599528454006857,5000000.0,2026-06-01
Giorgi Tsitaishvili,Metz,D F M S,27.5,0.109090909090909,0.0558807332746007,0.0558807332746007,1.1272727272727272,0.0727272727272727,0.1553498472679745,1.6,0.2949033577333797,0.113630501655015,3000000.0,2026-06-01
Habib Diallo,Metz,F S,21.2,0.1886792452830188,0.2796290537236996,0.2437755089464052,1.7924528301886793,0.0471698113207547,0.0350591655434021,0.5660377358490566,0.3044779304819146,0.0804388397900422,4000000.0,2026-06-01
Jean-Philippe Gbamin,Metz,D M S,27.633333333333333,0.0361881785283474,0.0705574864276715,0.0705574864276715,0.5066344993968637,0.0361881785283474,0.0524787969136806,0.5428226779252111,0.2233115837440811,0.1767817805931242,2000000.0,2026-06-01
Jessy Deminguet,Metz,M S,22.877777777777776,0.0874210781932977,0.0489183993365085,0.0489183993365085,0.7430791646430306,0.0,0.0263204220492409,0.1748421563865954,0.2435106936807827,0.1807891186408159,2000000.0,2026-06-01
Jonathan Fischer,Metz,GK S,26.1,0.0,0.0,0.0,0.0,0.0,0.0012207016976857,0.0383141762452107,0.0845969205015692,0.0845969205015692,2000000.0,2026-06-01
Koffi Kouao,Metz,D,25.511111111111116,0.078397212543554,0.0645885900359029,0.0645885900359029,0.9015679442508712,0.039198606271777,0.0488479630875592,0.431184668989547,0.2292906607944154,0.134492484566298,2500000.0,2026-06-01
Maxime Colin,Metz,D S,18.855555555555554,0.0,0.012308802975931,0.012308802975931,0.3712433706540954,0.0,0.0114808096366555,0.3182086034177961,0.1478650005348795,0.1414290235065578,250000.0,2026-06-01
Sadibou Sané,Metz,D S,21.55555555555556,0.0927835051546391,0.0138113416116876,0.0138113416116876,0.2783505154639175,0.0463917525773195,0.0126524418784478,0.1391752577319587,0.1955095851390632,0.1955095851390632,7000000.0,2026-06-01
Terry Yegbe,Metz,D S,21.966666666666665,0.0,0.0584191058187184,0.0584191058187184,0.2731411229135053,0.0455235204855842,0.0200272410293993,0.2276176024279211,0.1265879818810678,0.1231017569715951,3000000.0,2026-06-01
Aleksandr Golovin,Monaco,M S,18.83333333333333,0.2654867256637168,0.249569754915691,0.249569754915691,1.8053097345132745,0.2654867256637168,0.1225107146707256,1.2743362831858407,0.5984358500722236,0.2691773648118287,18000000.0,2026-06-01
Anssumane Fati,Monaco,F M S,11.755555555555556,0.9357277882797732,0.9602724332608886,0.7016389272290163,3.657844990548204,0.0,0.1618208299568785,1.275992438563327,1.1006890235922964,0.3432941026915224,15000000.0,2026-06-01
Caio Henrique,Monaco,D M S,16.966666666666665,0.0,0.011257996639943,0.011257996639943,0.1178781925343811,0.1178781925343811,0.1884931447771186,1.2377210216110022,0.2654520340249206,0.2293424772314566,12000000.0,2026-06-01
Christian Mawissa Elebi,Monaco,D S,13.088888888888889,0.0,0.024819227413026,0.024819227413026,0.1528013582342954,0.0,0.0272184776075829,0.3820033955857385,0.2836258123440633,0.2353583579544604,15000000.0,2026-06-01
Denis Zakaria,Monaco,D M S,22.655555555555555,0.0882785679254536,0.1126260156485162,0.1126260156485162,0.7945071113290829,0.0441392839627268,0.0629874413112263,0.2648357037763609,0.3403979376718482,0.2907109772672309,25000000.0,2026-06-01
Folarin Balogun,Monaco,F S,25.344444444444445,0.5129329241560718,0.5560914233264852,0.4661196175552757,3.038141166155195,0.1578255151249452,0.165336451467481,0.9469530907496712,0.6303465823328114,0.0775227491882274,40000000.0,2026-06-01
Jordan Teze,Monaco,D M S,27.944444444444443,0.0357852882703777,0.0278097527290492,0.0278097527290492,0.5009940357852883,0.0715705765407554,0.1497454890836896,1.252485089463221,0.4248305725055945,0.3076476948946773,15000000.0,2026-06-01
Kassoum Ouattara,Monaco,D M S,11.022222222222222,0.0,0.10751694455863,0.10751694455863,1.0887096774193548,0.2721774193548387,0.2451840051329664,1.5423387096774193,0.6537153287940929,0.3713417669848328,12000000.0,2026-06-01
Krépin Diatta,Monaco,D M S,11.077777777777778,0.0,0.0836020463530194,0.0836020463530194,0.6318956870611836,0.0902708124373119,0.158820648340428,1.0832497492477433,0.4656868045374288,0.293418786963943,6000000.0,2026-06-01
Lamine Camara,Monaco,M S,20.77777777777778,0.1443850267379679,0.0646835518851477,0.0646835518851477,1.2032085561497323,0.1925133689839572,0.2449531822569947,1.6844919786096255,0.5357177297181306,0.3744785149785924,40000000.0,2026-06-01
Lukas Hradecky,Monaco,GK,16.055555555555557,0.0,0.0,0.0,0.0,0.0,0.0,0.0,0.1776198864137837,0.1776198864137837,1500000.0,2026-06-01
Maghnes Akliouche,Monaco,F M S,27.0,0.2222222222222222,0.2449874394331817,0.2449874394331817,1.7777777777777777,0.2222222222222222,0.1983422283773069,1.6296296296296295,0.702487527496285,0.3078784463168294,50000000.0,2026-06-01
Mamadou Coulibaly,Monaco,F M S,15.577777777777778,0.1925820256776034,0.1275693227971416,0.1275693227971416,0.8345221112696148,0.1925820256776034,0.1131589040053894,0.7703281027104137,0.5115771682111921,0.3595220100150554,1300000.0,2024-06-03
Mamadou Coulibaly,Monaco,F M S,15.577777777777778,0.1925820256776034,0.1275693227971416,0.1275693227971416,0.8345221112696148,0.1925820256776034,0.1131589040053894,0.7703281027104137,0.5115771682111921,0.3595220100150554,15000000.0,2026-06-01
Mika Biereth,Monaco,F M S,11.677777777777775,0.1712654614652712,0.2746837676904181,0.2746837676904181,1.6270218839200763,0.1712654614652712,0.1976295322052191,1.5413891531874406,0.6424808647522577,0.2084845469309305,15000000.0,2026-06-01
Mohammed Salisu,Monaco,D,12.0,0.0833333333333333,0.0729737407527864,0.0729737407527864,0.6666666666666666,0.0,0.0125670572742819,0.1666666666666666,0.2877658071617285,0.2710454942037661,10000000.0,2026-06-01
Philipp Köhn,Monaco,GK S,17.944444444444443,0.0,0.0,0.0,0.0,0.0,0.0,0.0,0.1237124000840327,0.1237124000840327,3500000.0,2026-06-01
Takumi Minamino,Monaco,F M S,10.844444444444443,0.2766393442622951,0.310985384524235,0.310985384524235,1.9364754098360653,0.1844262295081967,0.1936738876068628,0.8299180327868853,0.6279467698950015,0.1481627002472943,10000000.0,2026-06-01
Thilo Kehrer,Monaco,D,26.31111111111111,0.0,0.0578295273353924,0.0578295273353924,0.6081081081081081,0.0,0.0149388503868485,0.1900337837837838,0.3064412992239955,0.3058148924154355,12000000.0,2026-06-01
Wout Faes,Monaco,D S,12.622222222222222,0.0,0.044304369030599,0.044304369030599,0.3961267605633803,0.0,0.0032308314349764,0.079225352112676,0.2687609858784667,0.2687609858784667,10000000.0,2026-06-01
Anthony Lopes,Nantes,GK,31.988888888888887,0.0,0.0059415510467105,0.0059415510467105,0.093782563390066,0.0,0.0,0.0,0.0461848349235732,0.0429511758699086,900000.0,2026-06-01
Chidozie Awaziem,Nantes,D S,25.877777777777776,0.038643194504079,0.0225612588271581,0.0225612588271581,0.4250751395448691,0.077286389008158,0.0610539450131423,0.38643194504079,0.1853853667346051,0.1462180255170465,2500000.0,2026-06-01
Dehmaine Assoumani,Nantes,D F M S,14.011111111111113,0.0713719270420301,0.1283579601032525,0.1283579601032525,2.069785884218874,0.0,0.1455623875420118,1.4274385408406027,0.2845619621920761,0.1264026726712011,,
Ibrahima Sissoko,Nantes,D M S,10.011111111111113,0.0,0.0165434405269653,0.0165434405269653,0.5993340732519423,0.0,0.0897421980158867,0.3995560488346282,0.4060619094147534,0.3414871401828481,2000000.0,2026-06-01
Ignatius Ganago,Nantes,F M S,10.377777777777778,0.2890792291220556,0.3375717915786027,0.2643292183076416,2.21627408993576,0.0963597430406852,0.0788141438454325,0.6745182012847966,0.3803087678404895,0.1541968259154729,2000000.0,2026-06-01
Johann Lepenant,Nantes,F M S,25.166666666666668,0.0,0.0337864513330112,0.0337864513330112,0.8741721854304635,0.0397350993377483,0.0878893793714757,1.3112582781456954,0.2259281719757231,0.1636012305832461,7000000.0,2026-06-01
Junior Mwanga,Nantes,D M,18.344444444444445,0.0545124167171411,0.0624937335562879,0.0624937335562879,0.5451241671714112,0.0545124167171411,0.0584445235577227,0.9812235009085404,0.2829441439127972,0.1911160998443521,6000000.0,2026-06-01
Kelvin Adou,Nantes,D S,21.822222222222223,0.0,0.0156075356892346,0.0156075356892346,0.4582484725050916,0.0458248472505091,0.0602002448592972,0.3665987780040733,0.1927940444470726,0.1395037441747737,,
Louis Leroux,Nantes,D M S,16.033333333333335,0.0623700623700623,0.100970422953615,0.100970422953615,0.9355509355509356,0.0623700623700623,0.0465606616930009,0.997920997920998,0.1931721660581546,0.1132225201091498,10000000.0,2026-06-01
Matthis Abline,Nantes,F M S,28.788888888888888,0.2084137398687765,0.2918423051377582,0.2654399253163431,2.952527981474334,0.138942493245851,0.1419244386652568,1.0420686993438828,0.4271615335278555,0.1344080193709425,20000000.0,2026-06-01
Mohamed Kaba,Nantes,M S,11.422222222222222,0.0,0.1179883648652278,0.1179883648652278,0.9630350194552528,0.1750972762645914,0.1709192908633544,1.050583657587549,0.3633153287092303,0.1438834031514736,2500000.0,2026-06-01
Mostafa Mohamed,Nantes,F S,12.8,0.3125,0.2358458320668433,0.2358458320668433,2.65625,0.0,0.0889751139038708,0.703125,0.2321671627578325,0.0172688813472632,3500000.0,2026-06-01
Nicolas Cozza,Nantes,D S,26.522222222222226,0.0,0.073182594708421,0.073182594708421,0.4147465437788018,0.0377042312526183,0.0167385371699211,0.3770423125261835,0.1077867599354786,0.0901539515115548,2500000.0,2026-06-01
Tylel Tati,Nantes,D,19.2,0.0,0.0258761971296432,0.0258761971296432,0.15625,0.0,0.0008053541144666,0.0520833333333333,0.1889563208290686,0.184394964405025,25000000.0,2026-06-01
Youssef El-Arabi,Nantes,F S,10.477777777777778,0.2863202545068929,0.4013233344255297,0.3287797917395609,1.4316012725344645,0.0,0.0542867060628258,0.8589607635206786,0.2596719899192089,0.0477271310368815,100000.0,2026-06-01
Ali Abdi,Nice,D M S,12.844444444444443,0.2335640138408304,0.1871262226498663,0.1871262226498663,1.245674740484429,0.0,0.1595523424936413,1.3235294117647058,0.2140940088379135,0.1273481514720587,2000000.0,2026-06-01
Antoine Mendy,Nice,D S,23.38888888888889,0.0427553444180522,0.0938073032161756,0.0938073032161756,0.7268408551068883,0.0,0.0015917529579862,0.0427553444180522,0.2778980530302909,0.2530424910776688,10000000.0,2026-06-01
Charles Vanhoutte,Nice,M S,20.011111111111116,0.0,0.0126002225786993,0.0126002225786993,0.2498611882287617,0.0999444752915047,0.0574209532394864,0.7495835646862853,0.3439042262157951,0.2782570424570864,7000000.0,2026-06-01
Hichem Boudaoui,Nice,M S,18.855555555555554,0.0530347672362993,0.1214920262914232,0.1214920262914232,1.1137301119622864,0.1060695344725987,0.0846997083043465,0.8485562757807897,0.3372614848952681,0.1704355962706195,12000000.0,2026-06-01
Jonathan Clauss,Nice,D M S,28.1,0.0355871886120996,0.0500263714188464,0.0500263714188464,0.8185053380782917,0.2135231316725978,0.2864835665849604,2.277580071174377,0.4332501768694653,0.2086753532741205,4000000.0,2026-06-01
Juma Bah,Nice,D S,21.633333333333333,0.0,0.052367681967459,0.052367681967459,0.3235747303543914,0.0,0.0721754054201677,0.2773497688751926,0.2446965836218123,0.2139324687409841,10000000.0,2026-06-01
Kojo Peprah Oppong,Nice,D S,27.11111111111111,0.0368852459016393,0.0483218431320102,0.0483218431320102,0.3688524590163934,0.0,0.0218001789085139,0.221311475409836,0.2304688632282138,0.202988194133781,10000000.0,2026-06-01
Melvin Bard,Nice,D M S,26.58888888888889,0.0752193898871709,0.0299559801005876,0.0299559801005876,0.5641454241537819,0.0376096949435854,0.067848797589447,0.5641454241537819,0.2759175216238144,0.2161049619675106,10000000.0,2026-06-01
Mohamed Ali-Cho,Nice,F M S,19.07777777777778,0.209668025626092,0.2242896000946338,0.2242896000946338,1.677344205008736,0.157251019219569,0.1844592260584087,1.205591147350029,0.5075786956821893,0.2434220847260937,15000000.0,2026-06-01
Morgan Sanson,Nice,M S,19.544444444444444,0.0,0.1067842014140283,0.1067842014140283,0.9721432632177374,0.1023308698123934,0.0749726243891063,0.6139852188743604,0.2511766533917446,0.0999741183277251,3500000.0,2026-06-01
Salis Abdul Samed,Nice,M S,10.38888888888889,0.0,0.0014523994177579,0.0014523994177579,0.0962566844919786,0.0,0.001257436708572,0.0962566844919786,0.1665447986221568,0.1652873618239387,4000000.0,2026-06-01
Sepe Elye Wahi,Nice,F S,10.411111111111111,0.4802561366061899,0.4067468125146506,0.3337387405455175,2.209178228388474,0.096051227321238,0.0766689727518194,0.768409818569904,0.4656831060586897,0.1010656571502746,18000000.0,2026-06-01
Sofiane Diop,Nice,F M S,24.344444444444445,0.3286170698311273,0.336169615321606,0.2737245551344059,2.2181652213601093,0.0821542674577818,0.1470366185203718,1.478776814240073,0.5689217873718478,0.2227352970266576,15000000.0,2026-06-01
Tom Louchet,Nice,D F M S,14.933333333333334,0.2008928571428571,0.2089395058283116,0.2089395058283116,1.40625,0.1339285714285714,0.2226640306512958,1.3392857142857142,0.5283385450145163,0.2149184185171699,7000000.0,2026-06-01
Yehvann Diouf,Nice,GK,26.0,0.0,0.0,0.0,0.0,0.0,0.0,0.0,0.0809198193108806,0.0809198193108806,7000000.0,2026-06-01
Adama Camara,Paris FC,D M S,24.42222222222222,0.0409463148316651,0.0784111180146978,0.0784111180146978,0.7370336669699727,0.0,0.0571306423793417,0.6551410373066424,0.37258243176398,0.2992870364409343,3000000.0,2026-06-01
Alimami Gory,Paris FC,D F M S,10.655555555555557,0.4692387904066736,0.3651805404997096,0.3651805404997096,1.7831074035453598,0.0938477580813347,0.0630125962392008,0.4692387904066736,0.4691623941227033,0.0939910554126045,1500000.0,2026-06-01
Diego Coppola,Paris FC,D,13.0,0.0,0.0297601896409805,0.0297601896409805,0.3846153846153846,0.1538461538461538,0.0518676705944996,0.2307692307692307,0.2357917395778573,0.211363628721581,18000000.0,2026-06-01
Hamari Traore,Paris FC,D S,12.988888888888887,0.0,0.0280211034005426,0.0280211034005426,0.3079555175363558,0.0769888793840889,0.0620537944428042,0.6928999144568007,0.3256740484632061,0.2859064560444106,1500000.0,2026-06-01
Ilan Kebbal,Paris FC,F M S,24.966666666666665,0.3604806408544727,0.2484068629867801,0.1266319015733549,2.0026702269692924,0.1602136181575434,0.2008251151012801,2.403204272363151,0.5505909344979695,0.3025420340591263,12000000.0,2026-06-01
Jean-Phillipe Krasso,Paris FC,F S,12.022222222222222,0.166358595194085,0.3580084009881024,0.2947842231529891,2.245841035120148,0.166358595194085,0.2626652913959955,1.9131238447319776,0.6616851427831624,0.1586960343120692,3500000.0,2026-06-01
Jonathan Ikone,Paris FC,F M S,12.3,0.2439024390243902,0.2953574185570081,0.2953574185570081,2.032520325203252,0.08130081300813,0.2061465615785218,1.1382113821138211,0.5965326214587785,0.1797369151277755,4000000.0,2026-06-01
Kevin Trapp,Paris FC,GK,22.0,0.0,0.0,0.0,0.0,0.0,0.0,0.0,0.1188610133460976,0.1188610133460976,1800000.0,2026-06-01
Mamadou Mbow,Paris FC,D S,30.122222222222224,0.0,0.018673386178809,0.018673386178809,0.3319808188860199,0.0331980818886019,0.0173052894697005,0.1327923275544079,0.2839536442342707,0.282498017020114,300000.0,2026-06-02
Marshall Munetsi,Paris FC,F M S,10.944444444444445,0.365482233502538,0.3784851021875585,0.3784851021875585,1.7360406091370555,0.0913705583756345,0.0769333682084446,0.6395939086294417,0.3849092596376002,0.1481643151208229,15000000.0,2026-06-01
Maxime Lopez,Paris FC,M S,21.91111111111111,0.0,0.054576980454458,0.054576980454458,0.5933062880324543,0.1369168356997971,0.2421433365248279,2.0081135902636915,0.7227987514121145,0.5440661594324554,5000000.0,2026-06-01
Moses Simon,Paris FC,F M S,22.91111111111111,0.1309408341416101,0.1257990840930856,0.1257990840930856,1.483996120271581,0.1309408341416101,0.188779651135871,1.440349175557711,0.4215753464900846,0.1760405624261854,7000000.0,2026-06-01
Nhoa Sangui,Paris FC,D S,19.14444444444445,0.0,0.0278762529711701,0.0278762529711701,0.2089378990133488,0.0,0.0649696520950755,0.8879860708067324,0.3859951105174184,0.3261569110126393,10000000.0,2026-06-01
Obed Nkambadio,Paris FC,GK,12.0,0.0,0.0,0.0,0.0,0.0,0.0005551984068006,0.0833333333333333,0.291954666764165,0.2913994683573643,5000000.0,2026-06-01
Otávio,Paris FC,D S,21.18888888888889,0.0471945464079706,0.0273249279702786,0.0273249279702786,0.5663345568956476,0.0,0.008136094433041,0.1887781856318825,0.2787896521647344,0.2715638623923047,10000000.0,2026-06-04
Otávio,Paris FC,D S,21.18888888888889,0.0471945464079706,0.0273249279702786,0.0273249279702786,0.5663345568956476,0.0,0.008136094433041,0.1887781856318825,0.2787896521647344,0.2715638623923047,1200000.0,2026-05-26
Otávio,Paris FC,D S,21.18888888888889,0.0471945464079706,0.0273249279702786,0.0273249279702786,0.5663345568956476,0.0,0.008136094433041,0.1887781856318825,0.2787896521647344,0.2715638623923047,10000000.0,2026-06-01
Otávio,Paris FC,D S,21.18888888888889,0.0471945464079706,0.0273249279702786,0.0273249279702786,0.5663345568956476,0.0,0.008136094433041,0.1887781856318825,0.2787896521647344,0.2715638623923047,1500000.0,2026-05-28
Samir Chergui,Paris FC,D M S,12.855555555555556,0.0777873811581676,0.1352495095847929,0.1352495095847929,1.0112359550561798,0.0,0.0114174283132948,0.1555747623163353,0.3532533806747883,0.3232150460458976,3000000.0,2026-06-01
Thibault De Smet,Paris FC,D S,12.811111111111112,0.0,0.0144806080509917,0.0144806080509917,0.3122289679098005,0.0780572419774501,0.0279841164946039,0.3122289679098005,0.362046373085622,0.3525283444488658,1800000.0,2026-06-01
Willem Geubbels,Paris FC,F S,11.255555555555556,0.4442250740375123,0.5208999374541219,0.4533692739852442,2.6653504442250737,0.0,0.0481053753245735,0.6219151036525172,0.5289619587369168,0.0812162028814997,5000000.0,2026-06-01
Achraf Hakimi,Paris Saint Germain,D F S,15.355555555555556,0.130246020260492,0.1824625858338886,0.1824625858338886,1.7583212735166425,0.130246020260492,0.0949328341528061,1.3675832127351664,0.6431425697211978,0.485920578607947,80000000.0,2026-06-01
Beraldo,Paris Saint Germain,D M S,17.544444444444444,0.1139962001266624,0.0776186891895747,0.0776186891895747,0.7979734008866372,0.0569981000633312,0.0859755096087696,0.7979734008866372,0.6429982678923447,0.6085828414742444,350000.0,2026-05-26
Bradley Barcola,Paris Saint Germain,F S,19.75555555555556,0.5568053993250843,0.5900100769875288,0.5900100769875288,3.340832395950506,0.0506186726659167,0.2421252572169387,1.9235095613048367,1.0465898060452514,0.3848010438512193,70000000.0,2026-06-01
Désiré Doué,Paris Saint Germain,F M S,15.244444444444444,0.4591836734693877,0.5371142339515269,0.4872537659530042,3.607871720116618,0.2623906705539359,0.2527229157452942,1.902332361516035,0.9890934979168388,0.4270861957645799,120000000.0,2026-06-01
Fabián,Paris Saint Germain,M S,12.644444444444444,0.0790861159929701,0.1478861109640037,0.1478861109640037,1.5026362038664325,0.3163444639718805,0.1729593844838794,1.5026362038664325,0.6747305561479031,0.475493618851832,12000000.0,2026-06-04
Gonçalo Ramos,Paris Saint Germain,F S,14.366666666666667,0.4176334106728538,0.6519755182178419,0.5461618041926498,4.037122969837587,0.0696055684454756,0.1067733062591118,1.183294663573086,0.550655469281076,0.2159264007812309,30000000.0,2026-06-01
Ibrahim Mbaye,Paris Saint Germain,F M S,10.811111111111112,0.277492291880781,0.3171490505720581,0.3171490505720581,2.2199383350462485,0.184994861253854,0.2185620456543451,1.8499486125385405,0.7981646048309011,0.2910943509664344,30000000.0,2026-06-01
Illia Zabarnyi,Paris Saint Germain,D S,26.522222222222226,0.0377042312526183,0.0215439357028928,0.0215439357028928,0.1508169250104734,0.0,0.0062105732267253,0.1508169250104734,0.5002265803400422,0.4993872253351447,40000000.0,2026-06-01
João Neves,Paris Saint Germain,M S,14.22222222222222,0.3515625,0.2222310411161742,0.2222310411161742,1.8984375,0.0703125,0.1740439206187147,0.984375,0.6533464722451754,0.498510111530777,140000000.0,2026-06-01
Khvicha Kvaratskhelia,Paris Saint Germain,F S,16.41111111111111,0.4874746106973595,0.4861493200093972,0.439833435951937,3.960731211916046,0.2437373053486797,0.3499461433263186,2.0717670954637777,1.0413053402010055,0.5387912682568454,140000000.0,2026-06-01
Lee Kang-In,Paris Saint Germain,F M S,16.966666666666665,0.1768172888015717,0.1861513903353561,0.1861513903353561,2.180746561886051,0.2357563850687623,0.3893650896949712,3.418467583497053,0.7695021138166046,0.4669463732929385,28000000.0,2026-06-01
Lucas Chevalier,Paris Saint Germain,GK,17.0,0.0,0.0,0.0,0.0,0.0,0.0,0.0,0.2332485765218734,0.2332485765218734,25000000.0,2026-06-01
Lucas Hernández,Paris Saint Germain,D S,19.433333333333334,0.0,0.0329905289415378,0.0329905289415378,0.5660377358490566,0.1543739279588336,0.065881747426545,0.7718696397941681,0.7151656419575521,0.653371818389226,18000000.0,2026-06-01
Marquinhos,Paris Saint Germain,D S,11.555555555555555,0.0,0.0049198512346125,0.0049198512346125,0.2596153846153846,0.0,0.002853301873144,0.173076923076923,0.4611470254245572,0.4582937224230801,28000000.0,2026-06-01
Marquinhos,Paris Saint Germain,D S,11.555555555555555,0.0,0.0049198512346125,0.0049198512346125,0.2596153846153846,0.0,0.002853301873144,0.173076923076923,0.4611470254245572,0.4582937224230801,7000000.0,2026-05-26
Marquinhos,Paris Saint Germain,D S,11.555555555555555,0.0,0.0049198512346125,0.0049198512346125,0.2596153846153846,0.0,0.002853301873144,0.173076923076923,0.4611470254245572,0.4582937224230801,2500000.0,2026-05-26
Matvey Safonov,Paris Saint Germain,GK,15.0,0.0,0.0,0.0,0.0,0.0,0.0065427775184313,0.1333333333333333,0.2041507432858149,0.1976079657673835,30000000.0,2026-06-01
Nuno Mendes,Paris Saint Germain,D F S,13.9,0.2877697841726618,0.2741109762045977,0.2194278740839992,2.158273381294964,0.3597122302158273,0.3636887756665404,2.0863309352517985,0.8376557200396662,0.667017689175743,80000000.0,2026-06-01
Ousmane Dembélé,Paris Saint Germain,F S,11.666666666666666,0.8571428571428572,0.566134424507618,0.3706813873989241,3.857142857142857,0.6,0.4463559789316995,3.5142857142857147,0.8752242635403361,0.3831461702074323,100000000.0,2026-06-01
Senny Mayulu,Paris Saint Germain,D F M S,18.933333333333334,0.2112676056338028,0.254474735923741,0.254474735923741,1.8485915492957743,0.2112676056338028,0.2123416098766029,2.059859154929577,0.6138824457368276,0.2705909892864211,40000000.0,2026-06-01
Vitinha,Paris Saint Germain,M S,23.57777777777778,0.0424128180961357,0.041708626365684,0.041708626365684,1.4420358152686144,0.29688972667295,0.1465485700819567,1.4420358152686144,0.8517153379415195,0.7497582115710455,140000000.0,2026-06-01
Vitinha,Paris Saint Germain,M S,23.57777777777778,0.0424128180961357,0.041708626365684,0.041708626365684,1.4420358152686144,0.29688972667295,0.1465485700819567,1.4420358152686144,0.8517153379415195,0.7497582115710455,8000000.0,2026-05-29
Warren Zaïre-Emery,Paris Saint Germain,D M S,27.33333333333333,0.1097560975609756,0.075714790705228,0.075714790705228,0.6951219512195123,0.1463414634146341,0.1564977873775472,1.5365853658536586,0.7660286641656989,0.6084640097872513,80000000.0,2026-06-01
William Pacho,Paris Saint Germain,D S,21.22222222222222,0.0,0.0193966277801865,0.0193966277801865,0.3769633507853403,0.0,0.0040723414243203,0.094240837696335,0.6231320610669739,0.6190597192915791,80000000.0,2026-06-01
Abdelhamid Aït Boudlal,Rennes,D S,15.511111111111113,0.1289398280802292,0.117400602062625,0.117400602062625,0.83810888252149,0.0644699140401146,0.0342635332171759,0.0644699140401146,0.2872875879950993,0.2851046818071032,12000000.0,2026-06-01
Alidu Seidu,Rennes,D S,13.266666666666667,0.0,0.0074338569216916,0.0074338569216916,0.3768844221105527,0.0753768844221105,0.0875361835883565,0.6030150753768844,0.4272837762547722,0.4190565203901511,6000000.0,2026-06-01
Anthony Rouault,Rennes,D S,19.14444444444445,0.0522344747533372,0.1344240442549704,0.1344240442549704,0.4701102727800348,0.0,0.0087501316099442,0.3134068485200232,0.3321081058522745,0.3031538152073748,12000000.0,2026-06-01
Breel Embolo,Rennes,F S,20.77777777777778,0.4331550802139037,0.4348613546593463,0.4348613546593463,1.9732620320855612,0.1443850267379679,0.070546150840022,0.7219251336898396,0.5687522786086734,0.1836187496363001,15000000.0,2026-06-01
Brice Samba,Rennes,GK,32.0,0.0,0.0,0.0,0.0,0.0,0.001793116738554,0.0625,0.1990132263163104,0.1979029832873493,7000000.0,2026-06-01
Djaoui Cissé,Rennes,M S,10.72222222222222,0.0,0.0714696176504533,0.0714696176504533,2.238341968911917,0.0,0.0782347293522382,1.212435233160622,0.4139338016625822,0.3212444321710829,10000000.0,2026-06-01
Jérémy Jacquet,Rennes,D,18.64444444444445,0.0,0.0422827089571697,0.0422827089571697,0.5899880810488677,0.0,0.0306190297460456,0.4290822407628128,0.3759877670542986,0.366049247157801,55000000.0,2026-06-01
Lilian Brassier,Rennes,D S,25.03333333333333,0.0,0.0357412563862599,0.0357412563862599,0.4394141145139813,0.0399467376830892,0.0362705660564762,0.5193075898801598,0.3226596260872407,0.3085725476714805,12000000.0,2026-06-01
Ludovic Blas,Rennes,D F M S,16.9,0.2958579881656805,0.280725188586398,0.1907731016778205,2.781065088757397,0.2366863905325444,0.4129635163489178,2.840236686390533,0.7758011538314926,0.3882939691418374,10000000.0,2026-06-01
Mahdi Camara,Rennes,D M S,29.666666666666668,0.1011235955056179,0.0890290415270275,0.0890290415270275,0.9775280898876404,0.0337078651685393,0.0737373332043042,0.7752808988764045,0.4195240682221196,0.290788563868303,12000000.0,2026-06-01
Mousa Al Tamari,Rennes,D F M S,25.166666666666668,0.23841059602649,0.1711399625148007,0.1711399625148007,2.5430463576158937,0.23841059602649,0.1733589945916111,1.3509933774834435,0.5363804450789035,0.2288662239119706,10000000.0,2026-06-01
Przemyslaw Frankowski,Rennes,D M S,13.666666666666666,0.073170731707317,0.0247068864906706,0.0247068864906706,0.6585365853658537,0.1463414634146341,0.1915912476209242,2.1219512195121952,0.4468424657541441,0.3936319282596431,6000000.0,2026-06-01
Quentin Merlin,Rennes,D M S,28.155555555555555,0.0355169692186266,0.0655938716474464,0.0655938716474464,0.9234411996842936,0.1775848460931333,0.1595850129506676,1.669297553275454,0.4263177819567679,0.3100497648487457,15000000.0,2026-06-01
Valentin Rongier,Rennes,M,30.55555555555556,0.0654545454545454,0.0256165974282405,0.0256165974282405,0.72,0.1636363636363636,0.1437169599363749,1.44,0.5001982423798604,0.4252771577442234,8000000.0,2026-06-01
Andrew Omobamidele,Strasbourg,D S,14.844444444444443,0.0673652694610778,0.0629122443092864,0.0629122443092864,0.2694610778443114,0.0,0.0,0.0,0.4458968076732255,0.4458968076732255,8000000.0,2026-06-01
Ben Chilwell,Strasbourg,D M S,17.92222222222222,0.0,0.0162299351289785,0.0162299351289785,0.2789832610043398,0.1115933044017359,0.0791804671694016,0.3905765654060756,0.4166320778697415,0.3494964045185483,10000000.0,2026-06-01
Diego Moreira,Strasbourg,D M S,22.92222222222222,0.174503150751333,0.0969688368801405,0.0969688368801405,1.2651478429471643,0.3053805138148328,0.3027724018803483,1.6141541444498304,0.6191005055321778,0.3831680140616503,25000000.0,2026-06-01
Guela Doué,Strasbourg,D M S,22.944444444444443,0.0871670702179176,0.08004215322931,0.08004215322931,0.5230024213075061,0.261501210653753,0.1194454222989717,0.828087167070218,0.4369299847804028,0.3333283790881062,20000000.0,2026-06-01
Guemissongui Ouattara,Strasbourg,D M S,19.58888888888889,0.1020986954055587,0.143823871865522,0.143823871865522,1.3783323879750426,0.0,0.0911250840016744,0.3062960862166761,0.4524058110957043,0.3209037662093367,200000.0,2026-05-28
Ismaël Doukouré,Strasbourg,D M,23.22222222222222,0.0,0.0224201493366269,0.0224201493366269,0.3014354066985646,0.0861244019138756,0.0316075840430182,0.2583732057416268,0.3513669897423406,0.3439313878782058,20000000.0,2026-06-01
Joaquín Panichelli,Strasbourg,F M S,24.466666666666665,0.6539509536784741,0.6014710352616512,0.4150716841159952,2.370572207084469,0.0408719346049046,0.1206733662716293,0.8583106267029973,0.5985948816449344,0.1583284061473137,35000000.0,2026-06-01
Julio Enciso,Strasbourg,F M S,21.31111111111111,0.140771637122002,0.360151717091626,0.3244851056459176,2.862356621480709,0.2815432742440041,0.2073076807692787,1.2200208550573517,0.7424078550873416,0.2809022537338411,25000000.0,2026-06-01
Lucas Høgsberg,Strasbourg,D S,20.05555555555556,0.0,0.0107812446405352,0.0107812446405352,0.1994459833795013,0.0,0.0,0.0,0.2788196409384299,0.2788196409384299,18000000.0,2026-06-01
Mamadou Sarr,Strasbourg,D,14.511111111111113,0.0,0.0034262165199012,0.0034262165199012,0.0689127105666156,0.0,0.002776672678556,0.0689127105666156,0.3274098977554949,0.3246332261038182,22000000.0,2026-06-03
Martial Godo,Strasbourg,M S,17.8,0.5617977528089887,0.4838773876093746,0.4838773876093746,2.303370786516854,0.0561797752808988,0.1269295307273945,1.2359550561797752,0.8588814691462543,0.2848803122224432,22000000.0,2026-06-01
Mike Penders,Strasbourg,GK,33.0,0.0,0.0,0.0,0.0,0.0,0.0,0.0,0.192504018206488,0.192504018206488,25000000.0,2026-06-01
Samir El Mourabet,Strasbourg,M S,23.83333333333333,0.0419580419580419,0.0155981614065545,0.0155981614065545,0.5034965034965035,0.0839160839160839,0.11370699919135,1.1748251748251748,0.4118481774430175,0.3042721754083267,22000000.0,2026-06-01
Samuel Amo-Ameyaw,Strasbourg,D M S,11.22222222222222,0.1782178217821782,0.1055521534221007,0.1055521534221007,1.5148514851485149,0.1782178217821782,0.1095831329002976,1.1584158415841586,0.4398013746531883,0.2913988223022754,8000000.0,2026-06-01
Sebastian Nanasi,Strasbourg,M S,11.544444444444444,0.6063522617901829,0.4132985822046113,0.4132985822046113,1.645813282001925,0.1732435033686236,0.2115780203867635,1.4725697786333012,0.745232867989492,0.1874362981382531,15000000.0,2026-06-01
Valentín Barco,Strasbourg,M S,24.3,0.0823045267489712,0.1353836428266739,0.1353836428266739,1.1111111111111112,0.1646090534979424,0.2179117336746596,1.5637860082304529,0.7026044661064207,0.4508241197791855,40000000.0,2026-06-01
Alexis Vossah,Toulouse,M S,12.188888888888888,0.0820419325432999,0.0367204899540546,0.0367204899540546,0.7383773928896992,0.0820419325432999,0.0568901037045142,0.5742935278030994,0.2221360963615593,0.1680380823863237,15000000.0,2026-06-01
Aron Dønnum,Toulouse,D F M,27.08888888888889,0.1476620180475799,0.1699545471130628,0.0857766617129238,1.4766201804758,0.1476620180475799,0.2321641075549383,2.3256767842493846,0.4143345518797098,0.2199084868263437,5000000.0,2026-06-01
Charlie Cresswell,Toulouse,D S,28.18888888888889,0.1064249113125739,0.1583292864991376,0.1583292864991376,1.3480488766259362,0.0709499408750492,0.0424878493356667,0.3902246748127709,0.2196067649170691,0.1510353279944287,25000000.0,2026-06-01
Cristian Cásseres Jr.,Toulouse,M S,28.844444444444445,0.0693374422187981,0.05906589735351,0.0327143700899576,0.901386748844376,0.1040061633281972,0.1089529040842123,1.2827426810477658,0.3140715600632832,0.2444262431793844,9000000.0,2026-06-01
Dayann Methalie,Toulouse,D S,22.177777777777777,0.0901803607214428,0.0665747240383573,0.0665747240383573,0.6763527054108217,0.0450901803607214,0.0919024601862402,0.4959919839679358,0.2707753721475303,0.145687095733184,18000000.0,2026-06-01
Djibril Sidibe,Toulouse,D S,25.1,0.1195219123505976,0.1201061767885884,0.0595408286231447,0.3187250996015936,0.1593625498007968,0.0785911574855862,0.597609561752988,0.2281028553249826,0.1816766392959066,1000000.0,2026-06-01
Emersonn,Toulouse,F S,17.855555555555554,0.3920348475420037,0.4152789679845632,0.4152789679845632,2.856253889234599,0.1120099564405725,0.1052231093093187,1.0640945861854387,0.4575103831401543,0.0833679733400342,8000000.0,2026-06-01
Frank Magri,Toulouse,F M S,14.411111111111111,0.3469545104086353,0.2911853076245294,0.2384416205821445,2.289899768696993,0.069390902081727,0.0581705893491127,0.9714726291441788,0.2416666832651279,0.0748774012063867,3000000.0,2026-06-01
Guillaume Restes,Toulouse,GK,33.7,0.0,0.0,0.0,0.0,0.0,0.0018164618300047,0.029673590504451,0.087569383102903,0.087569383102903,18000000.0,2026-06-01
Mark McKenzie,Toulouse,D S,27.744444444444444,0.0,0.0093486377112283,0.0093486377112283,0.2162595114136964,0.0720865038045654,0.0828826822292747,0.6127352823388066,0.2623607511872714,0.2087928382191221,7000000.0,2026-06-01
Pape Diop,Toulouse,M S,14.188888888888888,0.0704776820673453,0.1079861569884193,0.1079861569884193,2.043852779953015,0.1409553641346906,0.1207246909249127,1.409553641346907,0.2904277278318966,0.1923298386064888,1000000.0,2025-12-11
Rasmus Nicolaisen,Toulouse,D S,29.68888888888889,0.0336826347305389,0.0297154168755897,0.0297154168755897,0.5052395209580838,0.0,0.0032878803189643,0.0673652694610778,0.1558625157560015,0.1485787979940588,5000000.0,2026-06-01
Santiago Hidalgo,Toulouse,F M S,15.411111111111111,0.2595529920692141,0.2790865720274557,0.2790865720274557,2.20620043258832,0.3893294881038212,0.1766788274004099,0.8435472242249459,0.4515116997788342,0.1358915789411406,6000000.0,2026-06-01
Yann Gboho,Toulouse,F M S,30.1,0.2657807308970099,0.187576084685484,0.187576084685484,1.9269102990033224,0.1328903654485049,0.137792940180365,1.893687707641196,0.4395658279648453,0.1704112444060585,18000000.0,2026-06-01
Alexis Claude Maurice,Augsburg,F M S,23.72222222222222,0.2107728337236534,0.267219144554342,0.2033316476021913,2.9929742388758784,0.1686182669789227,0.1355552244364377,1.3489461358313817,0.4581938597005061,0.2247908842516517,15000000.0,2026-05-27
Anton Kade,Augsburg,D F M S,19.33333333333333,0.3103448275862069,0.3471875701677697,0.3471875701677697,2.4827586206896552,0.0,0.1600447524467419,1.293103448275862,0.5646535733650471,0.0953231158762656,10000000.0,2026-05-27
Arthur Chaves,Augsburg,D S,11.8,0.1694915254237288,0.0887089244768781,0.0887089244768781,0.423728813559322,0.0,0.019696189516808,0.3389830508474576,0.1637439906470856,0.1429202527565471,5000000.0,2026-05-27
Chrislain Matsima,Augsburg,D S,16.6,0.0602409638554216,0.0340485222727419,0.0340485222727419,0.4216867469879518,0.0602409638554216,0.0352099604051874,0.2409638554216867,0.1353978532287909,0.1297295323000794,22000000.0,2026-05-27
Cédric Zesiger,Augsburg,D S,19.977777777777774,0.0,0.0875993357770335,0.0875993357770335,0.6006674082313682,0.0,0.0278245140223435,0.4505005561735261,0.2216867789899613,0.1987354965254797,5000000.0,2026-05-27
Dimitris Giannoulis,Augsburg,D S,21.744444444444444,0.0919775166070516,0.0446894685711614,0.0446894685711614,0.459887583035258,0.229943791517629,0.1776306710634752,1.5176290240163517,0.2955649503091265,0.1409098397184679,3000000.0,2026-05-27
Elvis Rexhbecaj,Augsburg,D M S,12.2,0.1639344262295082,0.0441977552703169,0.0441977552703169,0.9016393442622952,0.0,0.0579449563424606,0.7377049180327869,0.2112733830743637,0.1170888089681746,3500000.0,2026-05-27
Fabian Rieder,Augsburg,D F M S,26.522222222222226,0.22622538751571,0.1570933072733726,0.0999505344971821,1.4327607875994972,0.113112693757855,0.202662861528703,1.6589861751152073,0.4385592301064422,0.2447473554617199,12000000.0,2026-05-27
Finn Dahmen,Augsburg,GK,34.0,0.0,0.0195114752825568,0.0195114752825568,0.0294117647058823,0.0,0.0087334342191324,0.1176470588235294,0.1307793295230059,0.1220458943725508,12000000.0,2026-05-27
Han-Noah Massengo,Augsburg,M S,27.27777777777778,0.0733197556008146,0.0634813990724669,0.0634813990724669,0.7331975560081466,0.0366598778004073,0.0599603814598317,0.6232179226069247,0.327521681762822,0.213292152228217,8000000.0,2026-05-27
Keven Schlotterbeck,Augsburg,D S,22.5,0.0,0.0577862443195449,0.0241072808702786,0.5333333333333333,0.0444444444444444,0.0457364653547604,0.5333333333333333,0.2361877817246649,0.2172461050252119,6000000.0,2026-05-27
Kristijan Jakic,Augsburg,D M S,18.38888888888889,0.1087613293051359,0.0783288391008748,0.0783288391008748,0.9788519637462236,0.0543806646525679,0.0739991967974292,0.7069486404833837,0.236726581560746,0.1722270459713262,6000000.0,2026-05-27
Marius Wolf,Augsburg,D F M S,11.133333333333333,0.0898203592814371,0.1539876374756237,0.1539876374756237,1.25748502994012,0.0898203592814371,0.3315682081271431,1.88622754491018,0.3917170588127867,0.1260676163856587,2500000.0,2026-05-27
Mert Kömür,Augsburg,F M S,16.166666666666668,0.1237113402061855,0.2873507927066271,0.2873507927066271,2.536082474226804,0.2474226804123711,0.1711429331413249,1.2989690721649485,0.4361561887043038,0.1089359431421941,12000000.0,2026-05-27
Michael Gregoritsch,Augsburg,F S,10.28888888888889,0.5831533477321814,0.6040935839685263,0.5304435829050661,2.8185745140388767,0.1943844492440604,0.1475837652130981,0.6803455723542116,0.6750256446699087,0.2141004174617853,1500000.0,2026-05-27
Noahkai Banks,Augsburg,D S,19.4,0.0515463917525773,0.0634466184149544,0.0634466184149544,0.4639175257731959,0.0515463917525773,0.0477274360864893,0.3608247422680413,0.2436093452684197,0.1910469856727676,20000000.0,2026-05-27
Phillip Tietz,Augsburg,F S,20.122222222222224,0.2981778023191607,0.5764064689443,0.538747768585834,2.5345113197128657,0.0993926007730535,0.0954738950222105,0.9442297073440088,0.7532137652528937,0.2079098593610251,4000000.0,2026-05-27
Robin Fellhauer,Augsburg,D M S,31.433333333333334,0.0954400848356309,0.0824529429441386,0.0824529429441386,0.9225874867444328,0.0636267232237539,0.068152771743206,0.9862142099681868,0.2755599269052831,0.1458903007833474,3500000.0,2026-05-27
Aleix García,Bayer Leverkusen,M S,30.08888888888889,0.0997045790251107,0.082379108593363,0.082379108593363,0.9970457902511078,0.2326440177252585,0.201600825281998,1.6285081240768096,0.711119752566425,0.6156669495155432,20000000.0,2026-05-27
Arthur,Bayer Leverkusen,D S,12.555555555555555,0.079646017699115,0.0947096505597959,0.0947096505597959,0.7964601769911505,0.2389380530973451,0.0955523974797894,1.1946902654867255,0.5159851682034478,0.4156869318072511,8000000.0,2026-05-27
Christian Kofane,Bayer Leverkusen,F M S,13.677777777777775,0.3655564581640942,0.5882806193831004,0.5882806193831004,3.3631194151096677,0.2924451665312754,0.163954481721578,1.2428919577579205,0.817698652089659,0.1366514499525439,40000000.0,2026-05-27
Edmond Tapsoba,Bayer Leverkusen,D,28.655555555555555,0.1744862349747964,0.1479444848413255,0.1479444848413255,1.0120201628538192,0.1046917409848778,0.0596222650518293,0.3838697169445522,0.5723560356779495,0.5227976624419485,35000000.0,2026-05-27
Ernest Poku,Bayer Leverkusen,D M S,16.344444444444445,0.3059143439836845,0.228050242043287,0.228050242043287,1.6519374575118966,0.3059143439836845,0.193247301649634,1.6519374575118966,0.6577303453287163,0.2678405543134619,25000000.0,2026-05-27
Exequiel Palacios,Bayer Leverkusen,M S,11.988888888888887,0.0,0.0366236834913713,0.0366236834913713,0.8341056533827618,0.0834105653382761,0.1097661370896597,1.0843373493975903,0.6415099465737915,0.5920703924046113,25000000.0,2026-05-27
Ezequiél Fernández,Bayer Leverkusen,M S,11.21111111111111,0.0,0.0477027048691885,0.0477027048691885,0.981169474727453,0.089197224975223,0.0709256705919389,0.713577799801784,0.7091910011025202,0.6566778392640817,20000000.0,2026-05-27
Ibrahim Maza,Bayer Leverkusen,M S,20.5,0.1463414634146341,0.2933990443806822,0.2933990443806822,2.5853658536585367,0.1951219512195122,0.2141733357637393,1.3658536585365857,0.8744729495630031,0.4731512378628661,45000000.0,2026-05-27
Janis Blaswich,Bayer Leverkusen,GK S,10.311111111111112,0.0,0.0,0.0,0.0,0.0,0.009523281377965,0.1939655172413793,0.1542936483446251,0.1447703669666601,700000.0,2026-05-27
Jarell Quansah,Bayer Leverkusen,D S,25.58888888888889,0.1172383847155883,0.1394331358499336,0.1394331358499336,0.7034303082935301,0.0,0.0352298564597466,0.4298740772904906,0.4802844919024914,0.3841695967209221,45000000.0,2026-05-27
Jeanuël Belocian,Bayer Leverkusen,D S,17.144444444444446,0.0,0.0246648155563231,0.0246648155563231,0.2333117303953337,0.0583279325988334,0.0271138699021497,0.2333117303953337,0.2416601856990596,0.196682104957969,12000000.0,2026-05-27
Jonas Hofmann,Bayer Leverkusen,D M S,11.077777777777778,0.1805416248746238,0.1975591567231934,0.1975591567231934,2.0762286860581747,0.1805416248746238,0.2487220231410015,1.444332998996991,0.8838130107360594,0.5229228586817876,1500000.0,2026-05-27
Loic Bade,Bayer Leverkusen,D S,18.38888888888889,0.0,0.0680083073731905,0.0680083073731905,0.6525679758308157,0.0,0.0074968904797044,0.1087613293051359,0.5472918295067963,0.5386982311655027,20000000.0,2026-05-27
Malik Tillman,Bayer Leverkusen,M S,18.677777777777777,0.3212373587150506,0.2742525481312562,0.2742525481312562,1.82034503271862,0.0535395597858417,0.1929997841138913,1.4455681142177277,0.6735913377479029,0.2708287650673854,30000000.0,2026-05-27
Mark Flekken,Bayer Leverkusen,GK,23.68888888888889,0.0,0.0,0.0,0.0,0.0,0.0030422339296251,0.0422138836772983,0.2144635636901123,0.2114213297604871,6000000.0,2026-05-27
Patrik Schick,Bayer Leverkusen,F M S,22.27777777777778,0.7182044887780549,0.8717803147777058,0.7017057467242725,3.2319201995012468,0.1346633416458852,0.1432835478010468,0.6284289276807979,0.846022483528106,0.166545258361168,18000000.0,2026-05-27
Robert Andrich,Bayer Leverkusen,D M S,28.33333333333333,0.0705882352941176,0.0286234975189847,0.0286234975189847,0.4235294117647059,0.0,0.0189911092576735,0.4235294117647059,0.5228670364245772,0.509200603503953,6000000.0,2026-05-27
Álex Grimaldo,Bayer Leverkusen,D,28.211111111111112,0.2835762111067349,0.2396711967107863,0.1590884102170229,2.1622686096888537,0.248129184718393,0.3630150369082017,2.4458448207955885,0.6802570294587337,0.4832036069448701,400000.0,2026-05-26
Aleksandar Pavlovic,Bayern Munich,M S,16.122222222222224,0.186078566505858,0.0960955721583553,0.0960955721583553,0.62026188835286,0.062026188835286,0.121076818565863,1.302549965541006,0.8967801086928087,0.7753976399552649,90000000.0,2026-05-27
Dayotchanculle Upamecano,Bayern Munich,D S,20.05555555555556,0.0498614958448753,0.0414024888230823,0.0414024888230823,0.3988919667590027,0.0498614958448753,0.0717217326164245,0.5484764542936288,0.7130937087981655,0.6887028475712541,70000000.0,2026-05-27
Harry Kane,Bayern Munich,F M S,26.5,1.3584905660377358,1.1162258747543363,0.8016770536536878,4.490566037735849,0.1886792452830188,0.2793709202054537,1.509433962264151,1.293946385945914,0.3991460202718681,60000000.0,2026-05-27
Hiroki Ito,Bayern Munich,D S,10.2,0.0980392156862745,0.1467298314559693,0.1467298314559693,0.9803921568627452,0.196078431372549,0.1076549136390288,0.5882352941176471,0.5792167125379338,0.5003965543765648,18000000.0,2026-05-27
Jonas Urbig,Bayern Munich,GK S,12.22222222222222,0.0,0.0,0.0,0.0,0.0,0.0084312942217696,0.0818181818181818,0.4356226348741488,0.4356226348741488,18000000.0,2026-05-27
Jonathan Tah,Bayern Munich,D S,22.566666666666663,0.0886262924667651,0.0294153524791076,0.0294153524791076,0.3545051698670605,0.0443131462333825,0.0260667670160488,0.2215657311669128,0.5196713716716147,0.502138853601374,28000000.0,2026-05-27
Joshua Kimmich,Bayern Munich,M S,25.2,0.0793650793650793,0.0938334770589357,0.0938334770589357,1.1111111111111112,0.3174603174603174,0.3003765745384116,2.2222222222222223,1.1025985046511606,0.8692709392025357,35000000.0,2026-05-27
Josip Stanisic,Bayern Munich,D S,20.466666666666665,0.0977198697068403,0.0718001743432753,0.0718001743432753,0.3420195439739414,0.1465798045602606,0.1779974425812206,1.1726384364820848,0.8523331363215219,0.7570830951308293,40000000.0,2026-05-27
Kim Min-Jae,Bayern Munich,D S,18.011111111111113,0.0555212831585441,0.0403014000075456,0.0403014000075456,0.2776064157927205,0.0555212831585441,0.0263361391518896,0.2220851326341764,0.8201927910481317,0.7976145185599129,20000000.0,2026-05-27
Konrad Laimer,Bayern Munich,D M S,22.18888888888889,0.1352028042063094,0.1274038143418673,0.1274038143418673,0.7661492238357536,0.4056084126189284,0.2248733310037305,1.9379068602904357,0.9248252204047124,0.6648253244671991,32000000.0,2026-05-27
Lennart Karl,Bayern Munich,M S,14.088888888888889,0.3548895899053628,0.5054596371872333,0.5054596371872333,2.9810725552050474,0.3548895899053628,0.198084491551839,1.6324921135646688,1.2581023282873849,0.6462427797177894,60000000.0,2026-05-27
Leon Goretzka,Bayern Munich,M S,22.266666666666666,0.2245508982035928,0.2193670966355743,0.2193670966355743,1.5718562874251498,0.1347305389221557,0.1053992744038874,0.94311377245509,0.7424317246224887,0.6303595079382335,12000000.0,2026-05-27
Luis Díaz,Bayern Munich,M S,27.377777777777776,0.5478896103896104,0.5427751156755469,0.5427751156755469,3.2142857142857144,0.5113636363636364,0.3697423474461009,2.374188311688312,1.3347126675660832,0.5573633612910673,70000000.0,2026-05-27
Luis Díaz,Bayern Munich,M S,27.377777777777776,0.5478896103896104,0.5427751156755469,0.5427751156755469,3.2142857142857144,0.5113636363636364,0.3697423474461009,2.374188311688312,1.3347126675660832,0.5573633612910673,550000.0,2026-05-12
Manuel Neuer,Bayern Munich,GK,20.77777777777778,0.0,0.0,0.0,0.0,0.0,0.0,0.0,0.3435009872331658,0.3435009872331658,4000000.0,2026-05-27
Michael Olise,Bayern Munich,M S,25.64444444444445,0.5849220103986135,0.4502226482266543,0.4502226482266543,3.977469670710572,0.7409012131715771,0.6646353110228785,3.080589254766031,1.5211341661793314,0.661858921157167,150000000.0,2026-05-27
Nicolas Jackson,Bayern Munich,F M S,11.011111111111113,0.7265388496468214,0.7712211364581354,0.7712211364581354,3.451059535822401,0.0908173562058526,0.1897749970324044,1.5438950554994957,1.1837642895495737,0.2900630745127061,40000000.0,2026-05-27
Serge Gnabry,Bayern Munich,F M S,14.22222222222222,0.5625,0.4404737377481069,0.4404737377481069,3.515625,0.421875,0.3621575561046484,1.546875,1.145267036394216,0.5723762968409574,18000000.0,2026-05-27
Tom Bischof,Bayern Munich,D M S,14.244444444444444,0.2106084243369735,0.1390973559628689,0.1390973559628689,2.106084243369735,0.2106084243369735,0.2002244085282692,1.684867394695788,0.7925868876766584,0.562942911218416,40000000.0,2026-05-27
Daniel Svensson,Borussia Dortmund,D M S,27.266666666666666,0.0733496332518337,0.1074572377052604,0.1074572377052604,0.4400977995110025,0.0733496332518337,0.1576173064369517,1.2836185819070904,0.3907154431033761,0.232748568472441,22000000.0,2026-05-27
Felix Nmecha,Borussia Dortmund,M S,24.53333333333333,0.0815217391304347,0.1371224374641947,0.1062347987190941,1.3451086956521738,0.1222826086956521,0.0743300674999456,0.8152173913043478,0.4907791347890768,0.370586967429794,50000000.0,2026-05-27
Gregor Kobel,Borussia Dortmund,GK,34.0,0.0,0.0,0.0,0.0,0.0,0.0,0.0,0.1691564150045023,0.1691564150045023,40000000.0,2026-05-27
Jobe Bellingham,Borussia Dortmund,M S,19.766666666666666,0.0,0.0500507733170539,0.0500507733170539,0.9612141652613828,0.0505902192242833,0.0390734992494169,0.4553119730185497,0.48575132224602,0.4286028500049553,40000000.0,2026-05-27
Julian Brandt,Borussia Dortmund,F M S,17.788888888888888,0.3935040599625234,0.2869346644671204,0.2869346644671204,2.136164896939413,0.2248594628357277,0.2975971832857476,1.6864459712679576,0.7658927669303072,0.3211018408670193,15000000.0,2026-05-27
Julian Ryerson,Borussia Dortmund,D S,25.42222222222222,0.0,0.0427346715094664,0.0427346715094664,0.472027972027972,0.5900349650349651,0.4270781593566592,2.242132867132867,0.5243284335291547,0.3648309163680834,25000000.0,2026-05-27
Karim Adeyemi,Borussia Dortmund,F M S,13.533333333333331,0.5172413793103449,0.3853611567337525,0.3853611567337525,2.29064039408867,0.2955665024630542,0.2555245127565608,1.1822660098522169,0.8822915071777523,0.3026015180268604,40000000.0,2026-05-27
Marcel Sabitzer,Borussia Dortmund,M S,20.38888888888889,0.0490463215258855,0.0563818386854852,0.0563818386854852,0.9809264305177112,0.0980926430517711,0.1098667553318943,0.7356948228882834,0.4380539038931641,0.3106391711886312,6000000.0,2026-05-27
Maximilian Beier,Borussia Dortmund,D F M S,22.988888888888887,0.3914934751087482,0.3588067291150524,0.3588067291150524,2.1749637506041566,0.2609956500724988,0.215579624372859,1.0874818753020783,0.6978680972782324,0.2217897622535026,40000000.0,2026-05-27
Nico Schlotterbeck,Borussia Dortmund,D,28.0,0.1785714285714285,0.1358451040661228,0.1358451040661228,1.1428571428571428,0.0357142857142857,0.0378606924787163,0.4285714285714285,0.4143496829617236,0.3796823507041803,55000000.0,2026-05-27
Ramy Bensebaini,Borussia Dortmund,D S,16.933333333333334,0.2952755905511811,0.1923853558429524,0.1028841734482488,1.0039370078740155,0.1181102362204724,0.0425570160077195,0.6496062992125984,0.4067261640246459,0.3830107017676896,7000000.0,2026-05-27
Serhou Guirassy,Borussia Dortmund,F S,26.288888888888888,0.6466610312764159,0.7573991370744002,0.6709241992238962,3.195266272189349,0.0380388841927303,0.0733996412794744,0.760777683854607,0.728925049906425,0.1590483392953293,32000000.0,2026-05-27
Waldemar Anton,Borussia Dortmund,D,32.0,0.0625,0.0577168343588709,0.0577168343588709,0.5,0.0,0.01398807685473,0.25,0.4113314364221878,0.3958577681914903,18000000.0,2026-05-27
Yan Couto,Borussia Dortmund,D M S,10.988888888888887,0.1820020222446916,0.0876641932675281,0.0876641932675281,0.8190091001011123,0.1820020222446916,0.2593320313204528,1.5470171890798787,0.6267211402044137,0.3997472075875415,17000000.0,2026-05-27
Florian Neuhaus,Borussia M.Gladbach,F M S,10.5,0.0,0.1326097468623802,0.1326097468623802,2.095238095238096,0.0952380952380952,0.095487389536131,0.8571428571428571,0.4619631550851322,0.3228346581260363,2500000.0,2026-05-27
Franck Honorat,Borussia M.Gladbach,D F M S,22.45555555555556,0.0890648193963384,0.039823783975406,0.039823783975406,0.7570509648688768,0.2671944581890153,0.3269451822604448,2.003958436417615,0.406591376342259,0.1389846409947963,7000000.0,2026-05-27
Haris Tabakovic,Borussia M.Gladbach,F S,26.933333333333334,0.4826732673267326,0.5324009866315391,0.4761304390515283,2.4876237623762374,0.0742574257425742,0.0699224261022956,0.594059405940594,0.4734856114575252,0.105498409115405,3500000.0,2026-05-27
Jens Castrop,Borussia M.Gladbach,D F M S,17.92222222222222,0.1673899566026038,0.2399939719428206,0.2399939719428206,1.6738995660260385,0.0557966522008679,0.0784294419937524,1.004339739615623,0.4826214779988255,0.2280239254739701,10000000.0,2026-05-27
Joe Scally,Borussia M.Gladbach,D M S,29.05555555555556,0.0688336520076481,0.0929292575571949,0.0929292575571949,0.5850860420650096,0.1032504780114722,0.0556878145164444,0.6195028680688336,0.3317957199134118,0.2399325401132238,7000000.0,2026-05-27
Kevin Diks,Borussia M.Gladbach,D S,27.466666666666665,0.1820388349514563,0.1523466451880205,0.0419908159783164,0.8373786407766991,0.0,0.0256361184614592,0.2912621359223301,0.306380689279764,0.2714274530027749,5000000.0,2026-05-27
Kevin Stöger,Borussia M.Gladbach,M S,14.688888888888888,0.0680786686838124,0.1398592740128242,0.0882708466415957,1.5658093797276853,0.0680786686838124,0.1396248795433074,1.8381240544629351,0.4629588367927498,0.3545642619087458,1800000.0,2026-05-27
Luca Netz,Borussia M.Gladbach,D S,10.411111111111111,0.0,0.0036856428727014,0.0036856428727014,0.192102454642476,0.192102454642476,0.2336296633983244,0.96051227321238,0.3652346545975484,0.3174835072061009,8000000.0,2026-06-03
Lukas Ullrich,Borussia M.Gladbach,D M S,14.455555555555556,0.0,0.052339509559035,0.052339509559035,0.6917755572636434,0.0,0.0626905386455694,0.9684857801691008,0.3864034039643432,0.2979076418919713,6000000.0,2026-05-27
Moritz Nicolas,Borussia M.Gladbach,GK,34.0,0.0,0.0,0.0,0.0,0.0,0.010235898744534,0.0588235294117647,0.1408509985708138,0.1306150999358471,8000000.0,2026-05-27
Nico Elvedi,Borussia M.Gladbach,D,32.977777777777774,0.0,0.0115608759858266,0.0115608759858266,0.272911051212938,0.0606469002695417,0.0413046145216735,0.3942048517520216,0.2677319065110402,0.238361715312766,8000000.0,2026-05-27
Philipp Sander,Borussia M.Gladbach,D M S,27.5,0.0727272727272727,0.050112000209364,0.050112000209364,0.9090909090909092,0.0,0.029630109058185,0.4,0.3656653008677742,0.3265488391572779,4000000.0,2026-05-27
Rocco Reitz,Borussia M.Gladbach,M,29.655555555555555,0.0,0.0894064443906836,0.0894064443906836,1.5848632446609217,0.1348819782690146,0.1346384826628857,0.9441738478831024,0.4448187701353847,0.2733326933541048,20000000.0,2026-05-27
Shuto Machino,Borussia M.Gladbach,F M S,11.622222222222222,0.2581261950286806,0.3284212317581272,0.3284212317581272,2.1510516252390057,0.0860420650095602,0.0932072137747793,1.2045889101338432,0.5177222337862245,0.1279709084461626,4000000.0,2026-05-27
Yannick Engelhardt,Borussia M.Gladbach,M S,27.844444444444445,0.071827613727055,0.0867564119183044,0.0867564119183044,0.7541899441340782,0.071827613727055,0.038731682165589,0.538707102952913,0.3162821126226202,0.2398893337976261,7000000.0,2026-05-27
Ansgar Knauff,Eintracht Frankfurt,D F M S,14.466666666666669,0.2764976958525346,0.2558085964863888,0.2558085964863888,2.350230414746544,0.0691244239631336,0.2010507309972415,1.1751152073732718,0.6511647631049431,0.2709716427985424,15000000.0,2026-05-27
Arnaud Kalimuendo Muinga,Eintracht Frankfurt,F M S,15.9,0.3773584905660377,0.3069142322495298,0.3069142322495298,1.8867924528301887,0.0628930817610062,0.1004714731993915,1.3836477987421385,0.4731668651385127,0.129105740068656,25000000.0,2026-05-27
Arthur Theate,Eintracht Frankfurt,D,23.855555555555554,0.0419189566837447,0.0596814912287965,0.0596814912287965,0.6707033069399162,0.0,0.0220772873091458,0.4611085235211923,0.4040833609807641,0.3626922960122019,17000000.0,2026-05-27
Aurèle Amenda,Eintracht Frankfurt,D S,18.488888888888887,0.0,0.0545785438869363,0.0545785438869363,0.5408653846153847,0.0,0.0181784523794284,0.3245192307692308,0.3090850390771475,0.2983604020286853,10000000.0,2026-05-27
Can Uzun,Eintracht Frankfurt,M S,13.088888888888889,0.6112054329371817,0.3472256900644616,0.2893310361375782,3.132427843803056,0.3056027164685908,0.2010923216565305,1.4516129032258065,0.6522512279691235,0.2338662909593667,45000000.0,2026-05-27
Ellyes Skhiri,Eintracht Frankfurt,D M S,15.988888888888887,0.0,0.0478085569514426,0.0478085569514426,0.5003474635163307,0.0,0.0191786764493785,0.4378040305767894,0.3850578793464972,0.3474706455759699,5000000.0,2026-05-27
Farès Chaïbi,Eintracht Frankfurt,D F M S,20.244444444444444,0.0987925356750823,0.1741009018548512,0.1741009018548512,1.7288693743139407,0.4445664105378705,0.2487123181223542,1.9758507135016463,0.547517957503199,0.2833874229214979,15000000.0,2026-05-27
Hugo Larsson,Eintracht Frankfurt,M S,20.433333333333334,0.097879282218597,0.0695952279022233,0.0695952279022233,0.6362153344208809,0.097879282218597,0.0580873304513111,0.929853181076672,0.2755935418421059,0.1838066151781922,28000000.0,2026-05-27
Jean Négoce,Eintracht Frankfurt,F M S,14.688888888888888,0.2042360060514372,0.1481672888058104,0.1481672888058104,1.97428139183056,0.2723146747352496,0.2734801211815649,2.1104387291981848,0.5868848073951416,0.2672884126057152,550000.0,2026-06-04
Jonathan Burkardt,Eintracht Frankfurt,F S,15.011111111111113,0.8660251665433013,0.8738182662682213,0.6718940528552236,2.7313101406365656,0.0666173205033308,0.0445081502871986,0.5995558845299778,0.8156601810823715,0.2141733393403973,30000000.0,2026-05-27
Kauã Santos,Eintracht Frankfurt,GK,12.044444444444444,0.0,0.0,0.0,0.0,0.0,0.0,0.0,0.181981690186746,0.181981690186746,7000000.0,2026-05-27
Michael Zetterer,Eintracht Frankfurt,GK S,21.95555555555556,0.0,0.0,0.0,0.0,0.0,0.0,0.0,0.1607254453178736,0.1607254453178736,4000000.0,2026-05-27
Nathaniel Brown,Eintracht Frankfurt,D M S,29.64444444444445,0.1349325337331334,0.0696926654736767,0.0696926654736767,0.6071964017991004,0.1349325337331334,0.1072718011218121,1.146926536731634,0.339175869830824,0.203839324532018,40000000.0,2026-05-27
Nnamdi Collins,Eintracht Frankfurt,D S,16.555555555555557,0.0604026845637583,0.0414149688319271,0.0414149688319271,0.1812080536912751,0.1208053691275167,0.0275531556932318,0.1812080536912751,0.4154188754224537,0.367974783950204,20000000.0,2026-05-27
Oscar Højlund,Eintracht Frankfurt,M S,12.022222222222222,0.0831792975970425,0.0510612943566054,0.0510612943566054,0.5822550831792976,0.0831792975970425,0.0886723947282639,0.5822550831792976,0.2646604577310094,0.1519422286814991,15000000.0,2026-05-27
Rasmus Kristensen,Eintracht Frankfurt,D S,17.27777777777778,0.1157556270096463,0.0652192814389417,0.0652192814389417,0.8681672025723473,0.0,0.0798799720056762,0.4630225080385852,0.361519433498095,0.3046517941346122,2000000.0,2026-05-25
Ritsu Doan,Eintracht Frankfurt,D F M S,26.944444444444443,0.1855670103092783,0.1531247059401777,0.1531247059401777,1.5216494845360826,0.1855670103092783,0.2418846361262282,1.447422680412371,0.5149345608024868,0.2578660540935612,17000000.0,2026-05-27
Robin Koch,Eintracht Frankfurt,D,31.55555555555556,0.0950704225352112,0.0610588593605223,0.0610588593605223,0.4753521126760563,0.0316901408450704,0.0228002804698763,0.3169014084507042,0.2624266146039459,0.2393412603537591,10000000.0,2026-05-27
Cenk Özkacar,FC Cologne,D S,19.844444444444445,0.0,0.0553986591507012,0.0553986591507012,0.5543113101903695,0.0,0.0103486533936901,0.251959686450168,0.2021039751736908,0.199325315139078,4000000.0,2026-05-27
Eric Martel,FC Cologne,D M S,28.655555555555555,0.0697944939899185,0.0633117911045104,0.0633117911045104,0.8026366808840636,0.0697944939899185,0.0718115526748031,0.48856145792943,0.3434942582403333,0.2737806647287962,8000000.0,2026-05-27
Jakub Kaminski,FC Cologne,D F M,33.67777777777778,0.207852193995381,0.2365498185767391,0.2365498185767391,1.8409765753876608,0.0890795117123061,0.1659641884075596,1.4846585285384362,0.5474542755620073,0.2799452844231642,17000000.0,2026-05-27
Jan Thielmann,FC Cologne,D F M S,17.57777777777778,0.170670037926675,0.1167361518219772,0.1167361518219772,1.5360303413400758,0.056890012642225,0.056789362727748,0.7964601769911503,0.405445731964372,0.2735137887176611,5000000.0,2026-05-27
Joël Schmied,FC Cologne,D S,12.11111111111111,0.0,0.0182659389758738,0.0182659389758738,0.3302752293577982,0.0,0.0120389758173478,0.1651376146788991,0.2425572992464818,0.2345348989778976,3000000.0,2026-05-27
Kristoffer Lund,FC Cologne,D M S,25.766666666666666,0.0,0.0245257385947378,0.0245257385947378,0.7761966364812419,0.0776196636481242,0.0676811832987629,0.7761966364812419,0.3201635778528598,0.2625651722038972,4000000.0,2026-05-27
Linton Maina,FC Cologne,D F M S,11.188888888888888,0.1787487586891757,0.1151905262467286,0.1151905262467286,1.787487586891758,0.0,0.2846029440224052,1.519364448857994,0.5547045795256208,0.1802840901218732,3000000.0,2026-05-27
Marius Bülter,FC Cologne,F M S,17.533333333333335,0.2851711026615969,0.2269781813266272,0.2269781813266272,2.3954372623574143,0.2281368821292775,0.2682790910194808,1.482889733840304,0.5916990043715832,0.2179322608112722,1800000.0,2026-05-27
Marvin Schwäbe,FC Cologne,GK,34.0,0.0,0.0,0.0,0.0,0.0,0.0107114884783239,0.0294117647058823,0.1746012284694349,0.163889739114572,3000000.0,2026-05-27
Ragnar Ache,FC Cologne,F S,19.322222222222223,0.3622771707878091,0.5694239219846637,0.5694239219846637,2.6912018401380102,0.2070155261644623,0.1537707953672596,1.4491086831512363,0.6710579976130998,0.1822715278183629,9000000.0,2026-05-27
Rav van den Berg,FC Cologne,D S,12.644444444444444,0.0,0.0084676384035438,0.0084676384035438,0.0790861159929701,0.0790861159929701,0.0392028770568291,0.0790861159929701,0.214537117803741,0.214537117803741,7000000.0,2026-05-27
Said El Mala,FC Cologne,F M S,21.83333333333333,0.5954198473282443,0.5763089559858537,0.5416016279229227,3.389312977099237,0.183206106870229,0.1917356630886784,0.9160305343511452,0.7898357557203934,0.1527793572945449,45000000.0,2026-05-27
Sebastian Sebulonsen,FC Cologne,D S,27.988888888888887,0.0,0.0532131757825293,0.0532131757825293,1.1075823739579198,0.0,0.0986766583815293,0.7502977371973005,0.4008919247745899,0.2969863669338232,5500000.0,2026-05-27
Tom Krauß,FC Cologne,D M S,19.766666666666666,0.0,0.0196630841758711,0.0196630841758711,0.4553119730185497,0.1011804384485666,0.0639576239363741,0.7588532883642496,0.3615223530296733,0.3045277525537331,4500000.0,2026-05-27
Ísak Bergmann Jóhannesson,FC Cologne,M S,20.33333333333333,0.0983606557377049,0.0704900005862849,0.0704900005862849,0.6885245901639344,0.0983606557377049,0.1186057281848348,1.6229508196721312,0.4720227884769928,0.3493230605772773,8000000.0,2026-05-27
Arijon Ibrahimovic,FC Heidenheim,D F M S,24.4,0.0819672131147541,0.2322018605305767,0.2011454399278174,1.9262295081967211,0.1639344262295082,0.2773737874584364,2.295081967213115,0.5139371597009604,0.1484911064770012,10000000.0,2026-05-27
Benedikt Gimber,FC Heidenheim,D S,16.3,0.0,0.0304604472558191,0.0304604472558191,0.2453987730061349,0.0,0.0130339743900884,0.0613496932515337,0.1406580901653306,0.1369984998179176,1500000.0,2026-05-27
Budu Zivzivadze,FC Heidenheim,F S,12.755555555555556,0.470383275261324,0.4562699125644844,0.4562699125644844,2.195121951219512,0.0,0.0712345532735465,0.548780487804878,0.4495383605672507,0.0594524542706976,1200000.0,2026-05-27
Diant Ramaj,FC Heidenheim,GK,31.0,0.0,0.0,0.0,0.0,0.032258064516129,0.0097742638280314,0.032258064516129,0.1560057060973298,0.146231442028957,7000000.0,2026-05-27
Eren Sami Dinkci,FC Heidenheim,D F M S,15.566666666666666,0.1927194860813704,0.2644868351806282,0.2644868351806282,1.8629550321199144,0.0642398286937901,0.0717579342057924,0.6423982869379015,0.4245474033967075,0.14994592655139,6000000.0,2026-05-27
Hennes Behrens,FC Heidenheim,D S,14.677777777777775,0.0681302043906131,0.022037566697999,0.022037566697999,0.6131718395155186,0.1362604087812263,0.18738805761252,1.2944738834216505,0.4205637142050907,0.3317898533601006,5000000.0,2026-05-27
Jan Schöppner,FC Heidenheim,M S,25.4,0.1181102362204724,0.1090203206546194,0.1090203206546194,0.984251968503937,0.1181102362204724,0.1172209001608251,0.5511811023622047,0.3599115951338739,0.2099645267952028,3000000.0,2026-05-27
Jonas Föhrenbach,FC Heidenheim,D M S,25.92222222222222,0.0385769395627946,0.0245432083267819,0.0245432083267819,0.2314616373767681,0.0385769395627946,0.0872315397502856,0.8486926703814831,0.1576579682667892,0.1138452678939596,1000000.0,2026-05-27
Julian Niehues,FC Heidenheim,M S,15.733333333333333,0.1906779661016949,0.1333599122856759,0.1333599122856759,1.1440677966101696,0.0,0.0463077483572444,0.4449152542372881,0.2756035475502327,0.1790540848495596,1500000.0,2026-05-27
Marnon Busch,FC Heidenheim,D M S,21.122222222222224,0.047343503419253,0.0377308236761337,0.0377308236761337,0.5681220410310363,0.2367175170962651,0.1537946911003521,0.7574960547080484,0.2955463095575469,0.2178783000283715,1000000.0,2026-05-27
Marvin Pieringer,FC Heidenheim,F M S,18.766666666666666,0.2131438721136767,0.3095852260082484,0.2692063637805663,1.705150976909414,0.0532859680284191,0.1178113696683152,0.905861456483126,0.423671306006703,0.1798603500754012,3000000.0,2026-05-27
Mathias Honsak,FC Heidenheim,F M S,14.033333333333331,0.1425178147268408,0.2364731841497211,0.2364731841497211,2.209026128266033,0.0712589073634204,0.1030234389467222,0.7838479809976248,0.4350976991044654,0.1383022932145488,1700000.0,2026-05-27
Niklas Dorsch,FC Heidenheim,M S,25.477777777777774,0.0,0.022209590756628,0.022209590756628,0.5494984736153511,0.039249890972525,0.0813050193868892,0.9419973833406018,0.3766220375185533,0.3575125667585382,2500000.0,2026-05-27
Omar Traoré,FC Heidenheim,D S,16.733333333333334,0.0,0.0300027243607488,0.0300027243607488,0.597609561752988,0.1195219123505976,0.0870798840243146,0.7768924302788844,0.2304129437747526,0.1968277195297864,2000000.0,2026-05-27
Patrick Mainka,FC Heidenheim,D,34.0,0.0588235294117647,0.0890648592373027,0.0890648592373027,1.088235294117647,0.0588235294117647,0.0520700028933146,0.2941176470588235,0.263378185850075,0.2114488545202595,2500000.0,2026-05-27
Tim Siersleben,FC Heidenheim,D S,12.055555555555555,0.0,0.0522324210590755,0.0522324210590755,0.4147465437788018,0.0,0.0095864708797173,0.1658986175115207,0.1131661639372874,0.0891100340844711,1800000.0,2026-05-27
Bruno Ogbus,Freiburg,D S,13.11111111111111,0.0,0.0599738897645246,0.0599738897645246,0.3813559322033898,0.0,0.0021315990962972,0.0762711864406779,0.2795098029645317,0.2524977283141876,15000000.0,2026-05-27
Christian Günter,Freiburg,D S,17.322222222222223,0.0,0.0226287638877277,0.0226287638877277,0.5195638229634381,0.1731879409878127,0.1289100467207685,1.0968569595894804,0.3413699920850162,0.2352863728087287,2000000.0,2026-05-27
Derry Scherhant,Freiburg,M S,13.922222222222222,0.3591380686352753,0.2382060171217201,0.2382060171217201,2.5857940941739823,0.071827613727055,0.1411298076575362,1.5802075019952115,0.3928215152837472,0.1260266119297608,7500000.0,2026-05-27
Igor Matanovic,Freiburg,F S,17.066666666666666,0.64453125,0.5614500011506607,0.4726480436875135,2.98828125,0.1171875,0.1310301416015135,1.2890625,0.5734965036572247,0.080864409537753,22000000.0,2026-05-27
Jan-Niklas Beste,Freiburg,M S,19.122222222222224,0.10459035444509,0.182914653742109,0.182914653742109,1.2550842533410806,0.10459035444509,0.1974581108839272,1.882626380011621,0.5401483038413288,0.3048521692754742,10000000.0,2026-05-27
Johan Manzambi,Freiburg,M S,23.83333333333333,0.2097902097902098,0.1688302039735384,0.1688302039735384,2.13986013986014,0.1678321678321678,0.1501491872163919,0.7972027972027973,0.5227393194824665,0.3232645930370668,50000000.0,2026-05-27
Jordy Makengo,Freiburg,D S,12.88888888888889,0.0,0.0,0.0,0.0,0.0775862068965517,0.0564114344145717,0.3879310344827586,0.2337670473157074,0.2308479119573944,6000000.0,2026-05-27
Lucas Höler,Freiburg,F M S,23.0,0.1304347826086956,0.2281018736893716,0.2281018736893716,1.434782608695652,0.0434782608695652,0.090562579586454,1.0434782608695652,0.3590264394069495,0.113693427051539,3000000.0,2026-05-27
Lukas Kübler,Freiburg,D S,17.955555555555556,0.1113861386138613,0.1475179610003966,0.1475179610003966,1.058168316831683,0.1113861386138613,0.0775006054877534,0.6126237623762376,0.2724406742698301,0.1797400049215164,1500000.0,2026-05-27
Matthias Ginter,Freiburg,D,31.61111111111111,0.0949033391915641,0.0651101229257344,0.0651101229257344,0.6010544815465729,0.0949033391915641,0.0666686902984793,0.4428822495606327,0.3624066177801424,0.2968495739574802,5000000.0,2026-05-27
Maximilian Eggestein,Freiburg,M,34.0,0.088235294117647,0.0998485547983471,0.0998485547983471,1.2941176470588236,0.0294117647058823,0.0415618983919129,0.5588235294117647,0.3207241008606027,0.2402675391777473,10000000.0,2026-05-27
Noah Atubolu,Freiburg,GK,34.0,0.0,0.0,0.0,0.0,0.0,0.0100475804441991,0.088235294117647,0.1737532583887086,0.1637056779445094,25000000.0,2026-05-27
Patrick Osterhage,Freiburg,M S,13.22222222222222,0.0756302521008403,0.0969025616009696,0.0969025616009696,0.5294117647058824,0.0,0.0251828347246686,0.453781512605042,0.2335313812148671,0.1184161279131384,12000000.0,2026-05-27
Philipp Lienhart,Freiburg,D S,14.4,0.0694444444444444,0.065861461787588,0.065861461787588,0.5555555555555556,0.0,0.0099602076483683,0.2777777777777778,0.4061573633872386,0.3988660482637998,10000000.0,2026-05-27
Philipp Treu,Freiburg,D M S,24.38888888888889,0.041002277904328,0.0603453576870279,0.0603453576870279,0.6970387243735763,0.082004555808656,0.074324101235098,0.8200455580865603,0.3155577280611682,0.1986912342047229,15000000.0,2026-05-27
Vincenzo Grifo,Freiburg,M S,19.25555555555556,0.363531448355453,0.2836057904460701,0.1261953072728824,1.5579919215233695,0.2077322562031159,0.2797946330015878,2.0253894979803806,0.5284976665375553,0.2674024700215629,4000000.0,2026-05-27
Yuito Suzuki,Freiburg,M S,18.27777777777778,0.2188449848024316,0.2285677772524871,0.2285677772524871,2.0790273556231003,0.1094224924012158,0.1148751331974489,1.3677811550151977,0.461553567312771,0.1710728163233643,24000000.0,2026-05-27
Albert Sambi Lokonga,Hamburger SV,M S,19.155555555555555,0.2610208816705336,0.0870534835875967,0.0870534835875967,0.991879350348028,0.0,0.0718685744974217,1.3051044083526682,0.3392897446028318,0.2348708822726857,12000000.0,2026-05-27
Bakery Jatta,Hamburger SV,D M S,10.377777777777778,0.0963597430406852,0.149109111739845,0.149109111739845,1.0599571734475377,0.0963597430406852,0.0285767520153675,0.4817987152034261,0.2889653292885428,0.1398277485132919,1000000.0,2026-05-27
Daniel Elfadli,Hamburger SV,D S,13.966666666666669,0.0,0.0433153110536299,0.0433153110536299,0.2863961813842482,0.0,0.012205022171602,0.1431980906921241,0.1342223550866498,0.1188125937892599,3000000.0,2026-05-27
Daniel Heuer Fernandes,Hamburger SV,GK,33.0,0.0,0.0038815343921834,0.0038815343921834,0.0303030303030303,0.0,0.0,0.0,0.1518879772135705,0.1518879772135705,1200000.0,2026-05-27
Fábio Vieira,Hamburger SV,F M S,24.9,0.2811244979919678,0.1965711373147596,0.166138336623469,2.3694779116465865,0.2008032128514056,0.1862912062914615,1.566265060240964,0.4939268225706725,0.2191135074838577,18000000.0,2026-05-27
Giorgi Gocholeishvili,Hamburger SV,D S,10.1,0.0,0.0973016007038036,0.0973016007038036,1.3861386138613865,0.099009900990099,0.0632320429281433,0.8910891089108911,0.3035542529334526,0.1659867646965649,2000000.0,2026-05-27
Jean-Luc Dompe,Hamburger SV,F M S,12.577777777777778,0.2385159010600706,0.1733109807388284,0.1130637183847965,1.9876325088339224,0.0,0.3216179418163671,2.6236749116607774,0.4272334013042096,0.1108702872435532,2500000.0,2026-05-27
Jordan Torunarigha,Hamburger SV,D S,21.81111111111111,0.0,0.0142018835739219,0.0142018835739219,0.2292409577177789,0.0,0.0064963560078864,0.0916963830871115,0.1087827020278746,0.1028305126669125,4000000.0,2026-05-27
Luka Vuskovic,Hamburger SV,D S,27.11111111111111,0.221311475409836,0.1727015215323352,0.1447507424402188,1.1434426229508197,0.0,0.0209185837989398,0.4057377049180328,0.2969890230785689,0.2354627449034911,60000000.0,2026-05-27
Miro Muheim,Hamburger SV,D M S,27.14444444444445,0.0,0.0504899906727241,0.0504899906727241,0.8841588211215718,0.1473598035202619,0.1286635221932517,1.4735980352026197,0.2322754771969038,0.1808821228098366,5000000.0,2026-05-27
Nicolai Remberg,Hamburger SV,D M,32.0,0.0,0.0329216028912924,0.0329216028912924,0.53125,0.0625,0.0673207953805103,0.40625,0.2830751130823046,0.2245556820416823,9000000.0,2026-05-27
Nicolás Capaldo,Hamburger SV,D M S,22.544444444444444,0.0443568260226712,0.1193226790243825,0.1193226790243825,0.9758501724987678,0.1330704780680138,0.0818956508119891,0.9758501724987678,0.2840955299726917,0.1176460273931066,8000000.0,2026-05-27
Ransford Königsdörffer,Hamburger SV,F M S,26.944444444444443,0.1855670103092783,0.300543955018379,0.2724202847857143,2.412371134020619,0.0,0.0479904860258102,0.7422680412371134,0.3882028030442823,0.1042593481768038,5000000.0,2026-05-27
Rayan Philippe,Hamburger SV,F M S,14.133333333333333,0.3537735849056604,0.3994850553396457,0.3458687788718995,2.759433962264151,0.0,0.0959780529352291,1.0613207547169812,0.4537994221713886,0.0885926099177801,4000000.0,2026-05-27
Warmed Omari,Hamburger SV,D S,17.844444444444445,0.0,0.0038622809831484,0.0038622809831484,0.1681195516811955,0.0560398505603985,0.022755220687831,0.448318804483188,0.1513733947243666,0.1361971422403605,4000000.0,2026-05-27
William Mikelbrencis,Hamburger SV,D M S,15.377777777777778,0.0,0.0954863811759655,0.0954863811759655,0.7803468208092486,0.2601156069364161,0.1831664597330281,1.0404624277456649,0.3226901367414376,0.0547089370915052,3000000.0,2026-05-27
Albian Hajdari,Hoffenheim,D S,27.211111111111112,0.036749693752552,0.0717076960808102,0.0717076960808102,0.6982441812984892,0.0734993875051041,0.0541863727230059,0.3307472437729685,0.3325366959730281,0.2796159138261858,25000000.0,2026-05-27
Alexander Prass,Hoffenheim,D M S,14.1,0.2127659574468085,0.1165630984126676,0.1165630984126676,1.2765957446808511,0.1418439716312056,0.1536643207865826,1.2765957446808511,0.4526753627186549,0.2401986331117491,9000000.0,2026-05-27
Andrej Kramaric,Hoffenheim,F M S,25.066666666666663,0.5585106382978724,0.5217385063681038,0.3705862447361839,2.5930851063829787,0.2393617021276596,0.1807376179977894,1.3962765957446808,0.7249604658956857,0.3115945494674305,2500000.0,2026-05-27
Bazoumana Touré,Hoffenheim,D F M S,26.433333333333334,0.189155107187894,0.1945194672595845,0.1945194672595845,1.815889029003783,0.3404791929382093,0.2735000995573826,1.664564943253468,0.6103536309756592,0.2276492744336588,40000000.0,2026-05-27
Bernardo,Hoffenheim,D S,26.0,0.0,0.0168252041778312,0.0168252041778312,0.3846153846153846,0.0,0.0135705224596537,0.3461538461538461,0.3157450717229109,0.3044057415368465,4000000.0,2026-05-27
Bernardo,Hoffenheim,D S,26.0,0.0,0.0168252041778312,0.0168252041778312,0.3846153846153846,0.0,0.0135705224596537,0.3461538461538461,0.3157450717229109,0.3044057415368465,5000000.0,2026-05-28
Fisnik Asllani,Hoffenheim,F M S,26.988888888888887,0.3705228489090161,0.3521755314173277,0.3521755314173277,2.704816797035817,0.2593659942363112,0.2001467251060504,1.259777686290655,0.7319561671197243,0.2468357845594874,35000000.0,2026-05-27
Grischa Prömel,Hoffenheim,M S,18.844444444444445,0.3714622641509434,0.2722343826833409,0.2722343826833409,2.22877358490566,0.1061320754716981,0.1390067498608193,0.902122641509434,0.5677472958385171,0.1851210692888653,3500000.0,2026-05-27
Leon Avdullahu,Hoffenheim,M S,31.77777777777778,0.0,0.0164578423470623,0.0164578423470623,0.4405594405594406,0.0314685314685314,0.0417039278191286,0.6923076923076923,0.4107169012988468,0.3682806907951102,30000000.0,2026-05-27
Oliver Baumann,Hoffenheim,GK,34.0,0.0,0.0,0.0,0.0,0.0,0.0009788444594425,0.0294117647058823,0.1750533588997581,0.1750533588997581,2500000.0,2026-05-27
Ozan Kabak,Hoffenheim,D S,19.23333333333333,0.2079722703639514,0.2412310364354317,0.2412310364354317,1.8197573656845756,0.0,0.0232867512729283,0.4679376083188908,0.4368061118434785,0.2823423558081043,15000000.0,2026-05-27
Robin Hranác,Hoffenheim,D S,25.122222222222224,0.0398053958425475,0.0823914568108407,0.0823914568108407,0.3184431667403803,0.0,0.0050912783858075,0.1194161875276426,0.3002400406706734,0.3002400406706734,10000000.0,2026-05-27
Tim Lemperle,Hoffenheim,F M S,22.31111111111111,0.3585657370517928,0.4218559249756909,0.3878918295240111,2.375498007968128,0.0896414342629482,0.1154339856809502,1.1653386454183268,0.5990356195484292,0.1310644999417324,17000000.0,2026-05-27
Vladimir Coufal,Hoffenheim,D M,33.68888888888889,0.0296833773087071,0.0293517665505055,0.0293517665505055,0.7717678100263852,0.2374670184696569,0.2219928715975173,1.7216358839050132,0.4576609561116604,0.3265359342629016,2500000.0,2026-05-27
Wouter Burger,Hoffenheim,M,27.622222222222224,0.1448109412711182,0.1524967668324781,0.1524967668324781,1.3032984714400644,0.1810136765888978,0.2129631345658559,1.8463395012067576,0.5159671164296824,0.2579705405392933,20000000.0,2026-05-27
Benedict Hollerbach,Mainz 05,F M S,10.033333333333331,0.0996677740863787,0.2969192089110712,0.2969192089110712,2.1926910299003324,0.1993355481727574,0.1875510579129786,0.3986710963455149,0.4872261064492191,0.1305108412209143,8000000.0,2026-05-27
Daniel Batz,Mainz 05,GK,21.0,0.0,0.0,0.0,0.0,0.0,0.0,0.0,0.1570847722746077,0.1570847722746077,350000.0,2026-05-27
Danny da Costa,Mainz 05,D M S,29.877777777777776,0.0669393826701376,0.0812250103589525,0.0812250103589525,0.4685756786909632,0.1004090740052064,0.0946901138461835,0.5355150613611008,0.3312824107152394,0.2407415491878964,1200000.0,2026-05-27
Dominik Kohr,Mainz 05,D S,26.288888888888888,0.0760777683854607,0.0716192250723367,0.0716192250723367,0.6086221470836856,0.0,0.072727050019754,0.3803888419273035,0.2754194800216871,0.2332660849328174,2000000.0,2026-05-27
Jae-Sung Lee,Mainz 05,F M S,24.766666666666666,0.161507402422611,0.1704922164909411,0.1704922164909411,1.2113055181695829,0.0807537012113055,0.1342967837236691,0.8882907133243607,0.400282428681369,0.1470611570340307,2000000.0,2026-05-27
Kacper Potulski,Mainz 05,D S,11.78888888888889,0.0848256361922714,0.2222163318660773,0.2222163318660773,1.1875589066918002,0.0,0.0523479528633858,0.1696512723845428,0.1039346674427347,0.0766749665822261,18000000.0,2026-05-27
Kaishu Sano,Mainz 05,M,34.0,0.0294117647058823,0.0470995436806012,0.0470995436806012,0.7058823529411765,0.0588235294117647,0.1064428946222452,0.7352941176470589,0.4153014143161914,0.3215276101494537,40000000.0,2026-05-27
Nadiem Amiri,Mainz 05,F M S,23.466666666666665,0.5113636363636364,0.4561667932747779,0.1978338369041342,2.301136363636364,0.0852272727272727,0.2795488578902388,2.7272727272727275,0.522940641253213,0.2497341047009368,17000000.0,2026-05-27
Paul Nebel,Mainz 05,M S,23.18888888888889,0.2156205079060852,0.2488026512357453,0.2488026512357453,1.379971250598946,0.0862482031624341,0.2304015807971665,1.7680881648298994,0.6072644339753899,0.1831375958713036,18000000.0,2026-05-27
Philipp Mwene,Mainz 05,D M S,23.122222222222224,0.0432484382508409,0.0879350370838916,0.0879350370838916,0.4324843825084093,0.0864968765016818,0.0925118822276821,0.7784718885151369,0.3683652928665616,0.2606149360265427,1500000.0,2026-05-27
Sheraldo Becker,Mainz 05,F S,10.833333333333334,0.2769230769230769,0.4449243699128811,0.4449243699128811,2.6769230769230767,0.2769230769230769,0.3268921215946858,1.5692307692307692,0.984236433299688,0.2283364912638297,1500000.0,2026-05-27
Silvan Widmer,Mainz 05,D M S,20.61111111111111,0.0970350404312668,0.1328709728594096,0.1328709728594096,0.9703504043126684,0.0485175202156334,0.0877655216384769,0.3881401617250674,0.3738082964023489,0.2405255067681848,800000.0,2026-05-27
Stefan Bell,Mainz 05,D S,11.6,0.1724137931034483,0.1586441213971582,0.1586441213971582,1.0344827586206895,0.0862068965517241,0.1036595822922114,0.4310344827586207,0.3084626593145317,0.1444597004366846,600000.0,2026-05-27
Stefan Posch,Mainz 05,D,15.544444444444444,0.0,0.0258035044398177,0.0258035044398177,0.6433166547533953,0.0,0.0314860040717375,0.5146533238027162,0.3154121031765003,0.2862808841405126,6000000.0,2026-05-27
Antonio Nusa,RasenBallsport Leipzig,F M S,22.75555555555556,0.17578125,0.228701942396583,0.228701942396583,2.6806640625,0.1318359375,0.2086755810069007,1.4501953125,0.7346721502744913,0.3536881851869111,32000000.0,2026-05-27
Assan Ouédraogo,RasenBallsport Leipzig,F M S,10.77777777777778,0.3711340206185566,0.2604592446353017,0.2604592446353017,2.5051546391752577,0.2783505154639175,0.2793108636378934,1.2989690721649485,0.7731659844056846,0.5302412505309606,28000000.0,2026-05-27
Bote Baku,RasenBallsport Leipzig,D S,28.2,0.0709219858156028,0.1102007108456488,0.1102007108456488,1.0638297872340423,0.1063829787234042,0.2056448296346563,1.3120567375886525,0.6838837071777659,0.5362053788828512,,
Castello Lukeba,RasenBallsport Leipzig,D S,24.177777777777777,0.041360294117647,0.036769343089819,0.036769343089819,0.3308823529411764,0.0,0.0099313826392651,0.2481617647058823,0.5592805091274546,0.5519107270040824,50000000.0,2026-05-27
Christoph Baumgartner,RasenBallsport Leipzig,M S,31.23333333333333,0.4162219850586979,0.5770386697420316,0.5527768761969172,2.5933831376734258,0.256136606189968,0.1374438866424268,1.184631803628602,0.7684502989578526,0.2676922790388096,40000000.0,2026-05-27
David Raum,RasenBallsport Leipzig,D S,28.55555555555556,0.1050583657587548,0.0841120526136591,0.0575751261604435,0.8404669260700388,0.245136186770428,0.3865770274765992,3.3618677042801552,0.7225654181382883,0.5737928093160984,25000000.0,2026-05-27
Maarten Vandevoordt,RasenBallsport Leipzig,GK S,11.688888888888888,0.0,0.0,0.0,0.0,0.0,0.0,0.0,0.2998159140589232,0.2998159140589232,15000000.0,2026-05-27
Nicolas Seiwald,RasenBallsport Leipzig,D M S,30.33333333333333,0.0,0.0599499545827671,0.0599499545827671,0.6593406593406593,0.0659340659340659,0.0596399988651603,0.4945054945054945,0.5363009981811047,0.4626351451439844,25000000.0,2026-05-27
Péter Gulácsi,RasenBallsport Leipzig,GK,22.31111111111111,0.0,0.0,0.0,0.0,0.0,0.0,0.0,0.2613924030748852,0.2613924030748852,1000000.0,2026-05-27
Rômulo,RasenBallsport Leipzig,F M S,24.95555555555556,0.3606411398040962,0.6386009015919157,0.6082358497890742,2.5244879786286734,0.1602849510240427,0.1445290368906191,1.0017809439002672,0.9511294509993264,0.2813643140375004,6000000.0,2026-05-20
Rômulo,RasenBallsport Leipzig,F M S,24.95555555555556,0.3606411398040962,0.6386009015919157,0.6082358497890742,2.5244879786286734,0.1602849510240427,0.1445290368906191,1.0017809439002672,0.9511294509993264,0.2813643140375004,30000000.0,2026-05-27
Willi Orban,RasenBallsport Leipzig,D,32.8,0.0609756097560975,0.0958075651206167,0.0958075651206167,0.6097560975609757,0.0,0.0217388570876564,0.3353658536585366,0.5014778242060325,0.483628717001255,5000000.0,2026-05-27
Xaver Schlager,RasenBallsport Leipzig,M S,20.488888888888887,0.1464208242950108,0.1053098061701804,0.1053098061701804,1.024945770065076,0.0488069414316702,0.1072662851900476,1.024945770065076,0.9928960103638584,0.830161304651495,10000000.0,2026-05-27
Yan Diomande,RasenBallsport Leipzig,F M S,27.855555555555554,0.430793777423215,0.2882803019803384,0.2882803019803384,1.902672516952533,0.2871958516154766,0.3607494279661999,2.046270442760272,1.0579449690263203,0.5173585167370877,90000000.0,2026-05-27
Adam Dzwigala,St. Pauli,D S,14.477777777777778,0.0690713737528779,0.0107395430242018,0.0107395430242018,0.2762854950115119,0.0690713737528779,0.0147127972219599,0.3453568687643898,0.1826697756648521,0.1743707501530327,800000.0,2026-05-27
Andréas Hountondji,St. Pauli,F M S,12.133333333333333,0.3296703296703296,0.4086561716074677,0.3462020547390189,1.7307692307692308,0.0,0.0581715226807928,0.4945054945054945,0.3098407189699483,0.0092716111832267,3000000.0,2026-05-27
Arkadiusz Pyrka,St. Pauli,D M S,28.844444444444445,0.0,0.0349775651822839,0.0349775651822839,0.6587057010785824,0.034668721109399,0.0770695023461085,0.8320493066255777,0.288628715503737,0.2293439833189035,3500000.0,2026-05-27
Danel Sinani,St. Pauli,F M S,23.11111111111111,0.2163461538461538,0.2487092561518344,0.1503440143468861,2.120192307692308,0.1298076923076923,0.1603241473427401,1.9471153846153848,0.4098272937206694,0.2266745679349137,3000000.0,2026-05-27
Eric Smith,St. Pauli,D M S,25.7,0.0778210116731517,0.0317043030511312,0.0317043030511312,0.4669260700389105,0.0778210116731517,0.0348442721140755,0.7003891050583658,0.2293014037875813,0.223122992795613,5000000.0,2026-05-27
Hauke Wahl,St. Pauli,D S,28.788888888888888,0.0694712466229255,0.0181713962294118,0.0181713962294118,0.3473562331146275,0.0347356233114627,0.0220726846078563,0.2084137398687765,0.1315499209543307,0.1255114726500822,1500000.0,2026-05-27
Jackson Irvine,St. Pauli,M S,17.966666666666665,0.0,0.0905965329778548,0.0905965329778548,1.0575139146567718,0.0556586270871985,0.0505690173987223,0.6122448979591837,0.2611736989889384,0.1522812770475704,1000000.0,2026-05-27
James Sands,St. Pauli,M S,21.744444444444444,0.0459887583035258,0.0399587797281781,0.0399587797281781,0.7358201328564129,0.0,0.0444335996053873,0.459887583035258,0.2219566673337347,0.1648018436908996,5000000.0,2026-05-27
Joel Chima Fujita,St. Pauli,F M S,29.877777777777776,0.0334696913350688,0.047145924801419,0.047145924801419,1.0710301227222017,0.1004090740052064,0.1456877871427938,1.004090740052064,0.3239283067347082,0.1625390238117866,10000000.0,2026-05-27
Karol Mets,St. Pauli,D S,21.53333333333333,0.0464396284829721,0.0358333557212708,0.0358333557212708,0.3250773993808049,0.0,0.0078439627465541,0.1857585139318885,0.1682627475575396,0.1673498382826477,600000.0,2026-05-27
Lars Ritzka,St. Pauli,D M S,10.822222222222225,0.0,0.020858769475251,0.020858769475251,0.3696098562628336,0.0,0.0809051935394625,0.5544147843942505,0.1354508569035717,0.0721504024729071,1000000.0,2026-05-27
Louis Oppie,St. Pauli,D M S,17.844444444444445,0.0560398505603985,0.0647203892511159,0.0647203892511159,0.8405977584059776,0.0,0.0630775640995832,0.5603985056039851,0.2669423194033827,0.1546267435942796,2500000.0,2026-05-27
Manolis Saliakas,St. Pauli,D M S,12.422222222222222,0.0805008944543828,0.044002143302949,0.044002143302949,1.2880143112701252,0.2415026833631484,0.0725367290304377,0.966010733452594,0.2318776425887199,0.1431930531316131,2000000.0,2026-05-27
Martijn Kaars,St. Pauli,F S,14.78888888888889,0.2028549962434259,0.25727307533105,0.206033479293583,1.555221637866266,0.067618332081142,0.0905946949126015,0.67618332081142,0.418846228332794,0.2160312052029671,3000000.0,2026-05-27
Nikola Vasilj,St. Pauli,GK,34.0,0.0,0.0,0.0,0.0,0.0,0.0,0.0,0.0826961325262399,0.0826961325262399,4500000.0,2026-05-27
Pereira Lage,St. Pauli,D F M S,22.966666666666665,0.0870827285921625,0.1928358495841005,0.1928358495841005,1.872278664731495,0.0870827285921625,0.0898111659725276,1.0449927431059507,0.3011878084050727,0.0950041712844319,2500000.0,2026-05-27
Tomoya Ando,St. Pauli,D S,14.033333333333331,0.0,0.0391474012241227,0.0391474012241227,0.5700712589073634,0.0712589073634204,0.092337134243332,0.4275534441805225,0.2641110203611596,0.2610726461628553,3000000.0,2026-05-27
Aljoscha Kemlein,Union Berlin,M S,22.044444444444444,0.0,0.0635201034639331,0.0635201034639331,0.7711693548387096,0.0907258064516129,0.071246875393685,0.6350806451612904,0.3155469300033855,0.226902155601795,12000000.0,2026-05-27
Andras Schafer,Union Berlin,M S,15.77777777777778,0.1267605633802817,0.1127375426872725,0.1127375426872725,1.7112676056338028,0.0633802816901408,0.0492395603058623,0.380281690140845,0.3506366058160931,0.2111108651463414,4500000.0,2026-05-27
Andrej Ilic,Union Berlin,F M S,24.866666666666667,0.2010723860589812,0.4469406740095756,0.4164670810762583,2.8552278820375334,0.3619302949061662,0.1911594667010029,1.206434316353887,0.5357499518519112,0.0959509974295627,9000000.0,2026-05-27
Christopher Trimmel,Union Berlin,D S,21.155555555555555,0.0,0.003481373516647,0.003481373516647,0.236344537815126,0.1418067226890756,0.2407066814969254,2.457983193277311,0.2158194352303311,0.1577643176566167,600000.0,2026-05-27
Danilho Doekhi,Union Berlin,D,34.0,0.1470588235294117,0.1435067455886918,0.1435067455886918,1.3235294117647058,0.0,0.0161089668433894,0.2352941176470588,0.1337998209192472,0.0930594407460268,13000000.0,2026-05-27
Derrick Köhn,Union Berlin,D S,20.966666666666665,0.0476947535771065,0.1132833680792434,0.0771413951081672,1.3354531001589829,0.095389507154213,0.1473474137733774,1.192368839427663,0.2163375361077783,0.1309396644583377,4000000.0,2026-05-27
Diogo Leite,Union Berlin,D,22.2,0.0,0.035800807480071,0.035800807480071,0.4504504504504504,0.0,0.0208354686798007,0.4054054054054054,0.1811960730533879,0.1689844805042486,12000000.0,2026-05-27
Frederik Rönnow,Union Berlin,GK,29.33333333333333,0.0,0.0,0.0,0.0,0.0,0.0006362985904243,0.034090909090909,0.0612798674582419,0.0606435688678175,2000000.0,2026-05-27
Ilyas Ansah,Union Berlin,F M S,21.77777777777778,0.2295918367346938,0.1756844439363221,0.1756844439363221,1.5153061224489794,0.0459183673469387,0.0699035931302576,0.7806122448979591,0.3020289723989459,0.1369973769677537,12000000.0,2026-05-27
Janik Haberer,Union Berlin,D M S,18.466666666666665,0.0,0.0333894556724476,0.0333894556724476,0.5956678700361011,0.0541516245487364,0.0793914171440076,1.137184115523466,0.1421987295439904,0.0874601842647263,2000000.0,2026-05-27
Leopold Querfeld,Union Berlin,D S,30.011111111111116,0.0999629766753054,0.1297273477370464,0.0539777338986141,0.9663087745279526,0.0,0.0766707432271153,0.699740836727138,0.1647842886193246,0.1324657786545136,20000000.0,2026-05-27
Oliver Burke,Union Berlin,F M S,18.877777777777776,0.3178340200117716,0.3198120138855139,0.3198120138855139,1.8010594467333727,0.1059446733372572,0.1213171968281514,1.218363743378458,0.4919637892046629,0.0958630695868899,3000000.0,2026-05-27
Rani Khedira,Union Berlin,M,31.711111111111112,0.1576734407848633,0.0716182812996151,0.0716182812996151,0.7252978276103714,0.0315346881569726,0.0730259849323767,0.5045550105115627,0.2080275190337583,0.1015324492435628,2000000.0,2026-05-27
Tom Rothe,Union Berlin,D S,11.311111111111112,0.1768172888015717,0.1414599606661173,0.1414599606661173,1.6797642436149312,0.0,0.079834197221547,0.9724950884086444,0.1906568279639911,0.1149374654256758,10000000.0,2026-05-27
Woo-Yeong Jeong,Union Berlin,F M S,13.133333333333333,0.3045685279187817,0.204176302989803,0.204176302989803,1.6751269035532996,0.0761421319796954,0.0325234489146676,0.4568527918781726,0.317387505987574,0.1130312225464637,3500000.0,2026-05-27
Alexander Nübel,VfB Stuttgart,GK,34.0,0.0,0.0,0.0,0.0,0.0294117647058823,0.0108305889674845,0.1176470588235294,0.2261670379187254,0.2209078365498606,12000000.0,2026-05-27
Angelo Stiller,VfB Stuttgart,M S,30.57777777777778,0.065406976744186,0.1184529705828618,0.0936710288434094,0.5559593023255813,0.1635174418604651,0.1983375950319811,1.7659883720930232,0.6426951014788734,0.487104325059823,45000000.0,2026-05-27
Atakan Karazor,VfB Stuttgart,M S,21.177777777777777,0.0,0.0500254172651959,0.0500254172651959,0.3305351521511018,0.0472193074501574,0.0765521366223458,0.6138509968520461,0.5396659117962106,0.4228311371163769,8000000.0,2026-05-27
Bilal El Khannouss,VfB Stuttgart,F M S,18.377777777777776,0.2176541717049576,0.1682885234923233,0.1682885234923233,2.285368802902056,0.2720677146311971,0.2870740638223748,2.3941958887545347,0.6144507837109043,0.2958609342367863,35000000.0,2026-05-27
Chema Andres,VfB Stuttgart,M S,14.433333333333334,0.207852193995381,0.1369005433062207,0.1369005433062207,1.039260969976905,0.0,0.0844281256482796,1.039260969976905,0.5942616452125286,0.5206369010701466,20000000.0,2026-05-27
Chris Führich,VfB Stuttgart,F M S,19.18888888888889,0.3647944412275622,0.2226161870719313,0.2226161870719313,2.3451071221771858,0.3647944412275622,0.4079432554918351,2.5535610885929354,0.9293326849390746,0.5250791513771422,12000000.0,2026-05-27
Deniz Undav,VfB Stuttgart,F M S,25.122222222222224,0.7563025210084033,0.758593211363225,0.728429613123355,4.935869084475895,0.2388323750552852,0.2223047674071309,1.512605042016807,1.209280058010022,0.3857970273114777,22000000.0,2026-05-27
Ermedin Demirovic,VfB Stuttgart,F S,16.744444444444444,0.7166556071665561,0.517448865139255,0.472193456390241,2.448573324485733,0.179163901791639,0.1301718575171706,1.0152621101526211,0.7871156332454463,0.2583424878747319,22000000.0,2026-05-27
Finn Jeltsch,VfB Stuttgart,D S,16.677777777777777,0.0,0.0116981081739018,0.0116981081739018,0.1798800799467022,0.0599600266489007,0.0061085355839754,0.2998001332445036,0.3197098893177342,0.3102765450232987,35000000.0,2026-05-27
Jamie Leweling,VfB Stuttgart,D M S,26.5,0.2641509433962264,0.1548244838585268,0.1548244838585268,1.849056603773585,0.3396226415094339,0.2284793621807728,1.5471698113207548,0.6544412662679294,0.3403913008295139,40000000.0,2026-05-27
Joshua Vagnoman,VfB Stuttgart,D M S,17.655555555555555,0.0566393958464443,0.2014591065549003,0.2014591065549003,1.0761485210824415,0.1699181875393329,0.1201845063605797,0.9062303335431088,0.4290303710409686,0.1810567000091938,10000000.0,2026-05-27
Jeff Chabot,VfB Stuttgart,D S,25.633333333333333,0.0,0.063106504793343,0.063106504793343,0.7022106631989598,0.0,0.0107027980243431,0.2730819245773732,0.4303680388656565,0.4203777504244381,15000000.0,2026-05-27
Lorenz Assignon,VfB Stuttgart,D S,12.122222222222222,0.0,0.0557037763977056,0.0557037763977056,0.9899175068744273,0.0,0.0868448069512052,0.8249312557286893,0.4389047341832702,0.3507252211667986,9000000.0,2026-05-27
Maximilian Mittelstädt,VfB Stuttgart,D M S,24.444444444444443,0.2454545454545454,0.2026743715967644,0.0786745521578599,1.2681818181818183,0.1636363636363636,0.225822517377409,1.5136363636363637,0.6662176482040774,0.4946394138630819,18000000.0,2026-05-27
Nikolas Nartey,VfB Stuttgart,F M S,13.944444444444445,0.2868525896414343,0.3156433590943832,0.3156433590943832,1.5776892430278884,0.2151394422310757,0.2405479964744522,1.7211155378486056,0.903164983181602,0.385009485189302,10000000.0,2026-05-27
Ramon Hendriks,VfB Stuttgart,D S,22.344444444444445,0.0,0.0095404118988598,0.0095404118988598,0.2237692690203878,0.1342615614122327,0.026247042658716,0.2685231228244654,0.4198518566220391,0.4062699891111853,25000000.0,2026-05-27
Tiago Tomás,VfB Stuttgart,F M S,11.066666666666666,0.4518072289156626,0.500030285084104,0.500030285084104,3.162650602409639,0.2710843373493976,0.1137527162545775,0.993975903614458,0.7545318185766957,0.2423008653638233,15000000.0,2026-05-27
Amos Pieper,Werder Bremen,D,16.77777777777778,0.0,0.0230673286965153,0.0230673286965153,0.4768211920529801,0.0,0.0041551092355851,0.119205298013245,0.1314281986545253,0.1294172628480472,4000000.0,2026-05-27
Cameron Puertas,Werder Bremen,F M S,20.744444444444444,0.048205677557579,0.1070300106759306,0.1070300106759306,1.7836100696304231,0.096411355115158,0.1168211517794667,1.3497589716122125,0.3399524602282794,0.2292526223914759,7000000.0,2026-05-27
Jens Stage,Werder Bremen,M,27.655555555555555,0.3615910004017678,0.2205096250164216,0.2205096250164216,2.0610687022900764,0.0723182000803535,0.1257186190757635,0.9401366010445964,0.4567222024342916,0.2058344869734102,14000000.0,2026-05-27
Justin Njinmah,Werder Bremen,D F M S,21.81111111111111,0.2292409577177789,0.3107924139107209,0.3107924139107209,2.842587875700459,0.0,0.0568424424671786,0.7794192562404484,0.5118080889744475,0.1473602136123548,5000000.0,2026-05-27
Karim Coulibaly,Werder Bremen,D S,23.64444444444445,0.0422932330827067,0.0477967127156268,0.0477967127156268,0.2537593984962406,0.0,0.0081932990062505,0.2960526315789473,0.1699584500279446,0.160013938425949,28000000.0,2026-05-27
Marco Friedl,Werder Bremen,D S,28.355555555555554,0.0352664576802507,0.0257136243786721,0.0257136243786721,0.2821316614420063,0.0,0.0103400806972295,0.1763322884012539,0.2045882792652915,0.1961774858543912,10000000.0,2026-05-27
Marco Grüll,Werder Bremen,F M S,22.655555555555555,0.1324178518881804,0.1865088056303403,0.1865088056303403,1.897989210397253,0.0441392839627268,0.1021064284781488,1.4565963707699854,0.4212393819812599,0.2181250916208383,4000000.0,2026-05-27
Mio Backhaus,Werder Bremen,GK,32.0,0.0,0.0,0.0,0.0,0.0,0.0,0.0,0.1042731940106023,0.1042731940106023,15000000.0,2026-05-27
Olivier Deman,Werder Bremen,D S,13.9,0.0719424460431654,0.0308284298818317,0.0308284298818317,0.7194244604316546,0.1438848920863309,0.1064347130038755,1.223021582733813,0.3552806599856281,0.2683250380934571,3500000.0,2026-05-27
Romano Schmid,Werder Bremen,F M,33.37777777777778,0.1198402130492676,0.2377561195666707,0.146944001078303,1.707723035952064,0.2396804260985352,0.3078958283850647,2.606524633821571,0.5362797191815473,0.2081128071805092,15000000.0,2026-05-27
Samuel Mbangula,Werder Bremen,F M S,12.88888888888889,0.2327586206896551,0.1425007853881809,0.1425007853881809,1.3189655172413792,0.1551724137931034,0.0804516784204491,1.0862068965517242,0.3339241094052277,0.1480197984452262,8000000.0,2026-05-27
Senne Lynen,Werder Bremen,D M,30.73333333333333,0.0,0.0325707770750702,0.0325707770750702,0.8134490238611713,0.0,0.0402605983503405,0.455531453362256,0.295903321543462,0.2413684032441252,8000000.0,2026-05-27
Yukinari Sugawara,Werder Bremen,D S,27.155555555555555,0.0,0.0616519615083091,0.0616519615083091,1.104746317512275,0.220949263502455,0.0899711192727284,0.7364975450081833,0.2994272253497423,0.2006256013899834,5500000.0,2026-05-27
Aaron Zehnter,Wolfsburg,D M S,16.3,0.1226993865030674,0.1110195789623297,0.1110195789623297,0.6748466257668712,0.0,0.0646557642912572,0.98159509202454,0.3537672107890705,0.1904029675696525,5000000.0,2026-05-27
Adam Daghim,Wolfsburg,F M S,14.755555555555556,0.1355421686746988,0.2106873502292816,0.2106873502292816,1.8298192771084336,0.2033132530120481,0.2083748322490782,1.219879518072289,0.6632503193904118,0.3019630876145359,7500000.0,2026-05-27
Christian Eriksen,Wolfsburg,M S,27.177777777777777,0.1103843008994276,0.2049829642069834,0.0934541017503971,1.3982011447260834,0.3311529026982829,0.2908324944205698,2.2812755519215044,0.5257641405281432,0.3303818626653704,2500000.0,2026-05-27
Denis Vavro,Wolfsburg,D S,12.977777777777778,0.0770547945205479,0.1282950451323277,0.1282950451323277,0.9246575342465754,0.0,0.0136986603220439,0.2311643835616438,0.1314969700346509,0.1097215073141715,5000000.0,2026-05-27
Dzenan Pejcinovic,Wolfsburg,F S,16.055555555555557,0.4982698961937716,0.5164212143067979,0.5164212143067979,3.176470588235294,0.0,0.1024871233940949,0.7474048442906573,0.6142374263902332,0.1090315874008571,15000000.0,2026-05-27
Joakim Maehle,Wolfsburg,D M S,13.622222222222222,0.0734094616639478,0.0496724080962856,0.0496724080962856,1.0277324632952691,0.1468189233278956,0.1208505512794045,1.0277324632952691,0.369325241668007,0.2538835401624004,7000000.0,2026-05-27
Kamil Grabara,Wolfsburg,GK,34.0,0.0,0.0010708608828923,0.0010708608828923,0.0294117647058823,0.0,0.0011908884215004,0.088235294117647,0.135265360778088,0.1340744723291958,12000000.0,2026-05-27
Konstantinos Koulierakis,Wolfsburg,D S,27.511111111111116,0.1453957996768982,0.1292349838596048,0.1292349838596048,0.9450726978998384,0.0363489499192245,0.0642985768310773,0.5088852988691438,0.2815662971690225,0.2401302812842167,25000000.0,2026-05-27
Lovro Majer,Wolfsburg,M S,15.444444444444445,0.1294964028776978,0.2327776465015552,0.2327776465015552,1.7482014388489209,0.1942446043165467,0.1898300294637037,1.359712230215827,0.5328841802778004,0.1838708189215591,8000000.0,2026-05-27
Maximilian Arnold,Wolfsburg,M S,20.41111111111111,0.0489929232444202,0.0179996303595484,0.0179996303595484,0.6369080021774632,0.195971692977681,0.2081184715507111,1.4207947740881872,0.2516347128303725,0.2116641521537002,3000000.0,2026-05-27
Mohammed Amoura,Wolfsburg,F M S,21.655555555555555,0.3694202154951257,0.4597665651105516,0.424774312168138,2.770651616213443,0.1385325808106721,0.1834449533462952,1.1082606464853773,0.6909440599836834,0.2053485637871867,20000000.0,2026-05-27
Moritz Jenz,Wolfsburg,D S,19.944444444444443,0.0501392757660167,0.0332839156923851,0.0332839156923851,0.2506963788300836,0.0,0.0034175453017515,0.1002785515320334,0.1733041893960623,0.1698866440943107,5000000.0,2026-05-27
Patrick Wimmer,Wolfsburg,F M S,18.64444444444445,0.2145411203814064,0.1950928876653793,0.1950928876653793,1.2872467222884385,0.1609058402860548,0.1206562618466362,0.8581644815256256,0.4464858581053361,0.1862555216160892,12000000.0,2026-05-27
Sael Kumbedi,Wolfsburg,D M S,20.27777777777778,0.0,0.0229136087459652,0.0229136087459652,0.2465753424657534,0.2465753424657534,0.1538838949309636,0.8876712328767123,0.3013819702428906,0.2010031872518258,12000000.0,2026-05-27
Vinicius Souza,Wolfsburg,M S,19.933333333333334,0.0,0.0366700629868784,0.0366700629868784,0.451505016722408,0.0,0.0391085294346297,0.4013377926421405,0.2520578774470948,0.2215100652584961,7000000.0,2026-05-27
Yannick Gerhardt,Wolfsburg,D M S,12.0,0.0833333333333333,0.0960143897682428,0.0960143897682428,0.9166666666666666,0.0,0.0753962186475594,0.6666666666666666,0.2089742018530766,0.0982604407084485,1800000.0,2026-05-27
Adrien Rabiot,AC Milan,M S,28.288888888888888,0.2120974076983503,0.1542235073067968,0.1542235073067968,1.6260801256873527,0.1413982717989002,0.1392013841299142,0.9544383346425768,0.5536856082577525,0.3544369187624503,18000000.0,2026-05-29
Alexis Saelemaekers,AC Milan,D F M S,31.322222222222223,0.0957786449095424,0.1148766895267833,0.1148766895267833,1.372827243703441,0.0957786449095424,0.1528604886732115,1.6920893934019154,0.5812750422667002,0.3533525490534035,20000000.0,2026-05-29
Christian Pulisic,AC Milan,F S,17.91111111111111,0.4466501240694789,0.532891079043928,0.4903868024720447,3.0148883374689825,0.2233250620347394,0.2813051400068343,2.1215880893300247,0.9085284225369986,0.3510867375603163,40000000.0,2026-05-29
Christopher Nkunku,AC Milan,F S,14.922222222222222,0.4690990320178704,0.6661541519196994,0.4110651939818864,1.943410275502606,0.201042442293373,0.1081421220299253,1.0722263588979897,0.5844612644010307,0.167046062653844,25000000.0,2026-05-29
Davide Bartesaghi,AC Milan,D M S,27.18888888888889,0.0735594605639558,0.0505407620487794,0.0505407620487794,0.8091540662035145,0.0,0.1439422304530045,1.618308132407029,0.3607168468952325,0.2934683001024361,22000000.0,2026-05-29
Estupiñán,AC Milan,D S,11.61111111111111,0.0861244019138756,0.0410947388029127,0.0410947388029127,0.7751196172248804,0.0861244019138756,0.1362001065289575,1.1196172248803828,0.6482927591214626,0.5960121304687986,3000000.0,2026-05-20
Fikayo Tomori,AC Milan,D S,28.57777777777778,0.0,0.0207997585500519,0.0207997585500519,0.3149300155520995,0.0699844479004665,0.0350492643981789,0.1399688958009331,0.311750365612365,0.261331370366885,17000000.0,2026-05-29
Koni de Winter,AC Milan,D S,19.966666666666665,0.0500834724540901,0.039894138268492,0.039894138268492,0.3505843071786311,0.0500834724540901,0.032547109547337,0.2504173622704507,0.4030205302238962,0.3952780174704048,23000000.0,2026-05-29
Luka Modric,AC Milan,M S,31.41111111111111,0.0636717368234878,0.0396966399920779,0.0396966399920779,0.6367173682348779,0.0955076052352316,0.1281683357596545,1.5917934205871949,0.4850891870942308,0.4424665503000934,3500000.0,2026-05-29
Matteo Gabbia,AC Milan,D S,28.122222222222224,0.0,0.0549146997091422,0.0549146997091422,0.675622283682339,0.0,0.0018470947667868,0.0711181351244567,0.2910737605660223,0.2807036686375154,17000000.0,2026-05-29
Mike Maignan,AC Milan,GK,36.62222222222222,0.0,0.0,0.0,0.0,0.0,0.0,0.0,0.1440509390571941,0.1440509390571941,20000000.0,2026-05-29
Rafael Leão,AC Milan,F S,20.822222222222223,0.4322305229455709,0.4611352974053953,0.3880116097398476,3.0256136606189967,0.144076840981857,0.2390454068984697,1.104589114194237,0.7555901995097687,0.2322337820354686,50000000.0,2026-05-29
Ruben Loftus-Cheek,AC Milan,F M S,12.466666666666669,0.2406417112299465,0.3320337970178316,0.3320337970178316,2.3262032085561497,0.0802139037433155,0.0835197529491575,0.8021390374331551,0.5883707770988106,0.355921192443307,8500000.0,2026-05-29
Samuele Ricci,AC Milan,M S,14.144444444444444,0.0706991358994501,0.1489041563934073,0.1489041563934073,1.272584446190102,0.2827965435978005,0.1966594326260843,1.4139827179890023,0.6185329453222226,0.3764291176863618,22000000.0,2026-05-29
Santiago Giménez,AC Milan,F S,10.055555555555555,0.0,0.3768535519008478,0.3768535519008478,2.685082872928177,0.0994475138121546,0.0545063989844111,0.3977900552486187,0.4287907454848948,0.1191886645942432,18000000.0,2026-05-29
Strahinja Pavlovic,AC Milan,D S,31.95555555555556,0.1564673157162726,0.1223858196407515,0.1223858196407515,0.8136300417246175,0.0312934631432545,0.0223914838638234,0.4694019471488178,0.404205671278436,0.3408610398307318,40000000.0,2026-05-29
Youssouf Fofana,AC Milan,M S,24.788888888888888,0.080681308830121,0.1849668976236744,0.1849668976236744,1.7749887942626623,0.1210219632451815,0.1467751798018352,1.4522635589421784,0.5389048062525406,0.257079621166632,23000000.0,2026-05-29
Berat Gjimshiti,Atalanta,D S,28.022222222222226,0.0,0.0604527893097307,0.0604527893097307,0.570975416336241,0.0,0.0118451399180645,0.1784298176050753,0.3421719928813432,0.3185763069104276,4000000.0,2026-05-29
Charles De Ketelaere,Atalanta,F M S,24.511111111111116,0.1223934723481414,0.1854655436212272,0.1854655436212272,1.8766999093381684,0.2039891205802357,0.4346048112212259,2.611060743427017,0.8089793564841246,0.3092952150300969,30000000.0,2026-05-29
Daniel Maldini,Atalanta,F M S,10.488888888888887,0.1906779661016949,0.2681984596538468,0.2681984596538468,2.192796610169492,0.0953389830508474,0.1131784027122687,1.048728813559322,0.4485807923789499,0.1664631946162336,9000000.0,2026-05-29
Davide Zappacosta,Atalanta,D M S,28.944444444444443,0.1036468330134357,0.1114773428686063,0.1114773428686063,1.2783109404990405,0.1036468330134357,0.1556597108418218,1.4510556621881,0.4956753561827364,0.3242039479701395,3500000.0,2026-05-29
Gianluca Scamacca,Atalanta,F S,14.644444444444444,0.6828528072837633,0.605607596911456,0.501636592628878,3.892261001517451,0.0682852807283763,0.0926380005152118,1.1608497723823976,0.6965787032243197,0.2528307102451013,25000000.0,2026-05-29
Giorgio Scalvini,Atalanta,D S,20.45555555555556,0.1466594242259641,0.1887291499870358,0.1887291499870358,0.977729494839761,0.048886474741988,0.0772843009497341,0.6844106463878327,0.6037437249256307,0.4945846794336014,38000000.0,2026-05-29
Honest Ahanor,Atalanta,D S,15.2,0.0,0.1567064166853302,0.1567064166853302,0.8552631578947368,0.0,0.0081441416650226,0.131578947368421,0.2164336519413872,0.1917454360150977,30000000.0,2026-05-29
Isak Hien,Atalanta,D S,21.677777777777777,0.0461301896463352,0.0499748789262826,0.0499748789262826,0.4151717068170169,0.0,0.0049475051733788,0.0922603792926704,0.2959952774008441,0.2932388587701571,22000000.0,2026-05-29
Kamaldeen Sulemana,Atalanta,M S,11.033333333333331,0.1812688821752265,0.2254924694712068,0.2254924694712068,2.2658610271903323,0.0906344410876132,0.2066225494930571,1.1782477341389728,0.7167169456215423,0.3523612597512695,17000000.0,2026-05-29
Lazar Samardzic,Atalanta,M S,11.166666666666666,0.1791044776119403,0.2486351420407864,0.2486351420407864,2.238805970149254,0.0895522388059701,0.212854225244095,2.5074626865671643,0.7657307266855419,0.4070202737713038,16000000.0,2026-05-29
Lorenzo Bernasconi,Atalanta,D M S,17.444444444444443,0.0,0.0239959053968073,0.0239959053968073,0.5159235668789809,0.1719745222929936,0.1803502054517246,1.5477707006369428,0.4450803912915052,0.371107207089188,20000000.0,2026-05-29
Marco Brescianini,Atalanta,M S,11.311111111111112,0.1768172888015717,0.2078493717830987,0.2078493717830987,1.149312377210216,0.0884086444007858,0.1097833868097843,0.8840864440078585,0.4293598716141754,0.217244165459161,9000000.0,2026-05-29
Marco Carnesecchi,Atalanta,GK,37.0,0.0,0.0,0.0,0.0,0.0,0.0,0.0,0.1866464058088289,0.1866464058088289,30000000.0,2026-05-29
Mario Pasalic,Atalanta,M S,21.355555555555554,0.1404786680541103,0.1617309556349445,0.1617309556349445,1.1238293444328824,0.1873048907388137,0.2926316199694352,1.8730489073881376,0.7693062934338365,0.486763699404686,6000000.0,2026-05-29
Marten de Roon,Atalanta,D M S,30.22222222222222,0.0330882352941176,0.0272909677108092,0.0272909677108092,0.5294117647058824,0.0661764705882353,0.0525016944773276,0.761029411764706,0.5123194196220378,0.4495289475068121,3200000.0,2026-05-29
Nicola Zalewski,Atalanta,D M S,21.3,0.0938967136150234,0.1473631459712422,0.1473631459712422,1.784037558685446,0.1877934272300469,0.2414767710850552,1.6901408450704225,0.4858708680725432,0.2799331507877284,20000000.0,2026-05-29
Nikola Krstovic,Atalanta,F S,19.788888888888888,0.5053340819764177,0.7921103921032301,0.7921103921032301,5.002807411566536,0.2526670409882088,0.1632536148808265,1.162268388545761,0.9917671283616032,0.158986563050198,30000000.0,2026-05-29
Odilon Kossounou,Atalanta,D S,10.9,0.091743119266055,0.0242390129886089,0.0242390129886089,0.4587155963302752,0.0,0.023595275476985,0.3669724770642201,0.3800890584467747,0.3532889864723617,15000000.0,2026-05-29
Raoul Bellanova,Atalanta,D M S,15.266666666666667,0.0,0.0328169469863957,0.0328169469863957,0.851528384279476,0.0655021834061135,0.1272458814117065,1.3755458515283845,0.3804725533408238,0.2700269970164418,15000000.0,2026-05-29
Sead Kolasinac,Atalanta,D S,13.7,0.0,0.0089629051567864,0.0089629051567864,0.218978102189781,0.0,0.0,0.0,0.3066208923276323,0.3042925905137166,4000000.0,2026-05-29
Éderson,Atalanta,M S,25.03333333333333,0.0798934753661784,0.2215586809414164,0.1911472760701425,1.3981358189081223,0.0399467376830892,0.0882992878328071,0.9986684420772304,0.6493505766086984,0.4891214700299159,10000000.0,2026-05-21
Éderson,Atalanta,M S,25.03333333333333,0.0798934753661784,0.2215586809414164,0.1911472760701425,1.3981358189081223,0.0399467376830892,0.0882992878328071,0.9986684420772304,0.6493505766086984,0.4891214700299159,45000000.0,2026-05-29
Federico Bernardeschi,Bologna,F M S,13.311111111111112,0.3005008347245408,0.2388426858794957,0.181649952010564,2.9298831385642736,0.1502504173622704,0.2682193374737027,2.1786310517529213,0.6061164630679584,0.236995377039882,3500000.0,2026-05-29
Federico Ravaglia,Bologna,GK S,16.31111111111111,0.0,0.0,0.0,0.0,0.0,0.0,0.0,0.0675384134272423,0.0675384134272423,1800000.0,2026-05-29
Giovanni Fabbian,Bologna,M S,12.88888888888889,0.1551724137931034,0.2068001503959811,0.2068001503959811,1.706896551724138,0.0,0.128249920438975,0.6982758620689655,0.391379343666907,0.1538372163596595,10000000.0,2026-05-29
Jens Odgaard,Bologna,F M S,15.455555555555556,0.3235082674335011,0.1765577756618313,0.1765577756618313,2.264557872034508,0.0647016534867002,0.0605790673786577,0.905823148813803,0.3877631502961144,0.2026756303579065,12000000.0,2026-05-29
Jhon Lucumí,Bologna,D S,25.355555555555554,0.0394390885188431,0.0543717748920558,0.0543717748920558,0.315512708150745,0.0,0.0310501142826966,0.2760736196319018,0.295553890032013,0.2675928880369142,22000000.0,2026-05-29
Jonathan Rowe,Bologna,F M S,17.91111111111111,0.1674937965260546,0.277876952841009,0.277876952841009,2.679900744416873,0.1116625310173697,0.1507250396604129,1.1724565756823822,0.459636116490489,0.0771627192692854,28000000.0,2026-05-29
João Mário,Bologna,D S,11.144444444444444,0.0897308075772682,0.0252341224643906,0.0252341224643906,0.6281156530408774,0.0,0.0657554176577542,0.7178464606181456,0.320409811997892,0.2459107639949587,1500000.0,2026-06-04
João Mário,Bologna,D S,11.144444444444444,0.0897308075772682,0.0252341224643906,0.0252341224643906,0.6281156530408774,0.0,0.0657554176577542,0.7178464606181456,0.320409811997892,0.2459107639949587,8000000.0,2026-05-29
Juan Miranda,Bologna,D S,28.622222222222224,0.0349378881987577,0.0180666354233225,0.0180666354233225,0.4541925465838509,0.1048136645962732,0.1573803132365208,2.2360248447204967,0.4079536964082135,0.320521771124353,15000000.0,2026-05-29
Lewis Ferguson,Bologna,M S,17.511111111111113,0.0571065989847715,0.0371898603058292,0.0371898603058292,0.7423857868020304,0.0,0.0894171268877757,0.9137055837563453,0.2969620955947238,0.2497990072709578,14000000.0,2026-05-29
Lukasz Skorupski,Bologna,GK,17.711111111111112,0.0,0.0,0.0,0.0,0.0,0.0,0.0,0.0913209521060942,0.0913209521060942,2000000.0,2026-05-29
Martin Vitík,Bologna,D S,14.666666666666666,0.0,0.0503173687664622,0.0503173687664622,0.5454545454545455,0.0,0.0116523968225175,0.2045454545454545,0.1230019317431883,0.1076460026881911,13000000.0,2026-05-29
Nadir Zortea,Bologna,D S,19.73333333333333,0.0,0.0213894828354839,0.0213894828354839,0.5574324324324325,0.1013513513513513,0.1448486263020517,1.3175675675675675,0.2928550140869275,0.1650538434891181,7000000.0,2026-05-29
Nicolò Cambiaghi,Bologna,F M S,16.77777777777778,0.1788079470198675,0.1738488794372275,0.1738488794372275,1.4304635761589404,0.23841059602649,0.1806100036899577,1.0728476821192052,0.3968702984097975,0.1090674627300919,14000000.0,2026-05-29
Nikola Moro,Bologna,M S,19.822222222222223,0.0504484304932735,0.0469869627061847,0.0469869627061847,1.0594170403587444,0.0,0.1035373012019496,1.311659192825112,0.3146962836622824,0.2567163115521818,7000000.0,2026-05-29
Remo Freuler,Bologna,M S,24.844444444444445,0.0402504472271914,0.0676661301137669,0.0676661301137669,0.3220035778175313,0.0805008944543828,0.0540069992610708,0.8855098389982111,0.389428208019811,0.2877584909012271,3000000.0,2026-05-29
Riccardo Orsolini,Bologna,F M S,23.844444444444445,0.4193849021435228,0.4567177548226861,0.2651514166762977,3.438956197576887,0.0419384902143522,0.071666541041499,1.0904007455731592,0.5372555608681481,0.2811766905625041,15000000.0,2026-05-29
Santiago Castro,Bologna,F S,26.45555555555556,0.2645947081058379,0.3136992505964726,0.3136992505964726,2.381352372952541,0.0755984880302394,0.1032910730763299,1.0583788324233516,0.410819302181213,0.0593832673224104,32000000.0,2026-05-29
Simon Sohm,Bologna,M S,16.07777777777778,0.0,0.0493617809320328,0.0493617809320328,0.5597788527988942,0.0621976503109882,0.1271785620816242,0.9329647546648236,0.3093895809525404,0.2302694736974109,8000000.0,2026-05-29
Tommaso Pobega,Bologna,M S,16.066666666666666,0.1867219917012448,0.1145513188209833,0.1145513188209833,1.5560165975103737,0.0622406639004149,0.0342956385324048,0.3734439834024896,0.3310022624286811,0.2085585432335796,8000000.0,2026-05-29
Torbjørn Heggem,Bologna,D S,23.433333333333334,0.0,0.0433198273033539,0.0433198273033539,0.4694167852062589,0.0,0.0021718888627007,0.0853485064011379,0.1774357443285912,0.1769227470545519,13000000.0,2026-05-29
Adam Obert,Cagliari,D S,31.25555555555556,0.0,0.0433909834236425,0.0433909834236425,0.3199431212228937,0.0959829363668681,0.1186749799302198,0.8318521151795236,0.2913727575480683,0.2359465806431461,7000000.0,2026-05-29
Alessandro Deiola,Cagliari,D M S,16.044444444444444,0.0,0.1389039092609488,0.1389039092609488,1.371191135734072,0.1246537396121883,0.0371154750196825,0.3739612188365651,0.2833109208282052,0.1851345629268777,1500000.0,2026-05-29
Elia Caprile,Cagliari,GK,38.0,0.0,0.0,0.0,0.0,0.0,0.0032345589838529,0.0263157894736842,0.0629078685796182,0.0596733095957652,15000000.0,2026-05-29
Gabriele Zappa,Cagliari,D S,17.58888888888889,0.0,0.0642007583456934,0.0642007583456934,0.6253948199620973,0.1705622236260265,0.1197670022318691,0.7391029690461149,0.34447417536248,0.2371690208851274,3000000.0,2026-05-29
Gennaro Borrelli,Cagliari,F S,14.033333333333331,0.3562945368171021,0.3263629473427271,0.3263629473427271,2.137767220902613,0.0712589073634204,0.0620516288954755,0.8551068883610451,0.4080134461193639,0.1848923271818356,3000000.0,2026-05-29
Gianluca Gaetano,Cagliari,F M S,21.33333333333333,0.09375,0.0935736423562048,0.0935736423562048,1.59375,0.1875,0.1038212767598452,1.265625,0.3603295914799673,0.2646861828980036,6500000.0,2026-05-29
Juan Rodríguez,Cagliari,D S,14.744444444444444,0.0678221552373775,0.0812804397580178,0.0812804397580178,0.2034664657121326,0.0,0.0,0.0,0.1735386647952169,0.1716313696134423,10000000.0,2026-05-29
Marco Palestra,Cagliari,D F M S,34.3,0.0291545189504373,0.0481990720729178,0.0481990720729178,0.8454810495626823,0.1166180758017492,0.1282085611894944,0.9329446064139942,0.246182138659603,0.1129266627013422,35000000.0,2026-05-29
Matteo Prati,Cagliari,M S,21.03333333333333,0.0475435816164817,0.0797139475249025,0.0797139475249025,1.4738510301109349,0.0475435816164817,0.0807900433524522,0.618066561014263,0.2878916146390128,0.2026558235264051,5500000.0,2026-05-29
Michael Folorunsho,Cagliari,D F M S,22.57777777777778,0.0885826771653543,0.1305331065279145,0.1305331065279145,1.5944881889763778,0.0,0.0418096800897578,0.6200787401574803,0.2327252130297298,0.1190779372677573,5000000.0,2026-05-29
Ndary Adopo,Cagliari,D M S,34.15555555555556,0.029277813923227,0.0740419485452951,0.0740419485452951,0.8197787898503578,0.0585556278464541,0.0714521995844366,0.7905009759271308,0.2578909100301772,0.1703866586457542,,
Sebastiano Esposito,Cagliari,F M S,30.566666666666663,0.2290076335877862,0.1879307677646369,0.1630245904349838,1.8647764449291169,0.163576881134133,0.1824789037095177,2.322791712104689,0.3757821266400255,0.1558349609188126,15000000.0,2026-05-29
Sebastiano Luperto,Cagliari,D,33.6,0.0297619047619047,0.0282277780102698,0.0282277780102698,0.3571428571428571,0.0297619047619047,0.0378228270537441,0.1785714285714285,0.1503494636771003,0.1386949716557172,4000000.0,2026-05-29
Semih Kiliçsoy,Cagliari,F S,10.811111111111112,0.3699897225077081,0.1899819603746896,0.1899819603746896,1.5724563206577593,0.0,0.0361496025078067,1.0174717368961972,0.2766721362663473,0.0969919502804053,11000000.0,2026-05-29
Yerry Mina,Cagliari,D,24.022222222222226,0.0832562442183163,0.0733078769765704,0.0733078769765704,0.4162812210915819,0.0,0.0178081347201291,0.3330249768732655,0.1928115311568942,0.1912745324227955,2500000.0,2026-05-29
Zé Pedro,Cagliari,D S,19.14444444444445,0.0,0.0389133833102272,0.0389133833102272,0.3656413232733604,0.0522344747533372,0.0239140301449867,0.1567034242600116,0.1830278262841929,0.1581964174148238,3000000.0,2026-05-29
Zé Pedro,Cagliari,D S,19.14444444444445,0.0,0.0389133833102272,0.0389133833102272,0.3656413232733604,0.0522344747533372,0.0239140301449867,0.1567034242600116,0.1830278262841929,0.1581964174148238,550000.0,2025-12-22
Alberto Moreno,Como,D S,13.77777777777778,0.1451612903225806,0.1156590823084116,0.1156590823084116,0.7983870967741935,0.0725806451612903,0.1396499241461917,1.0887096774193548,0.4961380796927598,0.35428870562464,1000000.0,2026-05-29
Assane Diao,Como,M S,12.2,0.1639344262295082,0.260293190291182,0.260293190291182,2.540983606557377,0.0819672131147541,0.1379007926271831,0.7377049180327869,0.5275739477489327,0.147560005244173,30000000.0,2026-05-29
Diego Carlos,Como,D S,21.622222222222224,0.0462487153134635,0.0773944536019174,0.0773944536019174,0.3699897225077081,0.0,0.0022130948276032,0.092497430626927,0.2462398631637963,0.2435343996655169,5000000.0,2026-05-29
Ignace Van der Brempt,Como,D S,10.166666666666666,0.0,0.0160279488954387,0.0160279488954387,0.2950819672131147,0.0983606557377049,0.0802353289527971,0.4918032786885246,0.4299160845455576,0.4024340625180573,3000000.0,2026-05-29
Ivan Smolcic,Como,D S,18.72222222222222,0.0,0.0603844229165099,0.0603844229165099,0.6409495548961425,0.0534124629080118,0.0779155587186091,0.7477744807121662,0.2857282440280349,0.258900580336326,3500000.0,2026-05-29
Jacobo Ramón,Como,D S,30.488888888888887,0.0655976676384839,0.1794883572026739,0.1794883572026739,1.2791545189504374,0.0,0.0336994541640618,0.3607871720116618,0.3656118427628635,0.3419309431610971,30000000.0,2026-05-29
Jean Butez,Como,GK,38.0,0.0,0.0,0.0,0.0,0.0263157894736842,0.0118733429791111,0.0789473684210526,0.2149864384708436,0.2031130953936984,8000000.0,2026-05-29
Jesús Rodriguez,Como,F M S,19.2,0.1041666666666666,0.2042422458180226,0.2042422458180226,2.34375,0.46875,0.3630893704636643,1.875,0.7238029676955194,0.2331083147631338,350000.0,2026-05-20
Jesús Rodriguez,Como,F M S,19.2,0.1041666666666666,0.2042422458180226,0.2042422458180226,2.34375,0.46875,0.3630893704636643,1.875,0.7238029676955194,0.2331083147631338,30000000.0,2026-05-29
Lucas Da Cunha,Como,M S,30.72222222222222,0.1952983725135623,0.2254514410168902,0.1263311601211915,1.3670886075949369,0.1301989150090416,0.196000505656435,1.464737793851718,0.5693428105932355,0.4138243819568407,20000000.0,2026-05-29
Marc-Oliver Kempf,Como,D S,25.744444444444444,0.1553733275787656,0.1275238983797767,0.1275238983797767,0.8545533016832111,0.0388433318946914,0.0427251531033871,0.3107466551575313,0.3349449800791272,0.3294593798793309,3500000.0,2026-05-29
Martin Baturina,Como,F M S,17.544444444444444,0.3419886003799873,0.1083586487843595,0.1083586487843595,1.5959468017732743,0.1709943001899936,0.3816671103257933,3.476884103863205,0.6759495669273994,0.4026243485335763,30000000.0,2026-05-29
Maxence Caqueret,Como,M S,16.58888888888889,0.1205626255860683,0.1046153114907748,0.1046153114907748,1.0850636302746148,0.3616878767582049,0.1675820811879331,1.5673141326188882,0.643283882417279,0.4483843379081972,13000000.0,2026-05-29
Mergim Vojvoda,Como,D F M S,17.8,0.1123595505617977,0.0826460249680146,0.0826460249680146,1.0112359550561798,0.1123595505617977,0.1738350525017032,1.6292134831460674,0.4449179636712154,0.2711608919597576,2500000.0,2026-05-29
Máximo Perrone,Como,M S,30.64444444444445,0.0978970268310369,0.0811371463671748,0.0811371463671748,0.5873821609862219,0.1305293691080493,0.0827464587686609,1.0442349528643944,0.5381977865290088,0.3994618460976337,35000000.0,2026-05-29
Nico Paz,Como,F M S,32.27777777777778,0.3717728055077453,0.2757957651890596,0.2286240663988557,3.748709122203098,0.1858864027538726,0.2178823836083666,1.580034423407917,0.6119875347309084,0.2748899072626679,80000000.0,2026-05-29
Tasos Douvikas,Como,F S,25.322222222222223,0.5528740675734971,0.5991064878724133,0.5690420318939227,2.5669153137340937,0.0394910048266783,0.0885379772932448,0.9477841158402808,0.7132794753210672,0.1275705653167166,25000000.0,2026-05-29
Álex Valle,Como,D S,22.53333333333333,0.044378698224852,0.0392930638651258,0.0392930638651258,0.4881656804733727,0.1775147928994082,0.0655662047831044,0.621301775147929,0.3745415923598955,0.3002778456557387,12000000.0,2026-05-29
Álvaro Morata,Como,F S,10.188888888888888,0.0,0.4819629096193493,0.4072443790928813,2.257360959651036,0.0981461286804798,0.0762744737238569,0.9814612868047984,0.3605843540748242,0.0642871515746172,6000000.0,2026-05-29
Alberto Grassi,Cremonese,M S,19.53333333333333,0.0,0.0390323484952183,0.0390323484952183,0.6655290102389078,0.0,0.0231607020562419,0.409556313993174,0.1890218966567425,0.1383225347865817,1400000.0,2026-05-29
Alessio Zerbin,Cremonese,D M S,18.25555555555556,0.0,0.0997756473148696,0.0997756473148696,1.1503347534996955,0.1643335362142422,0.1362157471895181,0.931223371880706,0.2812360083129953,0.1081419209153258,2000000.0,2026-05-29
Antonio Sanabria,Cremonese,F S,10.233333333333333,0.0977198697068403,0.2912000304615847,0.2912000304615847,1.1726384364820848,0.0977198697068403,0.1938570973976039,0.5863192182410424,0.387943696036498,0.0363217571489391,1800000.0,2026-05-29
Emil Audero,Cremonese,GK,34.0,0.0,0.0,0.0,0.0,0.0,0.0,0.0,0.0288176438223351,0.0288176438223351,2800000.0,2026-05-29
Federico Baschirotto,Cremonese,D,28.22222222222222,0.0708661417322834,0.0403781063766695,0.0403781063766695,0.4251968503937008,0.0,0.0025067614596777,0.0708661417322834,0.0650884125851036,0.0604726658826033,3500000.0,2026-05-29
Federico Bonazzoli,Cremonese,F S,28.566666666666663,0.3500583430571762,0.3158702525552558,0.2359205517263663,2.625437572928821,0.0350058343057176,0.0536563754942411,0.455075845974329,0.3584748909231645,0.1331597101160672,2500000.0,2026-05-29
Filippo Terracciano,Cremonese,D S,33.58888888888889,0.0595434998346013,0.0694618229373791,0.0694618229373791,0.4168044988422097,0.0,0.0190743832598497,0.3274892490903076,0.1251679340859901,0.1112480887454933,4500000.0,2026-05-29
Giuseppe Pezzella,Cremonese,D M S,28.877777777777776,0.0,0.004066721686363,0.004066721686363,0.2077722200846479,0.0346287033474413,0.0575700043526841,0.9349749903809158,0.173456969955114,0.1288244698810125,2000000.0,2026-05-29
Jamie Vardy,Cremonese,F S,23.55555555555556,0.2971698113207547,0.2666871054888755,0.2666871054888755,1.2735849056603772,0.0849056603773584,0.090153907917721,0.6367924528301886,0.4325968861966481,0.1137550544028855,1000000.0,2026-05-29
Jari Vandeputte,Cremonese,M S,21.966666666666665,0.0455235204855842,0.0960776699093567,0.0960776699093567,0.9104704097116844,0.2276176024279211,0.2853417095808773,2.458270106221548,0.3370767149209343,0.1878151074277975,3000000.0,2026-05-29
Martín Payero,Cremonese,M S,16.322222222222223,0.0612661674608577,0.0877447655060568,0.0877447655060568,1.4091218515997277,0.0,0.0342112482405585,0.7964601769911505,0.2034986896822045,0.1377164019199457,5000000.0,2026-05-29
Matteo Bianchetti,Cremonese,D S,24.68888888888889,0.0,0.0304267282114036,0.0304267282114036,0.2835283528352835,0.081008100810081,0.0197561124853561,0.162016201620162,0.134547322101616,0.1222950396061775,800000.0,2026-05-29
Morten Thorsby,Cremonese,M S,15.444444444444445,0.1942446043165467,0.1760479551036473,0.1760479551036473,1.359712230215827,0.0647482014388489,0.051558352316723,0.5827338129496403,0.2699052246702875,0.1161287035190051,2800000.0,2026-05-29
Romano Floriani,Cremonese,D M S,12.844444444444443,0.0,0.0155902921889222,0.0155902921889222,0.389273356401384,0.0778546712802768,0.10138963974342,0.7006920415224913,0.1537138008058174,0.0933457696633123,2500000.0,2026-05-29
Tommaso Barbieri,Cremonese,D M S,18.844444444444445,0.0,0.0524781451325529,0.0524781451325529,0.8490566037735848,0.053066037735849,0.0973089026585924,0.5306603773584906,0.2699216070391659,0.1237573300846325,3800000.0,2026-05-29
Warren Bondo,Cremonese,M S,19.866666666666667,0.0,0.0143768815573729,0.0143768815573729,0.4026845637583892,0.0,0.0081436032266824,0.1510067114093959,0.1733225477615609,0.1508020621336896,6000000.0,2026-05-29
Youssef Maleh,Cremonese,M S,17.488888888888887,0.0571791613722998,0.0736765317225963,0.0736765317225963,1.2579415501905973,0.0,0.0368966301607282,0.5146124523506989,0.1697834839705932,0.1043572459604208,1500000.0,2026-05-29
Albert Gudmundsson,Fiorentina,F M S,25.444444444444443,0.1965065502183406,0.2281154764564016,0.1383553530907006,1.611353711790393,0.1572052401746725,0.1487481607750513,1.218340611353712,0.4261584074915627,0.2379371991267175,12000000.0,2026-05-29
Cher Ndour,Fiorentina,M S,20.83333333333333,0.144,0.1254258080720901,0.1254258080720901,1.152,0.0,0.0166938144117593,0.336,0.301796124458313,0.2080211826860905,20000000.0,2026-05-29
David de Gea,Fiorentina,GK,37.0,0.0,0.0,0.0,0.0,0.0,0.0007128584123141,0.027027027027027,0.1196189964743884,0.1189061382130996,3500000.0,2026-05-29
Dodô,Fiorentina,D M,35.08888888888889,0.0284990500316656,0.0392449179167627,0.0392449179167627,0.7124762507916402,0.0569981000633312,0.1535437717394427,1.4534515516149462,0.414041482540882,0.2979684436954487,16000000.0,2026-05-29
Fabiano Parisi,Fiorentina,D F M S,17.22222222222222,0.0580645161290322,0.0756141166473108,0.0756141166473108,1.3935483870967742,0.0580645161290322,0.1114194863746243,1.103225806451613,0.394151658745062,0.2592270409748439,6000000.0,2026-05-29
Hans Nicolussi Caviglia,Fiorentina,M S,16.177777777777777,0.0,0.0529542679778187,0.0529542679778187,1.2362637362637363,0.2472527472527472,0.1078378417846429,1.1744505494505495,0.2689417901801989,0.1935709109094894,6000000.0,2026-05-29
Jack Harrison,Fiorentina,D F M S,10.922222222222222,0.091556459816887,0.0840034839789082,0.0840034839789082,1.190233977619532,0.2746693794506612,0.1220245409040642,1.3733468972533065,0.4979277212297807,0.3478226564741207,6500000.0,2026-05-29
Luca Ranieri,Fiorentina,D S,27.655555555555555,0.0361591000401767,0.0750689836037103,0.0750689836037103,0.6508638007231821,0.0,0.0372457744193728,0.2531137002812375,0.2242527840162865,0.1817223088207399,6000000.0,2026-05-29
Marin Pongracic,Fiorentina,D S,32.477777777777774,0.0,0.0182579993867747,0.0182579993867747,0.2463222716387273,0.0,0.0212112191606987,0.2463222716387273,0.2093396711555442,0.1969811653771243,6500000.0,2026-05-29
Moise Kean,Fiorentina,F S,22.68888888888889,0.3525954946131244,0.6778342731344449,0.6107266409182145,4.319294809010773,0.0440744368266405,0.0027768305219147,0.1322233104799216,0.5187385106490273,0.0372762014919729,32000000.0,2026-05-29
Nicolo Fagioli,Fiorentina,M S,28.75555555555556,0.0695517774343122,0.0662286789696289,0.0662286789696289,1.1476043276661514,0.1043276661514683,0.1816814896755691,2.2256568778979906,0.5329954573075637,0.3854239355179681,16000000.0,2026-05-29
Pietro Comuzzo,Fiorentina,D S,18.855555555555554,0.0530347672362993,0.0432182846916867,0.0432182846916867,0.5303476723629935,0.0,0.0023529995188916,0.159104301708898,0.3174720057184793,0.3101995114937346,18000000.0,2026-05-29
Roberto Piccoli,Fiorentina,F S,18.366666666666667,0.2177858439201452,0.3717292536611241,0.3717292536611241,2.558983666061706,0.0544464609800363,0.0864097254076962,0.8166969147005444,0.4520194177869065,0.0806397782763746,14000000.0,2026-05-29
Robin Gosens,Fiorentina,D M S,21.2,0.1415094339622641,0.1129804961910506,0.1129804961910506,0.8490566037735849,0.0471698113207547,0.0453458780001075,0.5188679245283019,0.1906421352705022,0.1121379964861948,4000000.0,2026-05-29
Rolando Mandragora,Fiorentina,M S,27.444444444444443,0.2550607287449393,0.1710869968578461,0.1433473638624616,2.3319838056680164,0.1093117408906882,0.1049583522293731,1.2753036437246963,0.3563396944494745,0.2159224770782206,9000000.0,2026-05-29
Aarón Martín,Genoa,D M S,24.07777777777778,0.0415320719889247,0.054738787924729,0.023120470511773,0.4568527918781725,0.2076603599446239,0.2727867241598146,2.5749884633133364,0.2722089283209574,0.1557367420778964,5000000.0,2026-05-29
Alessandro Marcandalli,Genoa,D S,28.855555555555554,0.0,0.0093601496361589,0.0093601496361589,0.1732768579129765,0.0693107431651906,0.0226349181979378,0.346553715825953,0.1540917196570335,0.1393717368953518,14000000.0,2026-05-29
Brooke Norton-Cuffy,Genoa,D M S,24.677777777777777,0.0810445745159837,0.081328204986025,0.081328204986025,0.6078343088698784,0.0405222872579918,0.0763475108608261,0.8509680324178298,0.2896604708109498,0.143974486756055,15000000.0,2026-05-29
Caleb Ekuban,Genoa,F M S,10.488888888888887,0.3813559322033898,0.3929867388254379,0.3929867388254379,2.764830508474576,0.0953389830508474,0.1192479796897051,1.048728813559322,0.4740019965822161,0.0561341122720169,1200000.0,2026-05-29
Jeff Ekhator,Genoa,F M S,10.333333333333334,0.2903225806451612,0.3084973933235291,0.3084973933235291,1.9354838709677415,0.0,0.0841387252533628,0.9677419354838708,0.469093789977412,0.124898113851105,18000000.0,2026-05-29
Johan Vásquez,Genoa,D,35.766666666666666,0.0279589934762348,0.0527173691261681,0.0527173691261681,0.6710158434296366,0.0,0.0130009385501099,0.2516309412861137,0.1815308730108429,0.1736078960152702,12000000.0,2026-05-29
Justin Bijlow,Genoa,GK,15.544444444444444,0.0,0.0,0.0,0.0,0.0,0.0,0.0,0.1221131699544519,0.1221131699544519,4000000.0,2026-05-29
Leo Østigard,Genoa,D,29.23333333333333,0.1710376282782212,0.0999109259038789,0.0999109259038789,0.7525655644241733,0.0342075256556442,0.0298216204002856,0.3420752565564424,0.2371277836519914,0.2011585858742894,13000000.0,2026-05-29
Lorenzo Colombo,Genoa,F S,26.366666666666667,0.2654867256637168,0.3563488505936113,0.2986017811817368,2.5031605562579013,0.0379266750948166,0.0709979664463686,0.7206068268015171,0.3953423351520382,0.1233649348037131,10000000.0,2026-05-29
Mikael Ellertsson,Genoa,D M S,30.77777777777778,0.0324909747292418,0.0698672721855046,0.0698672721855046,0.8447653429602888,0.0324909747292418,0.0812730319555916,0.51985559566787,0.2030873100881864,0.1025375590326822,6000000.0,2026-05-29
Morten Frendrup,Genoa,M S,34.36666666666667,0.02909796314258,0.0079796496764273,0.0079796496764273,0.2327837051406401,0.0,0.0395229625290713,0.4073714839961203,0.1757104616164149,0.1394708818285414,15000000.0,2026-05-29
Nicola Leali,Genoa,GK S,20.477777777777774,0.0,0.0,0.0,0.0,0.0,0.0097562227553798,0.0976668475311991,0.0701403694365798,0.0603841463173625,1000000.0,2026-05-29
Patrizio Masini,Genoa,M S,15.322222222222225,0.0,0.1324927287231631,0.1324927287231631,1.1747643219724435,0.0652646845540246,0.0808004620319544,0.5873821609862219,0.3235238840083569,0.1742632210827375,4200000.0,2026-05-29
Ruslan Malinovskiy,Genoa,M S,25.322222222222223,0.2369460289600702,0.1732631832174875,0.0830698163853815,2.1720052654673103,0.1184730144800351,0.1714858462557543,1.500658183413778,0.3739179052108471,0.2599284823979004,2500000.0,2026-05-29
Stefano Sabelli,Genoa,D M S,10.333333333333334,0.0,0.0390694883141306,0.0390694883141306,0.7741935483870968,0.0,0.031141021318974,0.5806451612903225,0.3613280607988277,0.3097252888725169,1300000.0,2026-05-29
Vitinha,Genoa,F M S,25.133333333333333,0.1989389920424403,0.2749017665202208,0.2749017665202208,2.586206896551724,0.039787798408488,0.0866393449985538,0.636604774535809,0.3839617622620981,0.1053785529995549,140000000.0,2026-06-01
Vitinha,Genoa,F M S,25.133333333333333,0.1989389920424403,0.2749017665202208,0.2749017665202208,2.586206896551724,0.039787798408488,0.0866393449985538,0.636604774535809,0.3839617622620981,0.1053785529995549,8000000.0,2026-05-29
Alessandro Bastoni,Inter,D,25.211111111111112,0.0396650506831203,0.0668438935447968,0.0668438935447968,0.6743058616130454,0.1586602027324812,0.1270516066446263,0.991626267078008,0.5533126593391345,0.4687080202470691,65000000.0,2026-05-29
Ange-Yoan Bonny,Inter,F S,12.355555555555556,0.4046762589928057,0.37081110209106,0.37081110209106,1.7805755395683454,0.3237410071942446,0.2161671838508717,1.3758992805755397,0.783660305369136,0.2629781115076525,35000000.0,2026-05-29
Carlos Augusto,Inter,D S,19.38888888888889,0.0515759312320916,0.1011004958483243,0.1011004958483243,1.0315186246418335,0.0515759312320916,0.0587487546220037,0.5673352435530086,0.6725124481926675,0.5762543443878605,23000000.0,2026-05-29
Denzel Dumfries,Inter,D S,14.8,0.2027027027027027,0.2469237268323431,0.2469237268323431,1.554054054054054,0.0675675675675675,0.0949921212284951,0.8783783783783783,0.5817295222014591,0.280236847371467,25000000.0,2026-05-29
Federico Dimarco,Inter,D S,30.1,0.2325581395348837,0.2420704367499414,0.2420704367499414,2.1594684385382057,0.5315614617940199,0.5292054149399564,3.1561461794019934,0.9693228677410224,0.4590216073581942,50000000.0,2026-05-29
Francesco Acerbi,Inter,D S,15.333333333333334,0.0,0.024185076477411,0.024185076477411,0.1956521739130434,0.0652173913043478,0.0610383247713679,0.2608695652173913,0.3018101357409487,0.2953869876168344,2000000.0,2026-05-29
Francesco Pio Esposito,Inter,F S,17.055555555555557,0.4104234527687296,0.5783754880949612,0.5783754880949612,3.342019543973941,0.1758957654723127,0.1205869798308863,1.2312703583061888,0.7915728847201949,0.2108481057740578,45000000.0,2026-05-29
Hakan Calhanoglu,Inter,M S,18.6,0.4838709677419354,0.2767577755355066,0.0721075546036484,2.6881720430107525,0.2150537634408602,0.1869021489294946,2.150537634408602,0.5560844764113426,0.464377018713182,16000000.0,2026-05-29
Henrikh Mkhitaryan,Inter,M S,17.18888888888889,0.2327084680025856,0.3513898115554546,0.3513898115554546,2.501616031027796,0.0581771170006464,0.1926080618142773,1.3380736910148674,1.0682867302329946,0.7028156904348382,3000000.0,2026-05-29
Lautaro Martínez,Inter,F S,24.5,0.6938775510204082,0.6995440820346073,0.6995440820346073,3.755102040816327,0.2448979591836734,0.2567949123224433,1.510204081632653,1.134129303450487,0.4001030655843871,85000000.0,2026-05-29
Luis Henrique,Inter,D S,17.966666666666665,0.0556586270871985,0.0641159966228623,0.0641159966228623,0.8348794063079779,0.111317254174397,0.1219004290333926,1.2244897959183674,0.4808433841851736,0.3202357835003308,22000000.0,2026-05-29
Manuel Akanji,Inter,D S,31.266666666666666,0.0639658848614072,0.0735447036702114,0.0735447036702114,0.7356076759061834,0.0,0.0104272769275568,0.2238805970149253,0.5367783786280196,0.5204673090786822,17000000.0,2026-05-29
Marcus Thuram,Inter,F S,21.477777777777774,0.6052767718572167,0.5538509714629634,0.5538509714629634,3.445421624418003,0.2793585100879462,0.2080662536496981,1.3502327987584066,0.7652459945385158,0.1935384167185794,50000000.0,2026-05-29
Nicolò Barella,Inter,M S,28.45555555555556,0.1054275673565013,0.1342354539515613,0.1342354539515613,1.2299882858258493,0.2811401796173369,0.2799321749538171,2.4599765716516986,0.7118291168828953,0.433365535871073,50000000.0,2026-05-29
Petar Sucic,Inter,M S,19.58888888888889,0.1020986954055587,0.1113864441174576,0.1113864441174576,1.123085649461146,0.1020986954055587,0.2062901244902908,1.4804310833806014,0.7763765197642405,0.5578508494095376,40000000.0,2026-05-29
Piotr Zielinski,Inter,M S,22.75555555555556,0.263671875,0.0922912347505189,0.0588357198557787,1.2744140625,0.1318359375,0.1862312861976534,1.2744140625,0.612885552991429,0.4946626302989898,10000000.0,2026-05-29
Yann Bisseck,Inter,D S,21.377777777777776,0.1403326403326403,0.1324204347055723,0.1324204347055723,1.1694386694386696,0.0467775467775467,0.0304102407005497,0.3742203742203742,0.5380280347630041,0.48672673790067,50000000.0,2026-05-29
Yann Sommer,Inter,GK,32.91111111111111,0.0,0.0,0.0,0.0,0.0,0.0,0.0,0.2381770604068085,0.2381770604068085,2000000.0,2026-05-29
Andrea Cambiaso,Juventus,D M S,31.622222222222224,0.0948699929725931,0.0915506262546869,0.0915506262546869,0.8222066057624736,0.1264933239634574,0.2165592751365602,1.7709065354884046,0.6011692998578703,0.4233903859565931,20000000.0,2026-05-29
Bremer,Juventus,D S,24.3,0.1646090534979424,0.1116156721786584,0.1116156721786584,0.9465020576131687,0.1234567901234567,0.0169016288233146,0.3292181069958848,0.3611621935181166,0.3495839943749055,35000000.0,2026-05-29
Dusan Vlahovic,Juventus,F S,10.8,0.6481481481481481,0.6979287374350759,0.6274381045390058,4.537037037037036,0.0925925925925925,0.1154758553538057,1.111111111111111,0.7441155003659703,0.1459358461822072,35000000.0,2026-05-29
Federico Gatti,Juventus,D S,12.011111111111113,0.1665124884366327,0.1634388513670102,0.1634388513670102,1.1655874190564293,0.0,0.0172501820536755,0.2497687326549491,0.2014850331410062,0.1719901781567095,14000000.0,2026-05-29
Francisco Conceição,Juventus,D F M S,23.6,0.1271186440677966,0.3596504627711187,0.3596504627711187,3.0932203389830506,0.211864406779661,0.1764154940906722,1.7796610169491525,0.7940745402238,0.4038117857555211,30000000.0,2026-05-29
Jonathan Christian David,Juventus,F S,19.822222222222223,0.3026905829596412,0.578356870719453,0.5399505393433429,2.068385650224215,0.2017937219730941,0.2135109920848177,1.6647982062780269,0.7266062588562495,0.2081276886969086,30000000.0,2026-05-29
Kenan Yildiz,Juventus,F M S,31.966666666666665,0.3128258602711157,0.2698807439905697,0.2222499504444559,3.034410844629823,0.1876955161626694,0.3384898630931305,2.37747653806048,0.711177269402771,0.3201562514173195,75000000.0,2026-05-29
Kephren Thuram,Juventus,M S,27.566666666666663,0.1088270858524788,0.1474000736643101,0.1474000736643101,1.8137847642079807,0.1088270858524788,0.0962443078137222,0.9068923821039904,0.4634022567209482,0.3093135469292427,38000000.0,2026-05-29
Lloyd Kelly,Juventus,D S,33.3,0.03003003003003,0.0290368841094029,0.0290368841094029,0.5105105105105106,0.03003003003003,0.0318861461884982,0.3303303303303304,0.3858463512034388,0.3689009531795442,23000000.0,2026-05-29
Manuel Locatelli,Juventus,M,33.67777777777778,0.0296931705707687,0.071723254173822,0.0491178780025979,1.3658858462553614,0.0593863411415374,0.1136278228005268,1.39557901682613,0.6473677281409512,0.5501247347028037,25000000.0,2026-05-29
Michele Di Gregorio,Juventus,GK S,29.488888888888887,0.0,0.0,0.0,0.0,0.0,0.0,0.0,0.1181437882167352,0.1181437882167352,10000000.0,2026-05-29
Pierre Kalulu Kyatengwa,Juventus,D,36.45555555555556,0.0274306613837244,0.0397274028384959,0.0397274028384959,0.3291679366046937,0.1097226455348979,0.1518902586615783,1.1795184395001523,0.5022304076093956,0.4079810181545779,32000000.0,2026-05-29
Teun Koopmeiners,Juventus,D M S,20.03333333333333,0.0,0.0895989413827211,0.0895989413827211,1.3976705490848584,0.0,0.0366255754415881,0.7986688851913477,0.4034136895852755,0.3376818385080569,14000000.0,2026-05-29
Weston McKennie,Juventus,D M S,31.744444444444444,0.1575078753937697,0.2722986260318843,0.2722986260318843,1.3545677283864193,0.1575078753937697,0.1698560054300859,1.512075603780189,0.6675634279424676,0.3827201276574262,30000000.0,2026-05-29
Adam Marusic,Lazio,D S,31.044444444444444,0.0322118826055833,0.0561505055145687,0.0561505055145687,0.5153901216893343,0.0644237652111667,0.0494633838947683,0.2899069434502505,0.2427755917056477,0.1778402630141059,2500000.0,2026-05-29
Alessio Romagnoli,Lazio,D S,29.666666666666668,0.0,0.0517444112076518,0.0517444112076518,0.3033707865168539,0.0,0.002396913517392,0.1011235955056179,0.1964234358976396,0.1938220612662896,6000000.0,2026-05-29
Boulaye Dia,Lazio,F M S,13.966666666666669,0.071599045346062,0.1931863003421512,0.1931863003421512,0.8591885441527446,0.1431980906921241,0.122591442470761,1.0739856801909309,0.3832475727241762,0.1831471988917961,5000000.0,2026-05-29
Danilo Cataldi,Lazio,M S,22.3,0.1345291479820627,0.1216174891811582,0.0533395681964576,1.1659192825112108,0.1345291479820627,0.0919921910849654,1.031390134529148,0.2717428666126033,0.2147599164764042,3500000.0,2026-05-29
Fisayo Dele-Bashiru,Lazio,M S,12.877777777777778,0.0776531492666091,0.0454407883767838,0.0454407883767838,0.6988783433994823,0.0,0.086979152115642,0.8541846419327006,0.5119052713831711,0.4406267799102766,6000000.0,2026-05-29
Gustav Isaksen,Lazio,F S,17.844444444444445,0.2801992528019925,0.303090529210151,0.303090529210151,2.6899128268991284,0.0560398505603985,0.0494469834113514,0.9526774595267744,0.4381109459283918,0.1425722665947909,15000000.0,2026-05-29
Ivan Provedel,Lazio,GK,27.0,0.0,0.0,0.0,0.0,0.0,0.008419703554224,0.037037037037037,0.1033287679224654,0.0949090643682413,3000000.0,2026-05-29
Kenneth Taylor,Lazio,M,15.755555555555556,0.1904090267983074,0.1326153400565572,0.1326153400565572,1.0155148095909732,0.1269393511988716,0.068777443490376,0.8251057827926657,0.2885870970733075,0.1677073606083692,25000000.0,2026-05-29
Luca Pellegrini,Lazio,D S,16.5,0.0606060606060606,0.0390351603767185,0.0390351603767185,0.4242424242424242,0.0,0.0503781143237244,0.9696969696969696,0.2684771529201305,0.2273736853491176,4500000.0,2026-05-29
Manuel Lazzari,Lazio,D S,10.188888888888888,0.0,0.0107299096195784,0.0107299096195784,0.3925845147219193,0.0,0.0125544775488624,0.1962922573609596,0.1921642233385027,0.1700756238872996,2000000.0,2026-05-29
Mario Gila,Lazio,D,27.75555555555556,0.0,0.0585618880864462,0.0585618880864462,0.4323458767013611,0.0,0.025879124968385,0.1801441152922338,0.2246832197980941,0.2037496747280522,30000000.0,2026-05-29
Matteo Cancellieri,Lazio,F M S,19.33333333333333,0.2068965517241379,0.2698774518894738,0.2698774518894738,2.1206896551724137,0.1551724137931034,0.099496893520499,0.9310344827586208,0.4474313058087538,0.0943024938701298,7000000.0,2026-05-29
Matteo Guendouzi,Lazio,M,15.933333333333334,0.1255230125523012,0.0767604493298353,0.0767604493298353,1.00418410041841,0.0627615062761506,0.0641250262372039,0.9414225941422594,0.3568580704565826,0.2947255389796079,27000000.0,2026-05-21
Mattia Zaccagni,Lazio,F M,23.633333333333333,0.1269393511988716,0.2701202950509966,0.2379073683114667,1.438645980253879,0.0,0.1180195443763047,1.4809590973201694,0.3985408202801504,0.1759534632742447,7500000.0,2026-05-29
Nuno Tavares,Lazio,D S,16.42222222222222,0.0,0.0686723790704921,0.0686723790704921,0.9742895805142084,0.0,0.0720337114305675,1.2178619756427609,0.3464201276022966,0.26863157601097,12000000.0,2026-05-29
Oliver Provstgaard,Lazio,D S,16.833333333333332,0.0,0.0395574529129679,0.0395574529129679,0.3564356435643565,0.0,0.0393723847510496,0.2376237623762376,0.276728814043621,0.2426718873257684,16000000.0,2026-05-29
Pedro,Lazio,F M S,10.6,0.4716981132075472,0.2126096959559703,0.0689684112011543,2.0754716981132075,0.1886792452830188,0.2646914647259521,1.8867924528301887,0.348481083605087,0.1543787951177021,1000000.0,2026-05-29
Pedro,Lazio,F M S,10.6,0.4716981132075472,0.2126096959559703,0.0689684112011543,2.0754716981132075,0.1886792452830188,0.2646914647259521,1.8867924528301887,0.348481083605087,0.1543787951177021,20000000.0,2026-05-26
Pedro,Lazio,F M S,10.6,0.4716981132075472,0.2126096959559703,0.0689684112011543,2.0754716981132075,0.1886792452830188,0.2646914647259521,1.8867924528301887,0.348481083605087,0.1543787951177021,20000000.0,2026-05-26
Tijjani Noslin,Lazio,F S,12.366666666666667,0.3234501347708894,0.3492697409411887,0.3492697409411887,2.830188679245283,0.1617250673854447,0.1930653863659284,1.3746630727762803,0.6990959443844794,0.2568867587235899,8000000.0,2026-05-29
Toma Basic,Lazio,M,19.6,0.1020408163265306,0.0665825455240449,0.0665825455240449,1.530612244897959,0.1530612244897959,0.1230941813116018,1.1224489795918366,0.3278812621149937,0.2400569329323361,3000000.0,2026-05-29
Antonino Gallo,Lecce,D S,34.03333333333333,0.0,0.0244487000831806,0.0244487000831806,0.1762977473065622,0.1175318315377081,0.1159146435861635,1.0577864838393731,0.1538426653243944,0.1060727790424948,3500000.0,2026-05-29
Danilo Veiga,Lecce,D S,33.62222222222222,0.0,0.0076954002890388,0.0076954002890388,0.1784534038334435,0.0297422339722405,0.0425951864498975,0.5948446794448117,0.1437966229230342,0.1089729873496751,2500000.0,2026-05-29
Jamil Siebert,Lecce,D S,18.9,0.0529100529100529,0.0253845705951332,0.0253845705951332,0.3174603174603175,0.0,0.0166924804370239,0.1587301587301587,0.1238649193118646,0.1043039273037008,4500000.0,2026-05-29
Kialonda Gaspar,Lecce,D S,20.3,0.0,0.0390770854290776,0.0390770854290776,0.4433497536945812,0.0,0.0,0.0,0.1309031204967369,0.1309031204967369,3000000.0,2026-05-29
Lameck Banda,Lecce,F M S,19.64444444444445,0.254524886877828,0.1652371234943188,0.1652371234943188,1.934389140271493,0.2036199095022624,0.169401096919661,1.1708144796380089,0.3881206811822917,0.1330413102652726,3500000.0,2026-05-29
Lassana Coulibaly,Lecce,M S,30.08888888888889,0.0997045790251107,0.106354578325258,0.106354578325258,0.930576070901034,0.0332348596750369,0.0391322526560774,0.6646971935007385,0.2522129155599142,0.1613572821058223,2200000.0,2026-05-29
Nikola Stulic,Lecce,F S,19.03333333333333,0.2101576182136602,0.2874598104177261,0.2474616229250348,1.7338003502626969,0.0,0.1103612913174355,1.0507880910683012,0.3292202629351208,0.0707227395824605,3500000.0,2026-05-29
Omri Gandelman,Lecce,M S,10.78888888888889,0.1853759011328527,0.1607161824784244,0.1607161824784244,0.9268795056642636,0.0926879505664263,0.1039004516159591,0.6488156539649845,0.2951422361340507,0.0960581993682254,3000000.0,2026-05-29
Riccardo Sottil,Lecce,F M S,11.977777777777778,0.0834879406307977,0.0631960391555956,0.0631960391555956,1.6697588126159555,0.1669758812615955,0.3253455126592423,2.0037105751391464,0.1758871397179774,0.0659103766740308,3000000.0,2026-05-29
Santiago Pierotti,Lecce,F M S,29.566666666666663,0.0338218714768883,0.1274813368303329,0.1274813368303329,1.0822998872604284,0.0676437429537767,0.0880506836936264,0.7440811724915445,0.2481047769120171,0.080577034824512,4000000.0,2026-05-29
Tiago Gabriel,Lecce,D S,35.81111111111111,0.0558485882717964,0.1112416745898907,0.1112416745898907,0.5584858827179646,0.0,0.000783405828732,0.0558485882717964,0.0702983317385262,0.0677274955650996,15000000.0,2026-05-29
Walid Cheddira,Lecce,F S,13.255555555555556,0.3017602682313495,0.3436674725667129,0.3436674725667129,2.4895222129086334,0.0754400670578373,0.0457979242995768,0.8298407376362111,0.4440032022482928,0.1216622728273609,2000000.0,2026-05-29
Wladimiro Falcone,Lecce,GK,38.0,0.0,0.0,0.0,0.0,0.0,0.0009612100885102,0.0263157894736842,0.0233184320754126,0.0223572219869023,3500000.0,2026-05-29
Ylber Ramadani,Lecce,M,35.95555555555556,0.0278121137206427,0.0338914593692053,0.0338914593692053,0.9734239802224968,0.0,0.0386270597704878,0.5284301606922126,0.2000686461543399,0.1402586930211546,1800000.0,2026-05-29
Alessandro Buongiorno,Napoli,D S,28.066666666666663,0.0,0.0586026983286946,0.0586026983286946,0.2850356294536817,0.0356294536817102,0.0125377043205669,0.1068883610451306,0.2856146251769502,0.2847577623952171,30000000.0,2026-05-29
Alex Meret,Napoli,GK,10.911111111111111,0.0,0.0,0.0,0.0,0.0916496945010183,0.0248544959089663,0.0916496945010183,0.1450682005061637,0.1450682005061637,8000000.0,2026-05-29
Amir Rrahmani,Napoli,D,20.1,0.099502487562189,0.0673775541693417,0.0673775541693417,0.7462686567164178,0.0497512437810945,0.0117828841529675,0.3482587064676616,0.4511202256477887,0.4349113237205429,10000000.0,2026-05-29
David Neres,Napoli,F M S,10.355555555555556,0.2896995708154506,0.1433584261126017,0.1433584261126017,1.6416309012875536,0.2896995708154506,0.3656109546355167,1.834763948497854,0.709996627755623,0.3445541227532175,23000000.0,2026-05-29
Eljif Elmas,Napoli,F M S,19.9,0.050251256281407,0.182999412730411,0.182999412730411,1.35678391959799,0.1507537688442211,0.0880490964624899,1.206030150753769,0.4115691060322014,0.2073609393707771,13000000.0,2026-05-29
Franck Zambo,Napoli,M S,13.922222222222222,0.2873104549082202,0.1834725191354371,0.1834725191354371,1.6520351157222666,0.071827613727055,0.1114101411443254,0.9337589784517158,0.3526989178968399,0.2140801019241166,,
Giovane,Napoli,F M S,20.81111111111111,0.1441537640149492,0.2051463702796012,0.2051463702796012,2.6908702616123867,0.2402562733582488,0.2093789263569252,1.5376401494927925,0.423381137316057,0.114881892027746,12000000.0,2026-05-29
Giovanni Di Lorenzo,Napoli,D,25.31111111111111,0.0790166812993854,0.0770640475601873,0.0770640475601873,0.9877085162423178,0.0395083406496927,0.1183759439507658,0.6321334503950834,0.523508899191867,0.362765093884309,7500000.0,2026-05-29
Juan Jesus,Napoli,D S,18.55555555555556,0.0,0.0111783897493056,0.0111783897493056,0.1616766467065868,0.0,0.0146642893686622,0.215568862275449,0.3569889875786925,0.3440223154751304,1500000.0,2026-05-29
Kevin De Bruyne,Napoli,M S,13.066666666666666,0.3826530612244898,0.2691056204921737,0.0943176252339795,2.066326530612245,0.1530612244897959,0.307913007528274,2.7551020408163267,0.6038893228016642,0.4070062948656934,8000000.0,2026-05-29
Leonardo Spinazzola,Napoli,D M S,21.177777777777777,0.1416579223504722,0.0570690502966719,0.0570690502966719,0.9916054564533052,0.1416579223504722,0.1230670141099179,1.5110178384050368,0.491166422554025,0.3551612518764915,3500000.0,2026-05-29
Mathías Olivera,Napoli,D S,15.22222222222222,0.0,0.1176794890423108,0.1176794890423108,0.5255474452554745,0.0,0.0392400450107172,0.6569343065693432,0.4741228912977406,0.3771390693167049,15000000.0,2026-05-29
Matteo Politano,Napoli,D F M S,24.988888888888887,0.0800355713650511,0.1254086568040575,0.1254086568040575,1.960871498443753,0.2401067140951534,0.2242684797638519,1.480658070253446,0.5193237933587398,0.3284234648405604,5000000.0,2026-05-29
Miguel Gutiérrez,Napoli,D S,16.42222222222222,0.060893098782138,0.0348223960632017,0.0348223960632017,0.9133964817320704,0.060893098782138,0.108595407128092,1.2178619756427609,0.4974506009642302,0.4507363241428008,22000000.0,2026-05-29
Rasmus Højlund,Napoli,F S,30.933333333333334,0.4202586206896552,0.4303559963792113,0.4057450407256918,1.9396551724137927,0.1616379310344827,0.1056238404145978,1.0668103448275863,0.630819861704869,0.1490896379631333,60000000.0,2026-05-29
Sam Beukema,Napoli,D S,18.61111111111111,0.1074626865671641,0.0930211872307222,0.0930211872307222,0.4298507462686567,0.0,0.021150545475643,0.3223880597014925,0.2907993096246648,0.2756536053187811,22000000.0,2026-05-29
Scott McTominay,Napoli,M S,31.08888888888889,0.3216583273766976,0.3998133577033611,0.3753255486216734,3.248749106504646,0.0964974982130092,0.0645043850451004,0.7076483202287348,0.4966563313634929,0.258575477520852,40000000.0,2026-05-29
Stanislav Lobotka,Napoli,M S,27.133333333333333,0.0368550368550368,0.0151461588232537,0.0151461588232537,0.2948402948402948,0.0368550368550368,0.0391349436243863,0.8108108108108109,0.3664022616822391,0.3305860410423844,10000000.0,2026-05-29
Vanja Milinkovic-Savic,Napoli,GK,27.0,0.0,0.0,0.0,0.0,0.037037037037037,0.0112006214481812,0.1111111111111111,0.1810151857358438,0.1698145653914522,20000000.0,2026-05-29
Adrián Bernabé,Parma Calcio 1913,D M S,28.244444444444444,0.1062155782848151,0.0928621154342998,0.0928621154342998,1.7702596380802518,0.035405192761605,0.1643310355998569,1.947285601888277,0.3021368353842317,0.1536914594559384,15000000.0,2026-05-29
Alessandro Circati,Parma Calcio 1913,D,29.633333333333333,0.0337457817772778,0.02485161710057,0.02485161710057,0.2699662542182227,0.0,0.0083020889107033,0.3037120359955005,0.1608744214620981,0.1431750060301127,12000000.0,2026-05-29
Christian Ordóñez,Parma Calcio 1913,M S,11.955555555555556,0.0836431226765799,0.0375943194614328,0.0375943194614328,0.8364312267657993,0.0,0.0226214975049393,0.5018587360594795,0.1560216131152716,0.1248504982683046,6500000.0,2026-05-29
Edoardo Corvi,Parma Calcio 1913,GK,17.0,0.0,0.0,0.0,0.0,0.0,0.0,0.0,0.0967703520813408,0.0967703520813408,1500000.0,2026-05-29
Emanuele Valeri,Parma Calcio 1913,D M S,29.3,0.0,0.0228340261053204,0.0228340261053204,0.7849829351535836,0.068259385665529,0.128916722973459,1.7406143344709897,0.2212575868522246,0.1695954351790834,3000000.0,2026-05-29
Enrico Del Prato,Parma Calcio 1913,D S,32.86666666666667,0.0608519269776876,0.0686526651972145,0.0686526651972145,0.5476673427991886,0.0,0.0238383211701745,0.2434077079107505,0.1422145549192813,0.0949905055403165,6000000.0,2026-05-29
Gabriel Strefezza,Parma Calcio 1913,F S,11.4,0.175438596491228,0.0926536640250369,0.0926536640250369,2.1052631578947367,0.175438596491228,0.0938050518335219,1.1403508771929824,0.259076537270295,0.1855164583314929,6500000.0,2026-05-29
Lautaro Valenti,Parma Calcio 1913,D S,25.05555555555556,0.0,0.0194348800274855,0.0194348800274855,0.6784922394678492,0.0,0.0465384605041232,0.3991130820399113,0.2070857360463449,0.1708769006964372,2000000.0,2026-05-29
Mandela Keita,Parma Calcio 1913,M S,33.51111111111111,0.029840848806366,0.0144419210051391,0.0144419210051391,0.4774535809018567,0.029840848806366,0.0084716785237173,0.3282493368700265,0.088333086992567,0.071186396563228,20000000.0,2026-05-29
Mariano Troilo,Parma Calcio 1913,D S,18.122222222222224,0.0551808706315144,0.0539224657528719,0.0539224657528719,0.4966278356836296,0.0,0.0362373083306831,0.3862660944206008,0.1231376515560943,0.0973549623677311,10000000.0,2026-05-29
Mateo Pellegrino,Parma Calcio 1913,F S,33.46666666666667,0.2689243027888446,0.2961098170371734,0.2733618438715093,2.181274900398406,0.0298804780876494,0.0639774187735144,0.6573705179282868,0.3355301354559086,0.0664605382751985,15000000.0,2026-05-29
Nahuel Estévez,Parma Calcio 1913,M S,11.122222222222222,0.0,0.0566770188923512,0.0566770188923512,0.8091908091908092,0.0899100899100899,0.0992398793166215,0.989010989010989,0.211585363220576,0.1206278565389055,1400000.0,2026-05-29
Oliver Sørensen,Parma Calcio 1913,D M S,20.377777777777776,0.0490730643402399,0.1003594278899248,0.1003594278899248,0.7360959651035988,0.0490730643402399,0.0363286696384572,0.4416575790621592,0.2474491420783907,0.1676248802601348,6500000.0,2026-05-29
Patrick Cutrone,Parma Calcio 1913,F S,10.088888888888889,0.0991189427312775,0.3242598438639571,0.3242598438639571,2.4779735682819384,0.0,0.0653262883588868,0.2973568281938326,0.3963928898726692,0.0819025869124327,5000000.0,2025-12-23
Sascha Britschgi,Parma Calcio 1913,D M S,23.366666666666667,0.0,0.0175457921532778,0.0175457921532778,0.5563480741797432,0.0855920114122681,0.0870896559527486,0.7275320970042796,0.1742581399383499,0.0788676859505378,10000000.0,2026-05-29
Zion Suzuki,Parma Calcio 1913,GK,20.0,0.0,0.0,0.0,0.0,0.0,0.0012850521132349,0.05,0.0342217373661696,0.0329366852529346,20000000.0,2026-05-29
Adrian Semper,Pisa,GK,25.0,0.0,0.0,0.0,0.0,0.0,0.0,0.0,0.0311829623952508,0.0311829623952508,1800000.0,2026-05-29
Antonio Caracciolo,Pisa,D S,34.18888888888889,0.0584985375365615,0.0691709172287529,0.0691709172287529,0.7312317192070198,0.0,0.0047352783161593,0.0584985375365615,0.1352067157743589,0.1130546234895559,800000.0,2026-05-29
Arturo Calabresi,Pisa,D S,17.066666666666666,0.0,0.0141077923035481,0.0141077923035481,0.234375,0.0,0.0038167849561432,0.234375,0.132618457028002,0.1284788787052093,800000.0,2026-05-29
Ebenezer Akinsanmiro,Pisa,M S,16.011111111111113,0.0,0.069484726521319,0.069484726521319,0.8119361554476058,0.0624566273421235,0.1026268932311734,0.9993060374739764,0.2684186643802565,0.1121056887226167,7000000.0,2026-05-29
Henrik Meister,Pisa,F S,16.6,0.1204819277108433,0.3203938458204628,0.3203938458204628,1.2048192771084336,0.0,0.0391413242253194,0.3012048192771084,0.4413406816816114,0.0830506325800375,3800000.0,2026-05-29
Idrissa Touré,Pisa,D M S,25.366666666666667,0.0394218134034165,0.1181828243102335,0.1181828243102335,1.1038107752956636,0.0,0.1406007469723517,0.7884362680683311,0.2883124047138883,0.1197611316475581,5000000.0,2026-05-29
M'Bala Nzola,Pisa,F S,16.822222222222223,0.23778071334214,0.4349681648180932,0.2992015332721734,2.318361955085865,0.059445178335535,0.0736435105509888,1.1889035667107002,0.442345354391097,0.1008896566275384,4000000.0,2026-05-29
Marius Marin,Pisa,M S,14.522222222222222,0.0,0.0058923755126115,0.0058923755126115,0.2065799540933435,0.0,0.0015133876972008,0.1377199693955623,0.2221991871244914,0.2147934270570911,2800000.0,2026-05-29
Matteo Tramoni,Pisa,F M S,18.11111111111111,0.1104294478527607,0.1774238599978524,0.1353889549825272,1.5460122699386505,0.1104294478527607,0.1592668262053212,1.5460122699386505,0.3926040702985108,0.1672286455136684,4500000.0,2026-05-29
Mehdi Leris,Pisa,D M S,21.22222222222222,0.094240837696335,0.0929734008581772,0.0929734008581772,1.1780104712041886,0.1413612565445026,0.1152281617326418,1.3193717277486912,0.2382330618291625,0.0890093102212507,1800000.0,2026-05-29
Michel Aebischer,Pisa,M S,32.34444444444444,0.0309172105805565,0.025658509542072,0.025658509542072,0.5874270010305738,0.061834421161113,0.1062408520426436,1.0511851597389217,0.306411116892342,0.2200405589586085,4000000.0,2026-05-29
Samuele Angori,Pisa,D M S,29.1,0.0,0.0453113690914771,0.0453113690914771,0.4810996563573883,0.0687285223367697,0.1324999059432048,1.3058419243986257,0.2769627417293713,0.1921439094027293,4500000.0,2026-05-29
Simone Canestrelli,Pisa,D S,35.55555555555556,0.0281249999999999,0.0379360004008049,0.0379360004008049,0.4499999999999999,0.0,0.0132708042830927,0.28125,0.1031463182793231,0.0849927513190778,4500000.0,2026-05-29
Stefano Moreo,Pisa,F M S,25.95555555555556,0.2696917808219178,0.2397253296389053,0.1810636054660665,2.0034246575342465,0.0385273972602739,0.1366387039330494,0.8861301369863014,0.3822051935146677,0.1420427029170989,1200000.0,2026-05-29
Bryan Cristante,Roma,M S,34.62222222222222,0.0577663671373555,0.0678128572342264,0.0678128572342264,1.2419768934531452,0.0288831835686777,0.0659082162604022,0.7798459563543004,0.372501857499849,0.3164468994435875,7000000.0,2026-05-29
Daniele Ghilardi,Roma,D S,11.88888888888889,0.0,0.0471785725834213,0.0471785725834213,0.2523364485981308,0.0,0.0351005011003151,0.3364485981308411,0.237189780224428,0.2096458888290641,18000000.0,2026-05-29
Devyne Rensch,Roma,D M S,13.11111111111111,0.0762711864406779,0.0434401050067932,0.0434401050067932,0.4576271186440678,0.3050847457627119,0.2071866126794178,0.7627118644067797,0.3711762956296236,0.274955800324047,8500000.0,2026-05-29
Donyell Malen,Roma,F,16.655555555555555,0.8405603735823883,0.9128910782259254,0.7300574731596158,4.202801867911941,0.1200800533689126,0.0929680544935201,0.4803202134756504,0.8952272775830866,0.231518340411983,45000000.0,2026-05-29
Evan Ndicka,Roma,D,29.844444444444445,0.1005212211466865,0.0802439888030823,0.0802439888030823,0.77066269545793,0.0,0.0188493692092125,0.201042442293373,0.240134065221837,0.2284003501898059,35000000.0,2026-05-29
Gianluca Mancini,Roma,D,34.3,0.1166180758017492,0.069811657701046,0.069811657701046,0.5830903790087464,0.0583090379008746,0.0793057702937904,0.6122448979591837,0.3616526522524329,0.3252163720004934,15000000.0,2026-05-29
Manu Koné,Roma,M S,27.42222222222222,0.072933549432739,0.0706607775047204,0.0706607775047204,0.7658022690437601,0.1094003241491086,0.1276152976071597,0.9116693679092382,0.5295080189386344,0.3963753754783247,50000000.0,2026-05-29
Lorenzo Pellegrini,Roma,F M S,16.755555555555556,0.2387267904509283,0.2849961600244163,0.1941249455975008,1.909814323607427,0.1193633952254641,0.1789553066473503,1.7307692307692306,0.4521753181473645,0.2927609753673921,8000000.0,2026-05-29
Mario Hermoso,Roma,D S,23.4,0.1282051282051282,0.093710281026478,0.093710281026478,0.8547008547008548,0.0854700854700854,0.0367175084419357,0.4273504273504274,0.3073537777154109,0.2444070275936626,7000000.0,2026-05-29
Matías Soulè,Roma,F M S,24.522222222222226,0.2446760308110557,0.1907937024522945,0.1907937024522945,2.120525600362483,0.2038966923425464,0.1817811807000602,1.835070231082918,0.6467076568215694,0.387444732770641,35000000.0,2026-05-29
Mehmet Zeki Çelik,Roma,D M S,30.522222222222226,0.0327630141973061,0.057926851324398,0.057926851324398,0.7207863123407353,0.0655260283946123,0.0790468629139052,0.8846013833272661,0.4539689260274226,0.3818672398545328,14000000.0,2026-05-29
Mile Svilar,Roma,GK,38.0,0.0,0.0,0.0,0.0,0.0,0.0,0.0,0.1352443257346749,0.1352443257346749,35000000.0,2026-05-29
Neil El Aynaoui,Roma,M S,10.644444444444444,0.0939457202505219,0.0899748790169247,0.0899748790169247,0.5636743215031316,0.1878914405010438,0.1666607846173463,1.1273486430062631,0.5558703759284632,0.3490333125142999,23000000.0,2026-05-29
Niccolò Pisilli,Roma,M S,14.033333333333331,0.1425178147268408,0.1619646373490256,0.1619646373490256,1.3539192399049882,0.2850356294536817,0.158064562092909,0.8551068883610451,0.4671965471763084,0.2869136165606296,30000000.0,2026-05-29
Paulo Dybala,Roma,F M S,15.11111111111111,0.1323529411764706,0.4159266396754366,0.3655465716660461,2.8455882352941178,0.3970588235294118,0.4211066054207656,3.639705882352941,0.7554932961185628,0.2237326133694938,5000000.0,2026-05-29
Wesley,Roma,D M S,27.488888888888887,0.1818916734033953,0.090375726684181,0.090375726684181,0.9094583670169766,0.0,0.1947020759042608,1.2004850444624091,0.5144376979904399,0.2809880281630648,40000000.0,2026-05-29
Wesley,Roma,D M S,27.488888888888887,0.1818916734033953,0.090375726684181,0.090375726684181,0.9094583670169766,0.0,0.1947020759042608,1.2004850444624091,0.5144376979904399,0.2809880281630648,4000000.0,2026-06-05
Alieu Fadera,Sassuolo,F S,10.655555555555557,0.1876955161626694,0.2216673400000561,0.2216673400000561,1.2200208550573517,0.0938477580813347,0.0824751932566307,0.6569343065693432,0.3792788696449106,0.1656853509396781,4500000.0,2026-05-29
Andrea Pinamonti,Sassuolo,F S,29.0,0.3103448275862069,0.3977474898485275,0.3714958079287718,2.5172413793103448,0.1034482758620689,0.0614769330312465,0.5862068965517241,0.4139698353307,0.0736694105997167,15000000.0,2026-05-29
Arijanet Muric,Sassuolo,GK,32.0,0.0,0.0,0.0,0.0,0.0,0.0010458379983901,0.03125,0.1202085774275474,0.1202085774275474,7500000.0,2026-05-29
Armand Lauriente,Sassuolo,F M S,29.5,0.2372881355932203,0.1488897920096829,0.1488897920096829,2.406779661016949,0.3050847457627119,0.288641675138625,1.8305084745762712,0.5026332388742495,0.2646796556852631,19000000.0,2026-05-29
Cristian Volpato,Sassuolo,F M S,11.77777777777778,0.1698113207547169,0.1485018712064286,0.1485018712064286,1.7830188679245282,0.3396226415094339,0.2458926244146841,1.9528301886792447,0.5248184283879005,0.1921777244973576,10000000.0,2026-05-29
Domenico Berardi,Sassuolo,F M S,22.166666666666668,0.3609022556390977,0.3060243414168743,0.2029914183584147,1.8045112781954888,0.1804511278195488,0.2281928066920517,1.4887218045112782,0.5879824373282884,0.3070371466919891,7000000.0,2026-05-29
Ismaël Koné,Sassuolo,M S,31.05555555555556,0.1932021466905187,0.1636827761150749,0.1636827761150749,0.740608228980322,0.0,0.0566645395477204,0.740608228980322,0.3919600462840872,0.2525906607172117,25000000.0,2026-05-29
Jay Idzes,Sassuolo,D,34.05555555555556,0.0,0.0058755718633459,0.0058755718633459,0.1468189233278956,0.0,0.0218578535473949,0.0880913539967373,0.1723332935290906,0.1570151166513343,14000000.0,2026-05-29
Josh Doig,Sassuolo,D S,21.377777777777776,0.0,0.0350556162954646,0.0350556162954646,0.5145530145530146,0.0,0.0703277221634953,0.7016632016632017,0.2637856087130407,0.1991192966466285,4500000.0,2026-05-29
Kristian Thorstvedt,Sassuolo,F M S,27.22222222222222,0.1469387755102041,0.2440967483636067,0.2440967483636067,1.579591836734694,0.1469387755102041,0.0965924385250831,1.1755102040816328,0.5924639504174797,0.3270761729123033,12000000.0,2026-05-29
Luca Lipani,Sassuolo,M S,11.233333333333333,0.0,0.081788660179083,0.081788660179083,1.0682492581602374,0.0890207715133531,0.0987837252618872,0.9792284866468844,0.4293816568169644,0.2951008055458614,7500000.0,2026-05-29
Nemanja Matic,Sassuolo,M S,29.844444444444445,0.0335070737155621,0.0110456626376862,0.0110456626376862,0.3685778108711839,0.0335070737155621,0.0306665828508378,0.6701414743112435,0.3878313741124528,0.3653522108751539,1600000.0,2026-05-29
Sebastian Walukiewicz,Sassuolo,D S,31.9,0.0,0.0056432381412452,0.0056432381412452,0.219435736677116,0.0313479623824451,0.0644069898371412,0.658307210031348,0.2756571325803392,0.2372002002978726,5000000.0,2026-05-29
Tarik Muharemovic,Sassuolo,D,31.522222222222226,0.0634473034896016,0.0899095461708104,0.0899095461708104,0.6344730348960169,0.0634473034896016,0.0294295129105895,0.190341910468805,0.1992175128631974,0.1953211986316334,25000000.0,2026-05-29
Ulisses García,Sassuolo,D S,10.455555555555556,0.0956429330499468,0.0063014763242126,0.0063014763242126,0.1912858660998937,0.1912858660998937,0.2146962163108821,1.1477151965993624,0.4698046088598739,0.3168508053364333,3000000.0,2026-05-29
Woyo Coulibaly,Sassuolo,D S,11.366666666666667,0.0,0.0095312902840438,0.0095312902840438,0.5278592375366569,0.0,0.026080928841207,0.3519061583577712,0.4183342397387776,0.412529913948909,2000000.0,2026-05-29
Adrien Tameze,Torino,D M S,12.333333333333334,0.0,0.0180465819414805,0.0180465819414805,0.4054054054054054,0.0,0.0214950911247649,0.6486486486486486,0.313636496990315,0.2862244150978891,1200000.0,2026-05-29
Alberto Paleari,Torino,GK,29.0,0.0,0.0,0.0,0.0,0.0,0.0,0.0,0.0577708696625356,0.0577708696625356,1200000.0,2026-05-29
Ardian Ismajli,Torino,D S,21.18888888888889,0.0,0.0353407778049021,0.0353407778049021,0.2831672784478238,0.0471945464079706,0.0254393887218218,0.1887781856318825,0.160004191626084,0.1339375021499711,5000000.0,2026-05-29
Cesare Casadei,Torino,M S,21.9,0.273972602739726,0.2124193856773311,0.2124193856773311,1.5981735159817352,0.0,0.0826801481703509,0.7762557077625571,0.4579290832694807,0.3161097025354159,15000000.0,2026-05-29
Che Adams,Torino,F M S,21.1,0.2843601895734597,0.3132513209612448,0.3132513209612448,2.5118483412322274,0.0947867298578199,0.1521006806078256,1.1848341232227488,0.5847206130023533,0.1861170385368345,5000000.0,2026-05-29
Cyril Ngonge,Torino,F S,10.966666666666669,0.0911854103343465,0.2519040487955769,0.2519040487955769,2.188449848024316,0.0911854103343465,0.0512807329374968,1.094224924012158,0.4315380138376201,0.1454986963919321,7000000.0,2026-06-05
Duván Zapata,Torino,F S,12.088888888888889,0.2481617647058823,0.3641889798317981,0.3012138935874272,2.8125,0.0827205882352941,0.2217247039045426,0.8272058823529412,0.4962674578692874,0.0453199993182138,2500000.0,2026-05-29
Emirhan Ilkhan,Torino,M S,11.422222222222222,0.0875486381322957,0.2068294481925144,0.2068294481925144,1.1381322957198443,0.1750972762645914,0.1071191815829723,1.050583657587549,0.31156302484093,0.1898535562983572,6000000.0,2026-05-29
Enzo Ebosse,Torino,D S,14.911111111111111,0.0,0.0039280598758318,0.0039280598758318,0.067064083457526,0.067064083457526,0.0350492231647765,0.4023845007451564,0.316014675015442,0.308125179049999,2800000.0,2026-05-29
Giovanni Simeone,Torino,F M S,25.25555555555556,0.4355477342718873,0.4427428848162995,0.4427428848162995,3.088429388473383,0.0,0.0735768854242757,0.9106907171139464,0.5563624390125196,0.0595749187206597,7000000.0,2026-05-29
Guillermo Maripán,Torino,D S,23.9,0.0836820083682008,0.1018760177193825,0.1018760177193825,0.7531380753138076,0.0,0.0144259142202313,0.3347280334728034,0.2138426106532248,0.1953335948070223,2000000.0,2026-05-29
Gvidas Gineitis,Torino,M S,19.75555555555556,0.0,0.0473969190353181,0.0473969190353181,1.3667041619797524,0.0506186726659167,0.1354213425925229,1.3160854893138356,0.2845812605272798,0.2083843885486185,5500000.0,2026-05-29
Kristjan Asllani,Torino,M S,12.72222222222222,0.0,0.0913034487906111,0.0314633656683577,1.572052401746725,0.0,0.0888257844934817,1.25764192139738,0.2105636966199203,0.1795813412157469,12000000.0,2026-05-21
Marcus Pedersen,Torino,D M S,23.866666666666667,0.0418994413407821,0.0680787053073667,0.0680787053073667,0.6284916201117319,0.0837988826815642,0.1210001788710831,0.8379888268156425,0.3474535072721832,0.1685512725617632,3500000.0,2026-05-29
Nikola Vlasic,Torino,F M S,34.21111111111111,0.2338421565443326,0.2165413775534821,0.1052765278118448,1.4322832088340371,0.0876908087041247,0.136810183953391,1.578434556674245,0.4341848989868172,0.249359789599349,275000.0,2025-11-19
Rafael Obrador,Torino,D M S,12.61111111111111,0.079295154185022,0.0136712079761049,0.0136712079761049,0.5550660792951542,0.2378854625550661,0.0837701229042156,0.8722466960352423,0.2223200884684592,0.1648574427492292,5000000.0,2026-05-29
Saúl Coco,Torino,D,34.36666666666667,0.02909796314258,0.0336644251828165,0.0336644251828165,0.4364694471387003,0.02909796314258,0.022080845834559,0.3200775945683802,0.1918989397354142,0.173195997735433,7500000.0,2026-05-29
Valentino Lazaro,Torino,D M S,25.25555555555556,0.0,0.0167635240576902,0.0167635240576902,0.3167619885613726,0.0791904971403431,0.1466416502088714,1.2274527056753188,0.2501078265249152,0.195791928767109,2500000.0,2026-05-29
Alessandro Zanoli,Udinese,D M S,14.6,0.0684931506849315,0.006848384358295,0.006848384358295,0.2054794520547945,0.136986301369863,0.1064282651888589,1.0273972602739727,0.2427106640263371,0.1630105574500479,4500000.0,2026-05-29
Arthur Atta,Udinese,F M S,28.61111111111111,0.174757281553398,0.1480158394401513,0.1480158394401513,1.992233009708738,0.1048543689320388,0.1137194713414872,1.188349514563107,0.5051136678283654,0.2867821027063629,25000000.0,2026-05-29
Christian Kabasele,Udinese,D S,25.25555555555556,0.1187857457105147,0.0662707721628494,0.0662707721628494,0.3563572371315442,0.0,0.0025107733187463,0.0395952485701715,0.0943384329992024,0.0898231725993918,750000.0,2026-05-29
Hassane Kamara,Udinese,D M S,20.92222222222222,0.0,0.0425273076142963,0.0425273076142963,0.7647371216144451,0.0955921402018056,0.1201506630793032,1.0993096123207649,0.3048491700534104,0.1965981559354102,3000000.0,2026-05-29
Jakub Piotrowski,Udinese,M S,18.91111111111111,0.0528789659224441,0.1694986416567576,0.1694986416567576,1.9036427732079904,0.0528789659224441,0.0411622496879934,0.6345475910693302,0.3443900074538382,0.1698978348185344,4500000.0,2026-05-29
Jesper Karlström,Udinese,M,35.15555555555556,0.0284450063211125,0.0268623757637641,0.0268623757637641,0.5689001264222503,0.0,0.0255621152849898,0.4551201011378002,0.2233707741981398,0.1867927197548272,4000000.0,2026-05-29
Jordan Zemura,Udinese,D S,12.433333333333334,0.0,0.0266472926368342,0.0266472926368342,0.4021447721179624,0.0804289544235924,0.1021472722711416,0.96514745308311,0.1724959716660247,0.1380261257989956,5000000.0,2026-05-29
Jurgen Ekkelenkamp,Udinese,F M S,24.822222222222223,0.2014324082363473,0.1905574357585653,0.1905574357585653,1.3294538943598926,0.1208594449418084,0.1029334607848442,1.0877350044762757,0.4180830887176143,0.1560625654037444,10000000.0,2026-05-29
Keinan Davis,Udinese,F S,23.4,0.4273504273504274,0.4226553924063331,0.2925188438250468,2.1367521367521367,0.1709401709401709,0.1849446046906404,1.324786324786325,0.573730755947594,0.2207168475048155,10000000.0,2026-05-29
Kingsley Ehizibue,Udinese,D M S,20.11111111111111,0.0994475138121546,0.071256634702093,0.071256634702093,0.4475138121546961,0.0,0.0344578795526073,0.3977900552486187,0.2417059163074137,0.1403457583314147,2000000.0,2026-05-29
Lennon Miller,Udinese,M S,10.944444444444445,0.0,0.0279781365303823,0.0279781365303823,0.8223350253807107,0.182741116751269,0.1229370732597893,1.1878172588832487,0.2201163037230974,0.1138300503684481,10000000.0,2026-05-29
Maduka Okoye,Udinese,GK,29.066666666666663,0.0,0.0,0.0,0.0,0.0,0.0024550832133022,0.0688073394495412,0.0684725547662227,0.0679106922786033,10000000.0,2026-05-29
Nicolo Zaniolo,Udinese,F M S,25.64444444444445,0.1949740034662045,0.2395806841526432,0.2395806841526432,2.8076256499133447,0.2339688041594454,0.2219984974378019,1.9887348353552856,0.469527198558599,0.1344995110891307,15000000.0,2026-05-29
Nicolò Bertola,Udinese,D S,19.511111111111116,0.0,0.0510327622786605,0.0510327622786605,0.6662870159453302,0.05125284738041,0.0793924497478643,0.5637813211845102,0.229898363766568,0.1464852813211246,7000000.0,2026-05-29
Oumar Solet,Udinese,D S,32.91111111111111,0.0911546252532072,0.0880942885228794,0.0649623185110697,1.0027008777852802,0.0303848750844024,0.0698754997266196,0.638082376772451,0.326473698457659,0.2841571522882908,23000000.0,2026-05-29
Thomas Thiesson Kristensen,Udinese,D,27.57777777777778,0.1087832393231265,0.0681158174339631,0.0681158174339631,0.3988718775181305,0.0,0.0081358389294046,0.1087832393231265,0.1635872467295668,0.1484918179580346,12000000.0,2026-05-29
Abdou Harroui,Verona,F M S,10.088888888888889,0.0991189427312775,0.1163122987185937,0.0408531630633292,1.1894273127753303,0.0,0.0680555344819776,1.3876651982378856,0.3615409748409239,0.2678207580168374,1600000.0,2026-05-29
Amin Sarr,Verona,F M S,11.622222222222222,0.0,0.1391604028456981,0.1391604028456981,1.6347992351816445,0.0860420650095602,0.1179032487684351,1.2906309751434035,0.3571176887035769,0.1648221550470157,2400000.0,2026-05-29
Andrias Edmundsson,Verona,D,14.688888888888888,0.0,0.0110137306080508,0.0110137306080508,0.2723146747352496,0.0,0.0025343268816662,0.1361573373676248,0.0964530956693298,0.0865327774824605,3000000.0,2026-05-29
Antoine Bernede,Verona,M S,26.1,0.0383141762452107,0.0391162337085867,0.0391162337085867,0.8045977011494252,0.0766283524904214,0.0743537861497009,1.1111111111111112,0.2265874968691804,0.1359076015793957,3500000.0,2026-05-29
Armel Bella Kotchap,Verona,D S,14.966666666666669,0.0,0.0050930054090867,0.0050930054090867,0.2004454342984409,0.0,0.0031201605309622,0.0668151447661469,0.1611298380755634,0.1585749453784097,7000000.0,2026-05-29
Cheikh Niasse,Verona,D M S,10.811111111111112,0.0,0.0162591524556171,0.0162591524556171,0.5549845837615621,0.092497430626927,0.0549139450749292,1.0174717368961972,0.2509672110680134,0.1916678054956958,2000000.0,2026-05-29
Domagoj Bradaric,Verona,D M S,21.95555555555556,0.0,0.0274581050166581,0.0274581050166581,0.5921052631578947,0.0455465587044534,0.1363924008073956,1.2753036437246963,0.2914451430118096,0.1528823286340183,1500000.0,2026-05-29
Gift Orban,Verona,F S,22.83333333333333,0.3065693430656934,0.5361771581109858,0.4694940491042433,3.7226277372262775,0.0875912408759124,0.110818802834536,0.9197080291970804,0.6647722650128995,0.1121407143336578,7000000.0,2026-05-29
Jean-Daniel Akpa-Akpro,Verona,M S,17.011111111111113,0.0587851077726975,0.0515014660477171,0.0515014660477171,0.7642064010450685,0.0,0.0227633846289849,0.6466361854996734,0.1521843647040489,0.0905350153714632,500000.0,2026-05-29
Kieron Bowie,Verona,F,13.455555555555556,0.2972749793559042,0.304654940692085,0.304654940692085,2.4525185796862097,0.0,0.0327674124134561,0.8918249380677126,0.3803514180555755,0.0613180123358768,7000000.0,2026-05-29
Lorenzo Montipò,Verona,GK,35.0,0.0,0.0,0.0,0.0,0.0285714285714285,0.0062406641032014,0.0857142857142857,0.0625234683975577,0.0562828038686088,1200000.0,2026-05-29
Martin Frese,Verona,D S,26.988888888888887,0.0741045697818032,0.0505051033141167,0.0505051033141167,0.7780979827089338,0.0,0.1024919047072904,1.1115685467270482,0.1680477237894045,0.0620739911703991,2500000.0,2026-05-29
Nicolás Valentini,Verona,D S,15.555555555555555,0.0,0.0511162306913839,0.0511162306913839,0.9642857142857144,0.0,0.0403141820005008,0.1928571428571428,0.1944646998042506,0.1216333419882825,3000000.0,2026-05-29
Rafik Belghali,Verona,D M S,21.5,0.0930232558139534,0.1209674149231855,0.1209674149231855,0.9767441860465116,0.0,0.1027916969168324,1.302325581395349,0.3116617290259794,0.132250189131429,7000000.0,2026-05-29
Roberto Gagliardini,Verona,M S,24.57777777777778,0.0406871609403255,0.0541682295782481,0.0541682295782481,0.6103074141048824,0.0,0.0270300887434138,0.650994575045208,0.1605268987274609,0.1272873000189608,1300000.0,2026-05-29
Suat Serdar,Verona,M S,12.244444444444444,0.1633393829401089,0.218125726468185,0.218125726468185,1.5517241379310347,0.0,0.1147958806660127,0.9800362976406536,0.3736656916136777,0.1471441900002653,2800000.0,2026-05-29
Unai Núñez,Verona,D S,14.033333333333331,0.0,0.0212801181912563,0.0212801181912563,0.498812351543943,0.0,0.0108783482408013,0.3562945368171021,0.1987816115969575,0.1821531872585805,3500000.0,2026-06-05
Victor Nelsson,Verona,D S,36.84444444444444,0.0,0.0126938416652911,0.0126938416652911,0.2714113389626055,0.0,0.0014877483805931,0.0814234016887816,0.110586960564072,0.1061672943170138,6000000.0,2026-05-29
